cidade_residencial;bairro_residencial;cidade_trabalho;bairro_trabalho;;;;;
São Paulo;Sé;Não informado;Não informado;;;;;
São Paulo;Ipiranga;Não informado;Não informado;;;;;
São Paulo;Santana;Não informado;Não informado;;;;;
São Paulo;Penha;Não informado;Não informado;;;;;
São Paulo;Tatuapé;Não informado;Não informado;;;;;
São Paulo;Tatuapé;Não informado;Não informado;;;;;
São Paulo;Tucuruvi;Não informado;Não informado;;;;;
São Paulo;Jabaquara;São Paulo;Lapa;;;;;
São Paulo;Tucuruvi;Não informado;Não informado;;;;;
São Paulo;Limão;São Paulo;Casa Verde;;;;;
Ribeirão Pires;Higienópolis;São Paulo;Bela Vista;;;;;
São Paulo;Jabaquara;São Paulo;Pinheiros;;;;;
São Paulo;Tatuapé;São Paulo;República;;;;;
São Paulo;Tucuruvi;São Paulo;Santana;;;;;
São Paulo;Lapa;Não informado;Não informado;;;;;
São Paulo;Ipiranga;Não informado;Não informado;;;;;
São Paulo;Jabaquara;Não informado;Não informado;;;;;
São Paulo;Lapa;São Paulo;Bela Vista;;;;;
São Paulo;Lapa;São Paulo;Sé;;;;;
São Paulo;Consolação;Não informado;Não informado;;;;;
São Paulo;Pinheiros;São Paulo;República;;;;;
Teixeira;Bela Vista;Não informado;Não informado;;;;;
São Paulo;Consolação;São Paulo;Sé;;;;;
São Paulo;Consolação;São Paulo;República;;;;;
São Paulo;República;Não informado;Não informado;;;;;
São Paulo;Lapa;São Paulo;Jabaquara;;;;;
São Paulo;Jabaquara;São Paulo;Santana;;;;;
Mendes;República;Não informado;Não informado;;;;;
Barros de Mendes;Perdizes;São Paulo;Casa Verde;;;;;
São Paulo;Higienópolis;São Paulo;Casa Verde;;;;;
São Paulo;Limão;São Paulo;Consolação;;;;;
São Paulo;República;Não informado;Não informado;;;;;
São Paulo;Tatuapé;São Paulo;Santo Amaro;;;;;
São Paulo;Santo Amaro;Não informado;Não informado;;;;;
São Paulo;Itaquera;Não informado;Não informado;;;;;
São Paulo;Casa Verde;São Paulo;Campo Limpo;;;;;
São Paulo;República;Não informado;Não informado;;;;;
São Paulo;Limão;São Paulo;República;;;;;
São Paulo;Tucuruvi;São Paulo;Santana;;;;;
São Paulo;Itaquera;Não informado;Não informado;;;;;
São Paulo;Itaquera;São Paulo;Consolação;;;;;
São Paulo;Tatuapé;São Paulo;Higienópolis;;;;;
São Paulo;Santana;Não informado;Não informado;;;;;
São Paulo;Higienópolis;São Paulo;Sé;;;;;
São Paulo;Higienópolis;Não informado;Não informado;;;;;
São Paulo;Sé;São Paulo;Penha;;;;;
São Paulo;Santana;Não informado;Não informado;;;;;
São Paulo;Limão;São Paulo;Tucuruvi;;;;;
São Paulo;Tucuruvi;São Paulo;Higienópolis;;;;;
Freitas;Bela Vista;Não informado;Não informado;;;;;
São Paulo;Santo Amaro;São Paulo;Tucuruvi;;;;;
São Paulo;Vila Prudente;Não informado;Não informado;;;;;
São Paulo;Bela Vista;São Paulo;Sé;;;;;
São Paulo;Santo Amaro;São Paulo;Bela Vista;;;;;
São Paulo;Bela Vista;Não informado;Não informado;;;;;
São Paulo;Penha;São Paulo;Santana;;;;;
São Paulo;Vila Prudente;São Paulo;Santana;;;;;
São Paulo;Penha;São Paulo;Santana;;;;;
São Paulo;Penha;Não informado;Não informado;;;;;
São Paulo;Pinheiros;Não informado;Não informado;;;;;
São Paulo;Casa Verde;Não informado;Não informado;;;;;
São Paulo;Penha;Não informado;Não informado;;;;;
Fernandes de Duarte;República;São Paulo;Higienópolis;;;;;
São Paulo;Casa Verde;São Paulo;Higienópolis;;;;;
São Paulo;Limão;São Paulo;Consolação;;;;;
São Paulo;Lapa;Não informado;Não informado;;;;;
São Paulo;Bela Vista;Não informado;Não informado;;;;;
São Paulo;Lapa;São Paulo;República;;;;;
São Paulo;Consolação;São Paulo;Penha;;;;;
São Paulo;Jabaquara;São Paulo;Sé;;;;;
São Paulo;República;São Paulo;Bela Vista;;;;;
São Paulo;Jabaquara;São Paulo;República;;;;;
São Paulo;Perdizes;São Paulo;Consolação;;;;;
São Paulo;Tatuapé;Não informado;Não informado;;;;;
São Paulo;Santo Amaro;Não informado;Não informado;;;;;
São Paulo;Santana;São Paulo;Casa Verde;;;;;
São Paulo;Santana;São Paulo;Casa Verde;;;;;
São Paulo;Itaquera;São Paulo;Santana;;;;;
São Paulo;Campo Limpo;Não informado;Não informado;;;;;
São Paulo;Campo Limpo;São Paulo;Lapa;;;;;
Mauá;Sé;São Paulo;Consolação;;;;;
Ribeirão Pires;Casa Verde;São Paulo;Consolação;;;;;
São Paulo;Santo Amaro;São Paulo;Casa Verde;;;;;
São Paulo;Penha;São Paulo;Limão;;;;;
São Paulo;Santo Amaro;São Paulo;Limão;;;;;
Diadema;Itaquera;Não informado;Não informado;;;;;
São Paulo;Perdizes;Não informado;Não informado;;;;;
São Paulo;Pinheiros;São Paulo;Sé;;;;;
São Paulo;Santo Amaro;Não informado;Não informado;;;;;
São Paulo;Consolação;São Paulo;Consolação;;;;;
Diadema;Higienópolis;São Paulo;Limão;;;;;
Cunha;Lapa;São Paulo;Butantã;;;;;
São Paulo;Lapa;São Paulo;República;;;;;
São Paulo;Casa Verde;Não informado;Não informado;;;;;
São Paulo;Tatuapé;Não informado;Não informado;;;;;
São Paulo;Pinheiros;Não informado;Não informado;;;;;
São Paulo;Itaquera;Não informado;Não informado;;;;;
São Paulo;Vila Prudente;São Paulo;Sé;;;;;
São Paulo;Bela Vista;Não informado;Não informado;;;;;
São Paulo;Santo Amaro;São Paulo;Bela Vista;;;;;
São Paulo;Penha;Não informado;Não informado;;;;;
São Paulo;Campo Limpo;Não informado;Não informado;;;;;
São Paulo;Casa Verde;Não informado;Não informado;;;;;
São Paulo;Tucuruvi;Não informado;Não informado;;;;;
São Paulo;Tucuruvi;São Paulo;Tucuruvi;;;;;
São Paulo;Higienópolis;Não informado;Não informado;;;;;
São Paulo;Casa Verde;São Paulo;República;;;;;
São Paulo;Ipiranga;São Paulo;Casa Verde;;;;;
São Paulo;Campo Limpo;Não informado;Não informado;;;;;
São Paulo;Perdizes;São Paulo;Limão;;;;;
São Paulo;Sé;Não informado;Não informado;;;;;
São Paulo;Santo Amaro;São Paulo;Sé;;;;;
São Paulo;Campo Limpo;São Paulo;Tatuapé;;;;;
São Paulo;Penha;Não informado;Não informado;;;;;
São Paulo;Sé;São Paulo;Sé;;;;;
São Paulo;Butantã;Não informado;Não informado;;;;;
São Paulo;Tatuapé;Não informado;Não informado;;;;;
São Paulo;Bela Vista;São Paulo;Sé;;;;;
São Paulo;Consolação;São Paulo;Santana;;;;;
São Paulo;Limão;São Paulo;República;;;;;
São Paulo;Casa Verde;São Paulo;Bela Vista;;;;;
São Paulo;Santana;São Paulo;Consolação;;;;;
São Paulo;República;Não informado;Não informado;;;;;
São Paulo;Itaquera;São Paulo;Ipiranga;;;;;
São Paulo;Ipiranga;São Paulo;Penha;;;;;
Carvalho do Campo;Penha;São Paulo;Lapa;;;;;
São Paulo;Lapa;Não informado;Não informado;;;;;
São Paulo;Campo Limpo;São Paulo;República;;;;;
São Paulo;Penha;Não informado;Não informado;;;;;
São Paulo;Consolação;São Paulo;Itaquera;;;;;
São Paulo;Itaquera;Não informado;Não informado;;;;;
São Paulo;Penha;São Paulo;Sé;;;;;
São Paulo;Vila Prudente;São Paulo;Tucuruvi;;;;;
São Paulo;Vila Prudente;São Paulo;Santana;;;;;
São Paulo;Ipiranga;São Paulo;Casa Verde;;;;;
São Paulo;Tatuapé;Não informado;Não informado;;;;;
São Paulo;Butantã;Não informado;Não informado;;;;;
São Paulo;Jabaquara;São Paulo;Sé;;;;;
São Paulo;Ipiranga;São Paulo;Lapa;;;;;
São Paulo;Sé;Não informado;Não informado;;;;;
Monteiro;Higienópolis;Não informado;Não informado;;;;;
São Paulo;Vila Prudente;Não informado;Não informado;;;;;
São Paulo;Tatuapé;Não informado;Não informado;;;;;
São Paulo;República;São Paulo;Consolação;;;;;
São Paulo;Consolação;São Paulo;Limão;;;;;
São Paulo;Santo Amaro;São Paulo;Higienópolis;;;;;
São Paulo;Ipiranga;São Paulo;Sé;;;;;
São Paulo;Perdizes;São Paulo;República;;;;;
São Paulo;Higienópolis;São Paulo;Limão;;;;;
Santo André;Pinheiros;São Paulo;Consolação;;;;;
São Paulo;Vila Prudente;São Paulo;Sé;;;;;
São Paulo;Santana;São Paulo;Bela Vista;;;;;
São Paulo;Jabaquara;São Paulo;Penha;;;;;
São Paulo;Penha;São Paulo;Tucuruvi;;;;;
São Paulo;Perdizes;São Paulo;Higienópolis;;;;;
São Paulo;Itaquera;Não informado;Não informado;;;;;
São Paulo;Tucuruvi;Não informado;Não informado;;;;;
São Paulo;Jabaquara;Não informado;Não informado;;;;;
São Paulo;Santana;Não informado;Não informado;;;;;
Teixeira;Higienópolis;São Paulo;República;;;;;
São Paulo;Campo Limpo;São Paulo;Santana;;;;;
São Paulo;Pinheiros;Não informado;Não informado;;;;;
São Paulo;Santana;São Paulo;Casa Verde;;;;;
São Paulo;Pinheiros;São Paulo;Santana;;;;;
São Paulo;Butantã;São Paulo;Santo Amaro;;;;;
São Paulo;Perdizes;São Paulo;Penha;;;;;
São Paulo;Consolação;São Paulo;Sé;;;;;
São Paulo;Ipiranga;São Paulo;Sé;;;;;
Santo André;Santana;Não informado;Não informado;;;;;
São Paulo;Tatuapé;São Paulo;Sé;;;;;
São Paulo;Butantã;Não informado;Não informado;;;;;
São Paulo;Limão;Não informado;Não informado;;;;;
São Paulo;República;São Paulo;Higienópolis;;;;;
Farias;Higienópolis;São Paulo;Higienópolis;;;;;
São Paulo;Butantã;São Paulo;Higienópolis;;;;;
São Paulo;Lapa;São Paulo;Penha;;;;;
São Paulo;Perdizes;Não informado;Não informado;;;;;
São Paulo;Butantã;Não informado;Não informado;;;;;
São Paulo;Santo Amaro;São Paulo;Limão;;;;;
São Paulo;Campo Limpo;São Paulo;Consolação;;;;;
São Paulo;Casa Verde;São Paulo;República;;;;;
São Paulo;Limão;São Paulo;Higienópolis;;;;;
São Paulo;República;São Paulo;República;;;;;
São Paulo;Higienópolis;São Paulo;Tucuruvi;;;;;
São Paulo;Higienópolis;São Paulo;Consolação;;;;;
São Paulo;Consolação;Não informado;Não informado;;;;;
Ribeirão Pires;Vila Prudente;Não informado;Não informado;;;;;
São Paulo;Perdizes;São Paulo;Consolação;;;;;
São Paulo;Perdizes;São Paulo;República;;;;;
São Paulo;Vila Prudente;Não informado;Não informado;;;;;
São Paulo;Casa Verde;São Paulo;Sé;;;;;
São Paulo;Casa Verde;São Paulo;República;;;;;
São Paulo;Higienópolis;São Paulo;Higienópolis;;;;;
São Paulo;República;São Paulo;República;;;;;
São Paulo;Ipiranga;São Paulo;Limão;;;;;
São Paulo;Jabaquara;Não informado;Não informado;;;;;
São Paulo;Santo Amaro;São Paulo;Bela Vista;;;;;
São Paulo;Higienópolis;Não informado;Não informado;;;;;
São Paulo;Pinheiros;São Paulo;Tatuapé;;;;;
Rocha;Jabaquara;Não informado;Não informado;;;;;
São Paulo;Limão;São Paulo;Tatuapé;;;;;
São Paulo;Consolação;São Paulo;Sé;;;;;
São Paulo;Lapa;São Paulo;Casa Verde;;;;;
São Paulo;Pinheiros;São Paulo;Perdizes;;;;;
São Paulo;Pinheiros;São Paulo;Penha;;;;;
São Paulo;Higienópolis;São Paulo;República;;;;;
São Paulo;Consolação;São Paulo;Santana;;;;;
São Paulo;Itaquera;São Paulo;Jabaquara;;;;;
São Paulo;Tucuruvi;São Paulo;República;;;;;
São Paulo;Campo Limpo;São Paulo;Vila Prudente;;;;;
São Paulo;Casa Verde;Não informado;Não informado;;;;;
São Paulo;Vila Prudente;São Paulo;Higienópolis;;;;;
São Paulo;Penha;São Paulo;Limão;;;;;
São Paulo;Perdizes;São Paulo;Santana;;;;;
São Paulo;Pinheiros;São Paulo;República;;;;;
Diadema;Ipiranga;São Paulo;Higienópolis;;;;;
São Paulo;Casa Verde;São Paulo;Tatuapé;;;;;
São Paulo;Perdizes;São Paulo;Sé;;;;;
São Paulo;Lapa;São Paulo;Bela Vista;;;;;
São Paulo;Tucuruvi;São Paulo;Limão;;;;;
São Paulo;Itaquera;São Paulo;Santana;;;;;
São Paulo;Butantã;Não informado;Não informado;;;;;
São Paulo;Pinheiros;Não informado;Não informado;;;;;
São Paulo;República;São Paulo;Consolação;;;;;
São Paulo;Limão;São Paulo;Sé;;;;;
São Paulo;República;São Paulo;Limão;;;;;
São Paulo;Higienópolis;São Paulo;Consolação;;;;;
Moura;Perdizes;São Paulo;Limão;;;;;
São Paulo;Perdizes;Não informado;Não informado;;;;;
São Paulo;Perdizes;São Paulo;Consolação;;;;;
Barros de Minas;Tucuruvi;São Paulo;Higienópolis;;;;;
São Paulo;Perdizes;São Paulo;Consolação;;;;;
São Paulo;Santo Amaro;São Paulo;Casa Verde;;;;;
São Paulo;Penha;São Paulo;Limão;;;;;
São Paulo;Ipiranga;Não informado;Não informado;;;;;
São Paulo;Lapa;Não informado;Não informado;;;;;
São Paulo;Tatuapé;São Paulo;Limão;;;;;
São Paulo;Sé;São Paulo;Bela Vista;;;;;
São Paulo;Pinheiros;São Paulo;Sé;;;;;
São Paulo;Tucuruvi;São Paulo;Bela Vista;;;;;
São Paulo;Itaquera;São Paulo;Sé;;;;;
São Paulo;Jabaquara;Não informado;Não informado;;;;;
São Paulo;Tatuapé;São Paulo;Consolação;;;;;
São Paulo;Pinheiros;Não informado;Não informado;;;;;
São Paulo;Jabaquara;Não informado;Não informado;;;;;
São Paulo;Campo Limpo;São Paulo;Sé;;;;;
São Paulo;Pinheiros;São Paulo;Limão;;;;;
São Paulo;Consolação;Não informado;Não informado;;;;;
São Paulo;Penha;Não informado;Não informado;;;;;
São Paulo;Tucuruvi;Não informado;Não informado;;;;;
São Paulo;Tatuapé;São Paulo;Higienópolis;;;;;
São Paulo;Higienópolis;Não informado;Não informado;;;;;
São Paulo;Limão;Não informado;Não informado;;;;;
São Paulo;Penha;São Paulo;Higienópolis;;;;;
São Paulo;Santo Amaro;Não informado;Não informado;;;;;
São Paulo;Campo Limpo;Não informado;Não informado;;;;;
Nascimento de Goi√°s;Santana;São Paulo;Sé;;;;;
São Paulo;República;São Paulo;Jabaquara;;;;;
São Paulo;Higienópolis;São Paulo;Sé;;;;;
São Paulo;Sé;São Paulo;República;;;;;
São Paulo;Tucuruvi;Não informado;Não informado;;;;;
São Paulo;Vila Prudente;São Paulo;Consolação;;;;;
São Paulo;Tucuruvi;São Paulo;Sé;;;;;
São Paulo;Ipiranga;Não informado;Não informado;;;;;
São Paulo;Campo Limpo;Não informado;Não informado;;;;;
São Paulo;Consolação;Não informado;Não informado;;;;;
São Paulo;República;Não informado;Não informado;;;;;
Suzano;Higienópolis;São Paulo;Bela Vista;;;;;
São Paulo;Santo Amaro;São Paulo;Santana;;;;;
São Paulo;Penha;São Paulo;Casa Verde;;;;;
São Paulo;República;São Paulo;Pinheiros;;;;;
São Paulo;Sé;Não informado;Não informado;;;;;
São Paulo;Bela Vista;São Paulo;Sé;;;;;
São Paulo;Itaquera;São Paulo;República;;;;;
São Paulo;Jabaquara;Não informado;Não informado;;;;;
São Paulo;Lapa;Não informado;Não informado;;;;;
Rezende do Sul;Casa Verde;São Paulo;Santo Amaro;;;;;
São Paulo;Casa Verde;São Paulo;Lapa;;;;;
São Paulo;Penha;São Paulo;Santana;;;;;
Diadema;Casa Verde;São Paulo;Vila Prudente;;;;;
Ribeirão Pires;Higienópolis;Não informado;Não informado;;;;;
São Paulo;Pinheiros;São Paulo;Limão;;;;;
São Paulo;Butantã;São Paulo;Penha;;;;;
São Paulo;Vila Prudente;Não informado;Não informado;;;;;
São Paulo;Consolação;Não informado;Não informado;;;;;
São Paulo;Perdizes;São Paulo;Bela Vista;;;;;
Santos;Consolação;São Paulo;Sé;;;;;
Diadema;Limão;São Paulo;Tatuapé;;;;;
São Paulo;Campo Limpo;São Paulo;Consolação;;;;;
São Paulo;Penha;São Paulo;Casa Verde;;;;;
São Paulo;Casa Verde;São Paulo;Penha;;;;;
São Paulo;Pinheiros;Não informado;Não informado;;;;;
Rocha;Santana;São Paulo;República;;;;;
Lima de Azevedo;Campo Limpo;São Paulo;Bela Vista;;;;;
São Paulo;Higienópolis;São Paulo;República;;;;;
São Paulo;Vila Prudente;São Paulo;República;;;;;
São Paulo;Santana;São Paulo;Casa Verde;;;;;
São Paulo;Campo Limpo;São Paulo;Tucuruvi;;;;;
São Paulo;Tucuruvi;São Paulo;República;;;;;
São Paulo;Campo Limpo;Não informado;Não informado;;;;;
São Paulo;Consolação;São Paulo;Bela Vista;;;;;
São Paulo;Butantã;Não informado;Não informado;;;;;
São Paulo;Tucuruvi;Não informado;Não informado;;;;;
São Paulo;Casa Verde;São Paulo;Higienópolis;;;;;
São Paulo;Perdizes;Não informado;Não informado;;;;;
São Paulo;Limão;São Paulo;Consolação;;;;;
São Paulo;Limão;São Paulo;Bela Vista;;;;;
São Paulo;Consolação;Não informado;Não informado;;;;;
São Paulo;Consolação;São Paulo;Jabaquara;;;;;
São Paulo;Santo Amaro;São Paulo;Itaquera;;;;;
São Paulo;Pinheiros;São Paulo;Sé;;;;;
São Paulo;Higienópolis;São Paulo;Bela Vista;;;;;
São Paulo;Limão;São Paulo;Higienópolis;;;;;
São Paulo;Itaquera;Não informado;Não informado;;;;;
São Paulo;Sé;Não informado;Não informado;;;;;
São Paulo;Santo Amaro;Não informado;Não informado;;;;;
São Paulo;Ipiranga;São Paulo;Santana;;;;;
São Paulo;Limão;São Paulo;Sé;;;;;
São Paulo;Santana;Não informado;Não informado;;;;;
São Paulo;República;São Paulo;Consolação;;;;;
São Paulo;Ipiranga;São Paulo;Santana;;;;;
São Paulo;Tatuapé;Não informado;Não informado;;;;;
São Paulo;Jabaquara;São Paulo;Higienópolis;;;;;
São Paulo;Campo Limpo;São Paulo;Butantã;;;;;
São Paulo;Casa Verde;Não informado;Não informado;;;;;
São Paulo;Campo Limpo;Não informado;Não informado;;;;;
São Paulo;Pinheiros;Não informado;Não informado;;;;;
São Paulo;Higienópolis;Não informado;Não informado;;;;;
São Paulo;Penha;São Paulo;Vila Prudente;;;;;
São Paulo;Perdizes;São Paulo;Santo Amaro;;;;;
São Paulo;Higienópolis;São Paulo;Sé;;;;;
São Paulo;Santana;São Paulo;Sé;;;;;
São Paulo;Perdizes;São Paulo;Sé;;;;;
São Paulo;Ipiranga;São Paulo;Tucuruvi;;;;;
São Paulo;Consolação;São Paulo;Higienópolis;;;;;
São Paulo;Tucuruvi;São Paulo;Ipiranga;;;;;
São Paulo;Perdizes;Não informado;Não informado;;;;;
São Paulo;Bela Vista;São Paulo;Sé;;;;;
São Paulo;Bela Vista;São Paulo;Casa Verde;;;;;
São Paulo;Tatuapé;São Paulo;Consolação;;;;;
São Paulo;Santana;São Paulo;Consolação;;;;;
São Paulo;Sé;Não informado;Não informado;;;;;
São Paulo;Jabaquara;Não informado;Não informado;;;;;
São Paulo;Sé;São Paulo;Santana;;;;;
São Paulo;Itaquera;São Paulo;Sé;;;;;
São Paulo;Consolação;Não informado;Não informado;;;;;
São Paulo;Penha;Não informado;Não informado;;;;;
São Paulo;República;São Paulo;Higienópolis;;;;;
São Paulo;Butantã;São Paulo;Tucuruvi;;;;;
Nascimento;Ipiranga;Não informado;Não informado;;;;;
São Paulo;Limão;São Paulo;Sé;;;;;
São Paulo;Jabaquara;São Paulo;Pinheiros;;;;;
São Paulo;Perdizes;Não informado;Não informado;;;;;
São Paulo;Butantã;São Paulo;Casa Verde;;;;;
São Paulo;Perdizes;Não informado;Não informado;;;;;
São Paulo;Santo Amaro;São Paulo;Tucuruvi;;;;;
São Paulo;Consolação;Não informado;Não informado;;;;;
São Paulo;Ipiranga;São Paulo;Higienópolis;;;;;
São Paulo;Santana;Não informado;Não informado;;;;;
Suzano;Casa Verde;São Paulo;Butantã;;;;;
São Paulo;Itaquera;Não informado;Não informado;;;;;
São Paulo;Perdizes;Não informado;Não informado;;;;;
São Paulo;Pinheiros;São Paulo;Tatuapé;;;;;
São Paulo;Santana;Não informado;Não informado;;;;;
São Paulo;Jabaquara;São Paulo;Itaquera;;;;;
São Paulo;Vila Prudente;São Paulo;Butantã;;;;;
São Paulo;Jabaquara;Não informado;Não informado;;;;;
Martins;Tatuapé;São Paulo;Pinheiros;;;;;
São Paulo;Santana;São Paulo;República;;;;;
São Paulo;Tatuapé;São Paulo;República;;;;;
São Paulo;Vila Prudente;São Paulo;Consolação;;;;;
Martins dos Dourados;Perdizes;São Paulo;Limão;;;;;
São Paulo;Pinheiros;Não informado;Não informado;;;;;
São Paulo;Perdizes;São Paulo;Bela Vista;;;;;
São Paulo;Santo Amaro;Não informado;Não informado;;;;;
São Paulo;Santana;Não informado;Não informado;;;;;
São Paulo;Vila Prudente;São Paulo;Bela Vista;;;;;
Jesus;Sé;São Paulo;Santana;;;;;
São Paulo;Higienópolis;Não informado;Não informado;;;;;
São Paulo;Perdizes;São Paulo;Jabaquara;;;;;
São Paulo;Penha;São Paulo;Jabaquara;;;;;
São Paulo;República;São Paulo;Bela Vista;;;;;
São Paulo;Tucuruvi;São Paulo;Higienópolis;;;;;
São Paulo;Itaquera;São Paulo;Sé;;;;;
São Paulo;Santana;Não informado;Não informado;;;;;
São Paulo;Perdizes;São Paulo;Sé;;;;;
São Paulo;Higienópolis;São Paulo;Higienópolis;;;;;
São Paulo;Ipiranga;São Paulo;Higienópolis;;;;;
Santo André;Higienópolis;Não informado;Não informado;;;;;
São Paulo;Casa Verde;São Paulo;República;;;;;
São Paulo;Ipiranga;Não informado;Não informado;;;;;
São Paulo;Casa Verde;São Paulo;República;;;;;
São Paulo;Casa Verde;São Paulo;Tucuruvi;;;;;
São Paulo;Campo Limpo;São Paulo;Sé;;;;;
São Paulo;Santana;São Paulo;Sé;;;;;
São Paulo;Campo Limpo;Não informado;Não informado;;;;;
São Paulo;Itaquera;Não informado;Não informado;;;;;
São Paulo;Ipiranga;Não informado;Não informado;;;;;
Campos Grande;Butantã;São Paulo;Santana;;;;;
São Paulo;Casa Verde;Não informado;Não informado;;;;;
São Paulo;Casa Verde;Não informado;Não informado;;;;;
São Paulo;Ipiranga;São Paulo;Casa Verde;;;;;
São Paulo;Penha;Não informado;Não informado;;;;;
São Paulo;Pinheiros;São Paulo;Butantã;;;;;
São Paulo;Santana;São Paulo;República;;;;;
Nogueira;Bela Vista;Não informado;Não informado;;;;;
São Paulo;República;Não informado;Não informado;;;;;
Diadema;Centro;Não informado;Não informado;;;;;
São Paulo;Butantã;São Paulo;Tucuruvi;;;;;
Ribeirão Pires;Vila Prudente;São Paulo;Higienópolis;;;;;
São Paulo;Tucuruvi;São Paulo;Bela Vista;;;;;
São Paulo;Limão;Não informado;Não informado;;;;;
São Paulo;Casa Verde;Não informado;Não informado;;;;;
São Paulo;Vila Prudente;Não informado;Não informado;;;;;
São Paulo;Limão;São Paulo;República;;;;;
São Paulo;Tucuruvi;São Paulo;Consolação;;;;;
São Paulo;Sé;Não informado;Não informado;;;;;
São Paulo;Itaquera;São Paulo;Butantã;;;;;
São Paulo;Santo Amaro;São Paulo;Higienópolis;;;;;
São Paulo;Bela Vista;São Paulo;Higienópolis;;;;;
Ribeirão Pires;Itaquera;São Paulo;Consolação;;;;;
São Paulo;Higienópolis;Não informado;Não informado;;;;;
São Paulo;Higienópolis;São Paulo;Sé;;;;;
São Paulo;Lapa;São Paulo;Consolação;;;;;
São Paulo;Pinheiros;Não informado;Não informado;;;;;
Diadema;Centro;São Paulo;Limão;;;;;
São Paulo;Higienópolis;Não informado;Não informado;;;;;
São Paulo;Casa Verde;São Paulo;Casa Verde;;;;;
São Paulo;Jabaquara;São Paulo;Bela Vista;;;;;
São Paulo;Campo Limpo;São Paulo;Sé;;;;;
Suzano;Vila Prudente;São Paulo;República;;;;;
São Paulo;Itaquera;Não informado;Não informado;;;;;
São Paulo;Lapa;São Paulo;Limão;;;;;
São Paulo;República;São Paulo;República;;;;;
São Paulo;Campo Limpo;Não informado;Não informado;;;;;
São Paulo;Tucuruvi;São Paulo;Sé;;;;;
São Paulo;Butantã;Não informado;Não informado;;;;;
São Paulo;República;São Paulo;Sé;;;;;
São Paulo;Consolação;Não informado;Não informado;;;;;
São Paulo;Bela Vista;São Paulo;República;;;;;
São Paulo;Higienópolis;São Paulo;Santana;;;;;
São Paulo;Casa Verde;São Paulo;Lapa;;;;;
Moura;Campo Limpo;São Paulo;Butantã;;;;;
São Paulo;Tucuruvi;Não informado;Não informado;;;;;
São Paulo;Consolação;São Paulo;Tucuruvi;;;;;
São Paulo;Perdizes;São Paulo;Consolação;;;;;
São Paulo;Penha;Não informado;Não informado;;;;;
São Paulo;Consolação;São Paulo;República;;;;;
São Paulo;Jabaquara;São Paulo;Itaquera;;;;;
São Paulo;Santana;Não informado;Não informado;;;;;
São Paulo;Pinheiros;Não informado;Não informado;;;;;
São Paulo;República;São Paulo;Jabaquara;;;;;
São Paulo;Vila Prudente;Não informado;Não informado;;;;;
São Paulo;Bela Vista;Não informado;Não informado;;;;;
São Paulo;Santo Amaro;Não informado;Não informado;;;;;
São Paulo;Tatuapé;São Paulo;Higienópolis;;;;;
São Paulo;Santo Amaro;Não informado;Não informado;;;;;
São Paulo;Santana;São Paulo;Consolação;;;;;
Nogueira de Arag√£o;Itaquera;Não informado;Não informado;;;;;
São Paulo;Vila Prudente;Não informado;Não informado;;;;;
São Paulo;Consolação;Não informado;Não informado;;;;;
Osasco;Tucuruvi;Não informado;Não informado;;;;;
São Paulo;Higienópolis;São Paulo;Higienópolis;;;;;
São Paulo;Campo Limpo;São Paulo;Tatuapé;;;;;
Santo André;Itaquera;São Paulo;Vila Prudente;;;;;
São Paulo;Vila Prudente;São Paulo;República;;;;;
São Paulo;Vila Prudente;Não informado;Não informado;;;;;
São Paulo;Higienópolis;São Paulo;Higienópolis;;;;;
São Paulo;Higienópolis;Não informado;Não informado;;;;;
São Paulo;Limão;Não informado;Não informado;;;;;
São Paulo;Itaquera;São Paulo;Casa Verde;;;;;
São Paulo;Higienópolis;Não informado;Não informado;;;;;
São Paulo;Sé;São Paulo;República;;;;;
São Paulo;Higienópolis;Não informado;Não informado;;;;;
São Paulo;Tatuapé;São Paulo;Casa Verde;;;;;
São Paulo;Perdizes;São Paulo;Pinheiros;;;;;
São Paulo;Jabaquara;São Paulo;Santana;;;;;
São Paulo;Penha;Não informado;Não informado;;;;;
São Bernardo;Casa Verde;São Paulo;Itaquera;;;;;
Osasco;Itaquera;São Paulo;Consolação;;;;;
São Paulo;Higienópolis;Não informado;Não informado;;;;;
São Paulo;Higienópolis;Não informado;Não informado;;;;;
São Paulo;Sé;São Paulo;Higienópolis;;;;;
São Paulo;Penha;São Paulo;Tucuruvi;;;;;
São Paulo;Higienópolis;São Paulo;Sé;;;;;
São Paulo;Jabaquara;Não informado;Não informado;;;;;
São Paulo;Butantã;Não informado;Não informado;;;;;
São Paulo;Consolação;São Paulo;Bela Vista;;;;;
São Paulo;Perdizes;Não informado;Não informado;;;;;
São Bernardo;Ipiranga;Não informado;Não informado;;;;;
São Paulo;Pinheiros;São Paulo;Sé;;;;;
São Paulo;República;São Paulo;República;;;;;
São Paulo;Higienópolis;São Paulo;Bela Vista;;;;;
São Paulo;Higienópolis;Não informado;Não informado;;;;;
São Paulo;Campo Limpo;São Paulo;Sé;;;;;
São Paulo;Perdizes;São Paulo;Tatuapé;;;;;
Diadema;Consolação;São Paulo;Lapa;;;;;
São Paulo;Consolação;São Paulo;República;;;;;
São Paulo;Limão;São Paulo;Consolação;;;;;
São Paulo;Butantã;Não informado;Não informado;;;;;
São Paulo;Butantã;São Paulo;Higienópolis;;;;;
São Paulo;Tucuruvi;São Paulo;Bela Vista;;;;;
São Paulo;Pinheiros;Não informado;Não informado;;;;;
São Paulo;Bela Vista;São Paulo;Sé;;;;;
Diadema;Campo Limpo;Não informado;Não informado;;;;;
São Paulo;Santo Amaro;Não informado;Não informado;;;;;
São Paulo;Penha;São Paulo;Bela Vista;;;;;
São Paulo;Tatuapé;Não informado;Não informado;;;;;
São Paulo;Tatuapé;São Paulo;Bela Vista;;;;;
São Paulo;Campo Limpo;Não informado;Não informado;;;;;
São Paulo;Ipiranga;Não informado;Não informado;;;;;
São Paulo;Consolação;Não informado;Não informado;;;;;
São Paulo;Tatuapé;São Paulo;Tucuruvi;;;;;
São Paulo;Limão;São Paulo;Bela Vista;;;;;
São Paulo;Limão;São Paulo;Casa Verde;;;;;
São Paulo;Bela Vista;São Paulo;Santana;;;;;
São Paulo;Itaquera;Não informado;Não informado;;;;;
São Paulo;Jabaquara;São Paulo;Sé;;;;;
São Paulo;Itaquera;Não informado;Não informado;;;;;
São Paulo;Jabaquara;Não informado;Não informado;;;;;
São Paulo;República;Não informado;Não informado;;;;;
São Paulo;Campo Limpo;São Paulo;Higienópolis;;;;;
São Paulo;República;Não informado;Não informado;;;;;
São Paulo;Jabaquara;São Paulo;Pinheiros;;;;;
São Paulo;Consolação;São Paulo;Tatuapé;;;;;
São Paulo;Tucuruvi;São Paulo;Penha;;;;;
São Paulo;Ipiranga;São Paulo;República;;;;;
São Paulo;Casa Verde;São Paulo;República;;;;;
São Paulo;Higienópolis;São Paulo;República;;;;;
São Paulo;Bela Vista;São Paulo;Vila Prudente;;;;;
São Paulo;Santo Amaro;Não informado;Não informado;;;;;
São Paulo;Santo Amaro;Não informado;Não informado;;;;;
São Paulo;Consolação;Não informado;Não informado;;;;;
São Paulo;Ipiranga;Não informado;Não informado;;;;;
São Paulo;Campo Limpo;Não informado;Não informado;;;;;
São Paulo;Itaquera;São Paulo;Sé;;;;;
Diadema;Tatuapé;São Paulo;Higienópolis;;;;;
São Paulo;Tatuapé;Não informado;Não informado;;;;;
São Paulo;Limão;São Paulo;Casa Verde;;;;;
São Paulo;Santana;São Paulo;Limão;;;;;
São Paulo;Casa Verde;Não informado;Não informado;;;;;
São Paulo;Sé;São Paulo;Sé;;;;;
São Paulo;Santo Amaro;São Paulo;Ipiranga;;;;;
São Paulo;Santo Amaro;Não informado;Não informado;;;;;
São Paulo;Vila Prudente;São Paulo;Tucuruvi;;;;;
São Paulo;Santana;São Paulo;Bela Vista;;;;;
São Paulo;Casa Verde;Não informado;Não informado;;;;;
Lopes do Sul;República;Não informado;Não informado;;;;;
São Paulo;República;Não informado;Não informado;;;;;
São Paulo;Limão;Não informado;Não informado;;;;;
São Paulo;Tucuruvi;Não informado;Não informado;;;;;
São Paulo;Sé;São Paulo;República;;;;;
São Paulo;Limão;São Paulo;Sé;;;;;
São Paulo;República;São Paulo;Sé;;;;;
Santo André;Perdizes;São Paulo;República;;;;;
São Paulo;Vila Prudente;Não informado;Não informado;;;;;
São Paulo;Bela Vista;Não informado;Não informado;;;;;
São Paulo;Jabaquara;Não informado;Não informado;;;;;
Suzano;Pinheiros;São Paulo;Bela Vista;;;;;
São Paulo;Bela Vista;São Paulo;República;;;;;
São Paulo;Butantã;Não informado;Não informado;;;;;
Porto de Barbosa;Lapa;São Paulo;Consolação;;;;;
São Paulo;Santo Amaro;São Paulo;Consolação;;;;;
São Paulo;Campo Limpo;São Paulo;Bela Vista;;;;;
São Paulo;Higienópolis;Não informado;Não informado;;;;;
São Paulo;Campo Limpo;Não informado;Não informado;;;;;
Santo André;Sé;Não informado;Não informado;;;;;
São Paulo;Sé;Não informado;Não informado;;;;;
São Paulo;Tatuapé;São Paulo;Higienópolis;;;;;
São Paulo;Bela Vista;São Paulo;Consolação;;;;;
São Paulo;Itaquera;São Paulo;Consolação;;;;;
São Paulo;Santo Amaro;São Paulo;Ipiranga;;;;;
São Paulo;Lapa;São Paulo;Sé;;;;;
São Paulo;Perdizes;Não informado;Não informado;;;;;
São Paulo;Tucuruvi;São Paulo;Penha;;;;;
São Paulo;Santo Amaro;Não informado;Não informado;;;;;
São Paulo;Jabaquara;São Paulo;Bela Vista;;;;;
São Paulo;República;São Paulo;Tucuruvi;;;;;
São Paulo;Vila Prudente;São Paulo;Vila Prudente;;;;;
São Paulo;Consolação;São Paulo;Tucuruvi;;;;;
Pereira do Galho;Penha;Não informado;Não informado;;;;;
São Paulo;Tucuruvi;São Paulo;Higienópolis;;;;;
São Paulo;Ipiranga;Não informado;Não informado;;;;;
São Paulo;Pinheiros;Não informado;Não informado;;;;;
São Paulo;Vila Prudente;Não informado;Não informado;;;;;
São Paulo;Ipiranga;Não informado;Não informado;;;;;
São Paulo;Tatuapé;São Paulo;Consolação;;;;;
São Paulo;Itaquera;São Paulo;Limão;;;;;
São Paulo;Penha;Não informado;Não informado;;;;;
São Paulo;Santana;Não informado;Não informado;;;;;
São Paulo;Limão;São Paulo;Bela Vista;;;;;
São Paulo;Sé;Não informado;Não informado;;;;;
São Paulo;Pinheiros;Não informado;Não informado;;;;;
São Paulo;Jabaquara;São Paulo;Sé;;;;;
São Paulo;Casa Verde;São Paulo;Bela Vista;;;;;
São Paulo;Pinheiros;Não informado;Não informado;;;;;
São Paulo;Ipiranga;Não informado;Não informado;;;;;
São Paulo;Tatuapé;São Paulo;Sé;;;;;
São Paulo;Santo Amaro;Não informado;Não informado;;;;;
São Paulo;Ipiranga;Não informado;Não informado;;;;;
São Paulo;Lapa;Não informado;Não informado;;;;;
São Paulo;Pinheiros;Não informado;Não informado;;;;;
São Paulo;Tatuapé;São Paulo;Consolação;;;;;
São Paulo;Limão;Não informado;Não informado;;;;;
São Paulo;Higienópolis;São Paulo;Itaquera;;;;;
São Paulo;Ipiranga;Não informado;Não informado;;;;;
São Paulo;Tatuapé;São Paulo;Casa Verde;;;;;
São Paulo;Santana;São Paulo;Consolação;;;;;
São Paulo;Sé;São Paulo;Santo Amaro;;;;;
São Paulo;Butantã;São Paulo;Lapa;;;;;
São Paulo;Higienópolis;Não informado;Não informado;;;;;
São Paulo;Sé;São Paulo;Limão;;;;;
São Paulo;Bela Vista;Não informado;Não informado;;;;;
São Paulo;República;São Paulo;Casa Verde;;;;;
São Paulo;Sé;Não informado;Não informado;;;;;
Osasco;Pinheiros;São Paulo;Tucuruvi;;;;;
Rodrigues;Santana;Não informado;Não informado;;;;;
São Paulo;Itaquera;São Paulo;Consolação;;;;;
São Paulo;Vila Prudente;São Paulo;Casa Verde;;;;;
São Paulo;República;Não informado;Não informado;;;;;
São Paulo;República;São Paulo;Higienópolis;;;;;
São Paulo;Vila Prudente;São Paulo;Vila Prudente;;;;;
São Paulo;Jabaquara;São Paulo;Sé;;;;;
São Paulo;Santana;São Paulo;Tucuruvi;;;;;
São Paulo;Tucuruvi;São Paulo;Higienópolis;;;;;
São Paulo;Itaquera;Não informado;Não informado;;;;;
São Paulo;Tatuapé;Não informado;Não informado;;;;;
São Paulo;Pinheiros;Não informado;Não informado;;;;;
São Paulo;Bela Vista;São Paulo;República;;;;;
São Paulo;Penha;São Paulo;Consolação;;;;;
São Paulo;Itaquera;São Paulo;Limão;;;;;
São Paulo;Vila Prudente;São Paulo;Sé;;;;;
São Paulo;Santo Amaro;São Paulo;Santana;;;;;
Campos do Galho;Vila Prudente;Não informado;Não informado;;;;;
São Paulo;Ipiranga;São Paulo;Bela Vista;;;;;
São Paulo;Tucuruvi;São Paulo;Higienópolis;;;;;
São Paulo;Tucuruvi;Não informado;Não informado;;;;;
São Paulo;Consolação;São Paulo;Consolação;;;;;
São Paulo;Tatuapé;Não informado;Não informado;;;;;
São Paulo;Tatuapé;São Paulo;Sé;;;;;
São Paulo;Limão;Não informado;Não informado;;;;;
São Paulo;República;Não informado;Não informado;;;;;
São Paulo;Casa Verde;São Paulo;Santana;;;;;
São Paulo;Sé;Não informado;Não informado;;;;;
São Paulo;Santana;São Paulo;Sé;;;;;
São Paulo;Casa Verde;Não informado;Não informado;;;;;
São Paulo;Butantã;São Paulo;Santana;;;;;
Ribeiro do Amparo;Penha;Não informado;Não informado;;;;;
Diadema;Centro;Não informado;Não informado;;;;;
São Paulo;Santana;Não informado;Não informado;;;;;
São Paulo;Santo Amaro;Não informado;Não informado;;;;;
São Paulo;República;São Paulo;Casa Verde;;;;;
São Paulo;Vila Prudente;São Paulo;Higienópolis;;;;;
São Paulo;Higienópolis;São Paulo;Casa Verde;;;;;
São Paulo;Lapa;São Paulo;Jabaquara;;;;;
São Paulo;Butantã;São Paulo;República;;;;;
São Paulo;Tucuruvi;São Paulo;Penha;;;;;
São Paulo;Santo Amaro;São Paulo;Santana;;;;;
São Paulo;Itaquera;Não informado;Não informado;;;;;
São Paulo;Consolação;São Paulo;Ipiranga;;;;;
São Paulo;Vila Prudente;São Paulo;República;;;;;
Jesus;Jabaquara;São Paulo;Higienópolis;;;;;
São Paulo;Limão;Não informado;Não informado;;;;;
São Paulo;Santana;São Paulo;Lapa;;;;;
São Paulo;Campo Limpo;São Paulo;Limão;;;;;
São Paulo;Higienópolis;São Paulo;República;;;;;
São Paulo;Santana;São Paulo;Sé;;;;;
São Paulo;Sé;Não informado;Não informado;;;;;
Ferreira;Perdizes;Não informado;Não informado;;;;;
São Paulo;República;São Paulo;Santana;;;;;
São Paulo;Santana;São Paulo;Consolação;;;;;
São Paulo;Penha;São Paulo;Sé;;;;;
São Paulo;Santo Amaro;Não informado;Não informado;;;;;
São Paulo;Ipiranga;São Paulo;Bela Vista;;;;;
São Paulo;Tatuapé;São Paulo;Bela Vista;;;;;
São Paulo;Limão;São Paulo;Higienópolis;;;;;
São Paulo;Tatuapé;São Paulo;Limão;;;;;
São Paulo;Butantã;São Paulo;Limão;;;;;
São Paulo;Vila Prudente;Não informado;Não informado;;;;;
São Paulo;Vila Prudente;Não informado;Não informado;;;;;
São Paulo;Higienópolis;Não informado;Não informado;;;;;
São Paulo;Bela Vista;São Paulo;Ipiranga;;;;;
São Paulo;Vila Prudente;São Paulo;Sé;;;;;
São Paulo;Ipiranga;São Paulo;Limão;;;;;
São Paulo;Campo Limpo;São Paulo;Casa Verde;;;;;
São Paulo;Casa Verde;São Paulo;República;;;;;
São Paulo;Perdizes;Não informado;Não informado;;;;;
São Paulo;Santana;São Paulo;Santana;;;;;
São Paulo;Limão;São Paulo;Higienópolis;;;;;
São Paulo;Itaquera;Não informado;Não informado;;;;;
São Paulo;Consolação;Não informado;Não informado;;;;;
São Paulo;Sé;São Paulo;Consolação;;;;;
São Paulo;Sé;São Paulo;Consolação;;;;;
São Paulo;República;São Paulo;Limão;;;;;
São Paulo;Santo Amaro;São Paulo;Sé;;;;;
São Paulo;Bela Vista;Não informado;Não informado;;;;;
São Paulo;Vila Prudente;Não informado;Não informado;;;;;
São Paulo;Pinheiros;Não informado;Não informado;;;;;
Nunes Alegre;Vila Prudente;São Paulo;Higienópolis;;;;;
São Paulo;República;São Paulo;Consolação;;;;;
São Paulo;Itaquera;Não informado;Não informado;;;;;
São Paulo;Consolação;Não informado;Não informado;;;;;
São Paulo;Bela Vista;São Paulo;Lapa;;;;;
São Paulo;Sé;São Paulo;República;;;;;
São Paulo;Higienópolis;São Paulo;República;;;;;
São Paulo;Perdizes;São Paulo;Sé;;;;;
São Paulo;Jabaquara;São Paulo;Santana;;;;;
São Paulo;Santo Amaro;São Paulo;República;;;;;
São Paulo;Higienópolis;Não informado;Não informado;;;;;
São Paulo;Sé;São Paulo;Bela Vista;;;;;
São Paulo;Butantã;São Paulo;Sé;;;;;
São Paulo;Santo Amaro;São Paulo;Campo Limpo;;;;;
São Paulo;Perdizes;Não informado;Não informado;;;;;
São Paulo;Consolação;Não informado;Não informado;;;;;
Diadema;Centro;Não informado;Não informado;;;;;
São Paulo;Campo Limpo;Não informado;Não informado;;;;;
São Paulo;Sé;São Paulo;Consolação;;;;;
São Paulo;Consolação;São Paulo;Consolação;;;;;
São Paulo;Butantã;São Paulo;Higienópolis;;;;;
São Paulo;Campo Limpo;São Paulo;Santana;;;;;
São Paulo;República;Não informado;Não informado;;;;;
Diadema;Pinheiros;São Paulo;Sé;;;;;
Souza do Campo;Campo Limpo;São Paulo;Sé;;;;;
São Paulo;Pinheiros;São Paulo;Sé;;;;;
São Paulo;Itaquera;Não informado;Não informado;;;;;
Moraes;Itaquera;São Paulo;Butantã;;;;;
São Paulo;Campo Limpo;Não informado;Não informado;;;;;
Diadema;Vila Prudente;Não informado;Não informado;;;;;
São Paulo;Tucuruvi;São Paulo;Bela Vista;;;;;
Diadema;Centro;São Paulo;Higienópolis;;;;;
São Paulo;Lapa;Não informado;Não informado;;;;;
São Paulo;Lapa;Não informado;Não informado;;;;;
São Paulo;Pinheiros;Não informado;Não informado;;;;;
São Paulo;Jabaquara;São Paulo;Bela Vista;;;;;
São Paulo;Vila Prudente;São Paulo;Higienópolis;;;;;
São Paulo;Tatuapé;São Paulo;Santana;;;;;
São Paulo;Casa Verde;Não informado;Não informado;;;;;
São Paulo;Sé;Não informado;Não informado;;;;;
São Paulo;Higienópolis;São Paulo;Tatuapé;;;;;
São Paulo;Vila Prudente;São Paulo;Tucuruvi;;;;;
São Paulo;Butantã;São Paulo;Santana;;;;;
São Paulo;República;São Paulo;Itaquera;;;;;
São Paulo;Consolação;São Paulo;Sé;;;;;
São Paulo;Butantã;São Paulo;Bela Vista;;;;;
São Paulo;Tucuruvi;Não informado;Não informado;;;;;
São Paulo;Itaquera;Não informado;Não informado;;;;;
Suzano;Perdizes;São Paulo;Higienópolis;;;;;
São Paulo;Penha;São Paulo;República;;;;;
São Paulo;Santana;São Paulo;Consolação;;;;;
São Paulo;Sé;São Paulo;Limão;;;;;
São Paulo;Penha;Não informado;Não informado;;;;;
São Paulo;Higienópolis;Não informado;Não informado;;;;;
São Paulo;Pinheiros;São Paulo;Consolação;;;;;
São Paulo;Butantã;São Paulo;Higienópolis;;;;;
São Paulo;Campo Limpo;São Paulo;Higienópolis;;;;;
São Paulo;Tatuapé;São Paulo;Consolação;;;;;
São Paulo;Ipiranga;São Paulo;Sé;;;;;
São Paulo;Campo Limpo;São Paulo;Consolação;;;;;
São Paulo;Ipiranga;São Paulo;República;;;;;
São Paulo;Tucuruvi;Não informado;Não informado;;;;;
São Paulo;Tatuapé;São Paulo;Sé;;;;;
São Paulo;Higienópolis;Não informado;Não informado;;;;;
São Paulo;Itaquera;Não informado;Não informado;;;;;
São Paulo;Higienópolis;São Paulo;Limão;;;;;
São Paulo;Pinheiros;São Paulo;Higienópolis;;;;;
São Paulo;Vila Prudente;São Paulo;Sé;;;;;
São Paulo;Butantã;São Paulo;Bela Vista;;;;;
São Paulo;Jabaquara;São Paulo;Consolação;;;;;
São Paulo;República;São Paulo;Jabaquara;;;;;
São Paulo;Jabaquara;São Paulo;Consolação;;;;;
Lopes de Goi√°s;Campo Limpo;São Paulo;Bela Vista;;;;;
São Paulo;Santana;São Paulo;Higienópolis;;;;;
São Paulo;Consolação;São Paulo;Penha;;;;;
São Paulo;Pinheiros;São Paulo;Bela Vista;;;;;
São Paulo;Jabaquara;São Paulo;Limão;;;;;
São Paulo;Higienópolis;São Paulo;Limão;;;;;
São Paulo;Limão;Não informado;Não informado;;;;;
São Paulo;Bela Vista;Não informado;Não informado;;;;;
São Paulo;Perdizes;Não informado;Não informado;;;;;
São Paulo;Consolação;Não informado;Não informado;;;;;
São Paulo;Bela Vista;Não informado;Não informado;;;;;
São Paulo;Santana;Não informado;Não informado;;;;;
São Paulo;Santo Amaro;São Paulo;República;;;;;
São Paulo;Casa Verde;São Paulo;Penha;;;;;
São Paulo;Lapa;São Paulo;Butantã;;;;;
São Paulo;Itaquera;Não informado;Não informado;;;;;
São Paulo;Casa Verde;São Paulo;Santana;;;;;
São Paulo;Higienópolis;São Paulo;Consolação;;;;;
São Paulo;Perdizes;Não informado;Não informado;;;;;
São Paulo;Pinheiros;São Paulo;Jabaquara;;;;;
São Paulo;Perdizes;São Paulo;Tatuapé;;;;;
São Paulo;Lapa;São Paulo;Tucuruvi;;;;;
São Paulo;Casa Verde;São Paulo;Consolação;;;;;
São Paulo;Butantã;Não informado;Não informado;;;;;
São Paulo;Tatuapé;São Paulo;Consolação;;;;;
São Paulo;Campo Limpo;São Paulo;Santo Amaro;;;;;
São Paulo;Campo Limpo;São Paulo;Pinheiros;;;;;
São Paulo;Limão;Não informado;Não informado;;;;;
São Paulo;Vila Prudente;Não informado;Não informado;;;;;
São Paulo;Higienópolis;São Paulo;Consolação;;;;;
São Paulo;República;São Paulo;Sé;;;;;
São Paulo;Sé;Não informado;Não informado;;;;;
São Paulo;Tatuapé;São Paulo;Sé;;;;;
São Paulo;Santana;Não informado;Não informado;;;;;
São Paulo;Santana;Não informado;Não informado;;;;;
São Paulo;Vila Prudente;São Paulo;Bela Vista;;;;;
São Paulo;Bela Vista;Não informado;Não informado;;;;;
São Paulo;Limão;Não informado;Não informado;;;;;
São Paulo;Itaquera;Não informado;Não informado;;;;;
São Paulo;Bela Vista;São Paulo;Tucuruvi;;;;;
São Paulo;Campo Limpo;São Paulo;Santana;;;;;
São Paulo;Jabaquara;São Paulo;Higienópolis;;;;;
São Paulo;Butantã;São Paulo;Higienópolis;;;;;
São Paulo;Pinheiros;Não informado;Não informado;;;;;
São Paulo;República;São Paulo;Pinheiros;;;;;
São Paulo;Higienópolis;Não informado;Não informado;;;;;
São Paulo;Butantã;São Paulo;Sé;;;;;
São Paulo;República;São Paulo;Higienópolis;;;;;
São Paulo;Bela Vista;São Paulo;Consolação;;;;;
São Paulo;Lapa;São Paulo;Higienópolis;;;;;
São Paulo;Higienópolis;Não informado;Não informado;;;;;
Ribeirão Pires;Lapa;São Paulo;Vila Prudente;;;;;
São Paulo;Santana;Não informado;Não informado;;;;;
São Paulo;Campo Limpo;Não informado;Não informado;;;;;
Diadema;Pinheiros;São Paulo;Higienópolis;;;;;
São Paulo;Higienópolis;São Paulo;Consolação;;;;;
Silveira do Norte;Santo Amaro;Não informado;Não informado;;;;;
São Paulo;Lapa;São Paulo;Sé;;;;;
Rezende;República;Não informado;Não informado;;;;;
São Paulo;República;São Paulo;Tucuruvi;;;;;
São Paulo;Perdizes;Não informado;Não informado;;;;;
São Paulo;Bela Vista;São Paulo;Vila Prudente;;;;;
São Paulo;Itaquera;São Paulo;Consolação;;;;;
São Paulo;Penha;Não informado;Não informado;;;;;
São Paulo;Higienópolis;São Paulo;Casa Verde;;;;;
São Paulo;Higienópolis;São Paulo;Itaquera;;;;;
São Paulo;República;São Paulo;Consolação;;;;;
São Paulo;Limão;Não informado;Não informado;;;;;
São Paulo;Itaquera;Não informado;Não informado;;;;;
São Paulo;Pinheiros;São Paulo;Bela Vista;;;;;
São Paulo;Vila Prudente;Não informado;Não informado;;;;;
São Paulo;Lapa;Não informado;Não informado;;;;;
São Caetano;Vila Prudente;São Paulo;Vila Prudente;;;;;
São Paulo;Vila Prudente;São Paulo;República;;;;;
São Paulo;Penha;Não informado;Não informado;;;;;
São Paulo;Tatuapé;São Paulo;Bela Vista;;;;;
São Paulo;Tatuapé;São Paulo;Bela Vista;;;;;
São Paulo;Pinheiros;Não informado;Não informado;;;;;
São Paulo;Penha;São Paulo;Santana;;;;;
São Paulo;Higienópolis;São Paulo;Perdizes;;;;;
São Paulo;Pinheiros;Não informado;Não informado;;;;;
São Paulo;Perdizes;São Paulo;República;;;;;
São Paulo;Consolação;São Paulo;Casa Verde;;;;;
São Paulo;República;São Paulo;Vila Prudente;;;;;
São Paulo;Santana;São Paulo;Sé;;;;;
São Paulo;Tucuruvi;São Paulo;Consolação;;;;;
Lima;Sé;São Paulo;Consolação;;;;;
Ribeirão Pires;Bela Vista;São Paulo;Bela Vista;;;;;
São Paulo;Santo Amaro;São Paulo;Bela Vista;;;;;
São Paulo;Sé;Não informado;Não informado;;;;;
São Paulo;Sé;Não informado;Não informado;;;;;
São Paulo;Consolação;São Paulo;Consolação;;;;;
São Paulo;Perdizes;Não informado;Não informado;;;;;
São Paulo;Limão;Não informado;Não informado;;;;;
São Paulo;Itaquera;São Paulo;Higienópolis;;;;;
São Paulo;Pinheiros;Não informado;Não informado;;;;;
São Paulo;Lapa;São Paulo;Itaquera;;;;;
São Paulo;Sé;São Paulo;República;;;;;
São Paulo;Santo Amaro;São Paulo;Higienópolis;;;;;
São Paulo;Ipiranga;Não informado;Não informado;;;;;
São Paulo;Lapa;São Paulo;Lapa;;;;;
São Paulo;Ipiranga;São Paulo;Limão;;;;;
São Paulo;Ipiranga;São Paulo;Casa Verde;;;;;
São Paulo;Pinheiros;São Paulo;Consolação;;;;;
São Paulo;Bela Vista;Não informado;Não informado;;;;;
São Paulo;Butantã;São Paulo;Pinheiros;;;;;
Diadema;Pinheiros;Não informado;Não informado;;;;;
São Paulo;Pinheiros;São Paulo;República;;;;;
Ribeirão Pires;República;São Paulo;Consolação;;;;;
São Paulo;Tucuruvi;São Paulo;Consolação;;;;;
São Paulo;Bela Vista;Não informado;Não informado;;;;;
São Paulo;República;São Paulo;Santo Amaro;;;;;
São Paulo;Higienópolis;São Paulo;Sé;;;;;
São Paulo;Limão;Não informado;Não informado;;;;;
São Paulo;Casa Verde;São Paulo;Consolação;;;;;
São Paulo;Sé;São Paulo;Butantã;;;;;
São Paulo;Santana;São Paulo;Consolação;;;;;
São Paulo;Limão;Não informado;Não informado;;;;;
São Paulo;Higienópolis;São Paulo;Sé;;;;;
São Paulo;Higienópolis;São Paulo;República;;;;;
São Paulo;Perdizes;Não informado;Não informado;;;;;
São Paulo;Casa Verde;São Paulo;Sé;;;;;
São Paulo;Bela Vista;São Paulo;Consolação;;;;;
São Paulo;Pinheiros;Não informado;Não informado;;;;;
São Paulo;Higienópolis;São Paulo;Sé;;;;;
São Paulo;Bela Vista;São Paulo;Consolação;;;;;
São Paulo;Tatuapé;São Paulo;Limão;;;;;
São Paulo;Santana;São Paulo;Sé;;;;;
São Paulo;Santo Amaro;Não informado;Não informado;;;;;
São Paulo;Pinheiros;Não informado;Não informado;;;;;
São Paulo;Penha;Não informado;Não informado;;;;;
São Paulo;Pinheiros;São Paulo;Bela Vista;;;;;
São Paulo;Lapa;São Paulo;Sé;;;;;
São Paulo;Vila Prudente;Não informado;Não informado;;;;;
São Paulo;Higienópolis;São Paulo;Limão;;;;;
São Paulo;República;Não informado;Não informado;;;;;
São Paulo;Higienópolis;São Paulo;Sé;;;;;
São Paulo;Campo Limpo;São Paulo;República;;;;;
Mendes;Santana;São Paulo;República;;;;;
Vieira do Sul;Campo Limpo;São Paulo;Vila Prudente;;;;;
São Paulo;Itaquera;São Paulo;Limão;;;;;
São Paulo;Tatuapé;São Paulo;Bela Vista;;;;;
São Paulo;Sé;Não informado;Não informado;;;;;
São Paulo;Butantã;São Paulo;Limão;;;;;
São Paulo;Butantã;Não informado;Não informado;;;;;
São Paulo;Limão;Não informado;Não informado;;;;;
São Paulo;Limão;São Paulo;Sé;;;;;
São Paulo;Santana;Não informado;Não informado;;;;;
São Paulo;Lapa;Não informado;Não informado;;;;;
São Paulo;Sé;Não informado;Não informado;;;;;
São Paulo;Perdizes;Não informado;Não informado;;;;;
São Paulo;Tucuruvi;Não informado;Não informado;;;;;
São Paulo;Ipiranga;Não informado;Não informado;;;;;
São Paulo;Itaquera;São Paulo;Sé;;;;;
São Paulo;Santo Amaro;Não informado;Não informado;;;;;
Barbosa do Amparo;Sé;São Paulo;Santana;;;;;
São Paulo;Jabaquara;São Paulo;Sé;;;;;
Diadema;Casa Verde;São Paulo;República;;;;;
São Paulo;Higienópolis;Não informado;Não informado;;;;;
Martins;Santo Amaro;São Paulo;Lapa;;;;;
São Paulo;Santana;São Paulo;Consolação;;;;;
São Paulo;Vila Prudente;Não informado;Não informado;;;;;
São Paulo;Bela Vista;São Paulo;Tucuruvi;;;;;
São Paulo;Penha;São Paulo;Tucuruvi;;;;;
São Caetano;Perdizes;São Paulo;Pinheiros;;;;;
São Paulo;Penha;Não informado;Não informado;;;;;
São Paulo;Itaquera;Não informado;Não informado;;;;;
São Paulo;Butantã;Não informado;Não informado;;;;;
São Paulo;Limão;Não informado;Não informado;;;;;
São Paulo;Tucuruvi;São Paulo;Bela Vista;;;;;
São Paulo;Pinheiros;Não informado;Não informado;;;;;
São Paulo;Limão;Não informado;Não informado;;;;;
São Paulo;Limão;Não informado;Não informado;;;;;
São Paulo;República;São Paulo;Penha;;;;;
São Paulo;Santana;Não informado;Não informado;;;;;
São Paulo;Higienópolis;Não informado;Não informado;;;;;
São Paulo;Tatuapé;Não informado;Não informado;;;;;
São Paulo;Itaquera;Não informado;Não informado;;;;;
São Paulo;Santana;Não informado;Não informado;;;;;
São Paulo;Lapa;Não informado;Não informado;;;;;
Diadema;Consolação;São Paulo;Sé;;;;;
São Paulo;Itaquera;São Paulo;República;;;;;
São Paulo;Casa Verde;São Paulo;Bela Vista;;;;;
Diadema;Penha;Não informado;Não informado;;;;;
São Paulo;Tatuapé;São Paulo;Higienópolis;;;;;
São Paulo;Higienópolis;São Paulo;Higienópolis;;;;;
São Paulo;Campo Limpo;Não informado;Não informado;;;;;
São Paulo;Tatuapé;Não informado;Não informado;;;;;
Ribeirão Pires;Consolação;São Paulo;Limão;;;;;
São Paulo;Ipiranga;Não informado;Não informado;;;;;
Santo André;Casa Verde;Não informado;Não informado;;;;;
São Paulo;Limão;São Paulo;Santana;;;;;
São Paulo;Ipiranga;São Paulo;Higienópolis;;;;;
São Paulo;Penha;São Paulo;Limão;;;;;
São Paulo;Consolação;Não informado;Não informado;;;;;
São Paulo;Sé;São Paulo;Vila Prudente;;;;;
São Paulo;Tucuruvi;São Paulo;Higienópolis;;;;;
São Paulo;Itaquera;Não informado;Não informado;;;;;
São Paulo;Limão;Não informado;Não informado;;;;;
São Paulo;Campo Limpo;São Paulo;Penha;;;;;
São Paulo;Itaquera;São Paulo;Casa Verde;;;;;
São Paulo;Ipiranga;Não informado;Não informado;;;;;
São Paulo;Higienópolis;Não informado;Não informado;;;;;
São Paulo;Santo Amaro;São Paulo;Tucuruvi;;;;;
Diadema;Ipiranga;São Paulo;Campo Limpo;;;;;
São Paulo;Ipiranga;Não informado;Não informado;;;;;
São Paulo;Bela Vista;São Paulo;Limão;;;;;
São Paulo;Tatuapé;São Paulo;República;;;;;
São Paulo;Bela Vista;São Paulo;República;;;;;
São Paulo;Tucuruvi;São Paulo;Campo Limpo;;;;;
Osasco;Sé;Não informado;Não informado;;;;;
São Paulo;Tucuruvi;São Paulo;Consolação;;;;;
São Paulo;Santo Amaro;São Paulo;República;;;;;
Rio Grande da Serra;Jabaquara;São Paulo;Sé;;;;;
São Paulo;Lapa;Não informado;Não informado;;;;;
São Paulo;República;São Paulo;Tatuapé;;;;;
São Paulo;Lapa;Não informado;Não informado;;;;;
São Paulo;Campo Limpo;São Paulo;Itaquera;;;;;
São Paulo;Sé;São Paulo;Bela Vista;;;;;
São Paulo;Consolação;Não informado;Não informado;;;;;
São Paulo;Butantã;São Paulo;Bela Vista;;;;;
São Paulo;Tatuapé;Não informado;Não informado;;;;;
São Paulo;Sé;São Paulo;Itaquera;;;;;
São Paulo;Butantã;São Paulo;Campo Limpo;;;;;
Ribeirão Pires;Penha;São Paulo;Itaquera;;;;;
São Paulo;Perdizes;Não informado;Não informado;;;;;
Ribeiro;Perdizes;São Paulo;Lapa;;;;;
São Paulo;Lapa;Não informado;Não informado;;;;;
São Paulo;Santana;São Paulo;Limão;;;;;
São Paulo;Santana;Não informado;Não informado;;;;;
São Paulo;República;São Paulo;Bela Vista;;;;;
Nascimento;Lapa;São Paulo;Sé;;;;;
São Paulo;Tucuruvi;São Paulo;Bela Vista;;;;;
São Paulo;Perdizes;São Paulo;Consolação;;;;;
São Paulo;Perdizes;São Paulo;Bela Vista;;;;;
São Paulo;Tatuapé;Não informado;Não informado;;;;;
Diadema;Ipiranga;São Paulo;Santana;;;;;
São Paulo;Itaquera;Não informado;Não informado;;;;;
Barros dos Dourados;Santo Amaro;São Paulo;Santana;;;;;
São Paulo;Casa Verde;Não informado;Não informado;;;;;
São Paulo;Tucuruvi;São Paulo;Tatuapé;;;;;
São Paulo;Pinheiros;São Paulo;Higienópolis;;;;;
São Paulo;República;São Paulo;Higienópolis;;;;;
São Paulo;Jabaquara;São Paulo;República;;;;;
São Paulo;República;São Paulo;Jabaquara;;;;;
São Paulo;Penha;Não informado;Não informado;;;;;
São Paulo;Santo Amaro;Não informado;Não informado;;;;;
São Paulo;Pinheiros;São Paulo;Consolação;;;;;
São Paulo;Vila Prudente;São Paulo;Pinheiros;;;;;
São Paulo;Vila Prudente;São Paulo;Bela Vista;;;;;
São Paulo;Itaquera;Não informado;Não informado;;;;;
São Paulo;Santo Amaro;Não informado;Não informado;;;;;
São Paulo;Lapa;Não informado;Não informado;;;;;
Ribeirão Pires;Casa Verde;São Paulo;República;;;;;
São Paulo;Limão;Não informado;Não informado;;;;;
São Paulo;Jabaquara;São Paulo;Sé;;;;;
São Paulo;República;São Paulo;República;;;;;
São Paulo;Santana;Não informado;Não informado;;;;;
Freitas;Limão;São Paulo;Penha;;;;;
São Paulo;Sé;São Paulo;República;;;;;
São Paulo;Butantã;Não informado;Não informado;;;;;
São Paulo;Santana;São Paulo;Consolação;;;;;
São Paulo;Ipiranga;Não informado;Não informado;;;;;
São Paulo;Perdizes;São Paulo;Consolação;;;;;
São Paulo;Ipiranga;Não informado;Não informado;;;;;
São Paulo;Tatuapé;Não informado;Não informado;;;;;
São Paulo;Santo Amaro;São Paulo;Higienópolis;;;;;
São Paulo;Higienópolis;Não informado;Não informado;;;;;
São Paulo;Santo Amaro;São Paulo;Perdizes;;;;;
São Paulo;Limão;Não informado;Não informado;;;;;
São Paulo;Santana;Não informado;Não informado;;;;;
São Paulo;Itaquera;Não informado;Não informado;;;;;
São Paulo;Penha;Não informado;Não informado;;;;;
São Paulo;Santana;Não informado;Não informado;;;;;
São Paulo;Vila Prudente;São Paulo;Higienópolis;;;;;
São Paulo;Santo Amaro;São Paulo;Consolação;;;;;
São Paulo;Butantã;São Paulo;Consolação;;;;;
São Paulo;Casa Verde;Não informado;Não informado;;;;;
São Paulo;Bela Vista;São Paulo;Penha;;;;;
São Paulo;Sé;São Paulo;República;;;;;
São Paulo;Itaquera;São Paulo;Santana;;;;;
Nunes;Ipiranga;São Paulo;Tatuapé;;;;;
São Paulo;Campo Limpo;São Paulo;Vila Prudente;;;;;
São Paulo;Pinheiros;Não informado;Não informado;;;;;
São Paulo;Perdizes;São Paulo;Consolação;;;;;
São Paulo;Penha;São Paulo;Consolação;;;;;
São Paulo;Itaquera;Não informado;Não informado;;;;;
São Paulo;Casa Verde;São Paulo;Consolação;;;;;
São Paulo;Vila Prudente;Não informado;Não informado;;;;;
São Paulo;Consolação;São Paulo;Higienópolis;;;;;
São Paulo;Bela Vista;Não informado;Não informado;;;;;
São Paulo;Pinheiros;São Paulo;Higienópolis;;;;;
São Paulo;Pinheiros;Não informado;Não informado;;;;;
São Paulo;Campo Limpo;São Paulo;Bela Vista;;;;;
São Paulo;Limão;Não informado;Não informado;;;;;
São Paulo;Vila Prudente;São Paulo;Casa Verde;;;;;
São Paulo;Sé;São Paulo;Limão;;;;;
São Paulo;Pinheiros;São Paulo;Sé;;;;;
São Paulo;Bela Vista;São Paulo;República;;;;;
Nascimento;Sé;São Paulo;Sé;;;;;
São Paulo;Casa Verde;São Paulo;Sé;;;;;
São Paulo;Santo Amaro;Não informado;Não informado;;;;;
São Paulo;Campo Limpo;São Paulo;Tatuapé;;;;;
São Paulo;Sé;São Paulo;Bela Vista;;;;;
São Paulo;Sé;São Paulo;República;;;;;
São Paulo;Tucuruvi;Não informado;Não informado;;;;;
São Paulo;Itaquera;Não informado;Não informado;;;;;
São Paulo;Higienópolis;São Paulo;Pinheiros;;;;;
São Paulo;Consolação;Não informado;Não informado;;;;;
São Paulo;Tucuruvi;São Paulo;Vila Prudente;;;;;
São Paulo;Tucuruvi;São Paulo;Consolação;;;;;
São Paulo;Lapa;Não informado;Não informado;;;;;
São Paulo;Casa Verde;Não informado;Não informado;;;;;
São Paulo;Consolação;São Paulo;Vila Prudente;;;;;
São Paulo;Vila Prudente;Não informado;Não informado;;;;;
Barbosa;Limão;Não informado;Não informado;;;;;
São Paulo;Perdizes;São Paulo;República;;;;;
São Paulo;Bela Vista;São Paulo;Consolação;;;;;
São Paulo;Perdizes;São Paulo;República;;;;;
São Paulo;Perdizes;Não informado;Não informado;;;;;
São Paulo;Sé;São Paulo;Santana;;;;;
São Paulo;Itaquera;Não informado;Não informado;;;;;
São Paulo;República;São Paulo;Tucuruvi;;;;;
São Paulo;Ipiranga;São Paulo;Santana;;;;;
São Paulo;República;São Paulo;Bela Vista;;;;;
São Paulo;Bela Vista;Não informado;Não informado;;;;;
Itapevi;Tatuapé;Não informado;Não informado;;;;;
São Paulo;Tatuapé;São Paulo;República;;;;;
São Paulo;Jabaquara;São Paulo;Higienópolis;;;;;
São Paulo;Pinheiros;São Paulo;Perdizes;;;;;
São Paulo;Tucuruvi;São Paulo;Bela Vista;;;;;
São Paulo;Itaquera;São Paulo;Higienópolis;;;;;
São Paulo;Itaquera;São Paulo;Jabaquara;;;;;
São Paulo;Butantã;São Paulo;Sé;;;;;
São Paulo;Vila Prudente;São Paulo;Lapa;;;;;
São Paulo;Bela Vista;São Paulo;República;;;;;
São Paulo;Consolação;Não informado;Não informado;;;;;
São Paulo;Higienópolis;São Paulo;República;;;;;
São Paulo;Penha;São Paulo;Bela Vista;;;;;
São Paulo;Sé;São Paulo;Consolação;;;;;
São Paulo;Campo Limpo;Não informado;Não informado;;;;;
São Paulo;Ipiranga;Não informado;Não informado;;;;;
São Paulo;Tatuapé;São Paulo;Consolação;;;;;
São Bernardo;Santo Amaro;São Paulo;Higienópolis;;;;;
São Paulo;Bela Vista;São Paulo;Higienópolis;;;;;
São Paulo;Limão;Não informado;Não informado;;;;;
Diadema;Sé;Não informado;Não informado;;;;;
São Paulo;Lapa;São Paulo;Higienópolis;;;;;
São Paulo;Campo Limpo;São Paulo;Higienópolis;;;;;
São Paulo;Tatuapé;São Paulo;República;;;;;
São Paulo;Pinheiros;São Paulo;Limão;;;;;
São Paulo;Lapa;São Paulo;República;;;;;
São Paulo;Santo Amaro;São Paulo;República;;;;;
São Paulo;Tatuapé;Não informado;Não informado;;;;;
São Paulo;Santo Amaro;São Paulo;Tucuruvi;;;;;
São Paulo;Santo Amaro;Não informado;Não informado;;;;;
São Paulo;Tatuapé;Não informado;Não informado;;;;;
São Paulo;Pinheiros;São Paulo;República;;;;;
São Paulo;Vila Prudente;São Paulo;Higienópolis;;;;;
São Paulo;Ipiranga;São Paulo;República;;;;;
São Paulo;Bela Vista;Não informado;Não informado;;;;;
São Paulo;Tucuruvi;Não informado;Não informado;;;;;
São Paulo;Santo Amaro;Não informado;Não informado;;;;;
São Paulo;Campo Limpo;Não informado;Não informado;;;;;
São Paulo;Perdizes;São Paulo;Ipiranga;;;;;
São Paulo;Butantã;Não informado;Não informado;;;;;
São Paulo;Santana;São Paulo;Bela Vista;;;;;
São Paulo;Santana;São Paulo;Tucuruvi;;;;;
São Paulo;Jabaquara;São Paulo;Tucuruvi;;;;;
São Paulo;República;São Paulo;Sé;;;;;
São Paulo;Pinheiros;São Paulo;Santana;;;;;
São Paulo;Ipiranga;Não informado;Não informado;;;;;
São Paulo;Santo Amaro;Não informado;Não informado;;;;;
São Paulo;Campo Limpo;Não informado;Não informado;;;;;
São Paulo;Lapa;São Paulo;Consolação;;;;;
São Paulo;Perdizes;São Paulo;Casa Verde;;;;;
São Paulo;Tucuruvi;São Paulo;Bela Vista;;;;;
São Paulo;Ipiranga;São Paulo;Sé;;;;;
São Paulo;República;São Paulo;Consolação;;;;;
São Paulo;Ipiranga;Não informado;Não informado;;;;;
São Paulo;Limão;São Paulo;Higienópolis;;;;;
São Paulo;Santana;Não informado;Não informado;;;;;
Osasco;Limão;São Paulo;Consolação;;;;;Osasco
São Paulo;Casa Verde;São Paulo;Sé;;;;;
São Paulo;República;São Paulo;Higienópolis;;;;;
São Paulo;Perdizes;Não informado;Não informado;;;;;
São Paulo;Itaquera;São Paulo;República;;;;;
São Paulo;Santana;São Paulo;Higienópolis;;;;;
Farias Verde;Jabaquara;São Paulo;Tucuruvi;;;;;
São Paulo;Tatuapé;Não informado;Não informado;;;;;
São Paulo;Santana;São Paulo;Sé;;;;;
São Paulo;Tatuapé;São Paulo;República;;;;;
São Paulo;Vila Prudente;São Paulo;Consolação;;;;;
São Paulo;Tatuapé;Não informado;Não informado;;;;;
São Paulo;Limão;São Paulo;República;;;;;
Correia;Campo Limpo;São Paulo;Perdizes;;;;;
São Paulo;República;São Paulo;Limão;;;;;
São Paulo;Lapa;São Paulo;Casa Verde;;;;;
Diadema;Jabaquara;Não informado;Não informado;;;;;
São Paulo;Bela Vista;São Paulo;Limão;;;;;
São Paulo;Lapa;São Paulo;Higienópolis;;;;;
São Paulo;República;Não informado;Não informado;;;;;
São Paulo;República;São Paulo;Consolação;;;;;
São Paulo;Itaquera;São Paulo;Casa Verde;;;;;
São Paulo;Vila Prudente;São Paulo;Sé;;;;;
São Paulo;Higienópolis;São Paulo;República;;;;;
São Paulo;Itaquera;Não informado;Não informado;;;;;
Diadema;Centro;Não informado;Não informado;;;;;
São Paulo;Tucuruvi;São Paulo;Sé;;;;;
São Paulo;Sé;Não informado;Não informado;;;;;
São Paulo;República;Não informado;Não informado;;;;;
São Paulo;Santo Amaro;São Paulo;Penha;;;;;
Barros de Goi√°s;República;Não informado;Não informado;;;;;
São Paulo;Casa Verde;São Paulo;Higienópolis;;;;;
São Paulo;Santana;São Paulo;Higienópolis;;;;;
São Paulo;Tatuapé;São Paulo;República;;;;;
São Paulo;Higienópolis;Não informado;Não informado;;;;;
São Paulo;República;São Paulo;Sé;;;;;
São Paulo;Perdizes;São Paulo;República;;;;;
São Paulo;Lapa;São Paulo;Consolação;;;;;
São Paulo;Butantã;São Paulo;Consolação;;;;;
São Paulo;Limão;Não informado;Não informado;;;;;
São Paulo;Tucuruvi;Não informado;Não informado;;;;;
São Paulo;Tucuruvi;Não informado;Não informado;;;;;
São Paulo;Jabaquara;São Paulo;Higienópolis;;;;;
São Paulo;Jabaquara;Não informado;Não informado;;;;;
São Paulo;Bela Vista;Não informado;Não informado;;;;;
São Paulo;Santo Amaro;São Paulo;Jabaquara;;;;;
São Paulo;Penha;São Paulo;Santana;;;;;
São Paulo;Santana;Não informado;Não informado;;;;;
São Paulo;Tucuruvi;São Paulo;Perdizes;;;;;
São Paulo;Pinheiros;Não informado;Não informado;;;;;
São Paulo;Casa Verde;São Paulo;Sé;;;;;
Osasco;Limão;São Paulo;Higienópolis;;;;;
São Paulo;Sé;São Paulo;Higienópolis;;;;;
São Paulo;Higienópolis;São Paulo;Butantã;;;;;
São Paulo;Lapa;São Paulo;Limão;;;;;
São Paulo;Campo Limpo;Não informado;Não informado;;;;;
São Paulo;Limão;Não informado;Não informado;;;;;
São Paulo;Casa Verde;São Paulo;Sé;;;;;
São Paulo;Butantã;São Paulo;Tatuapé;;;;;
São Paulo;Consolação;São Paulo;Limão;;;;;
Ribeirão Pires;Tucuruvi;São Paulo;República;;;;;
São Paulo;Casa Verde;São Paulo;Casa Verde;;;;;
São Paulo;Pinheiros;Não informado;Não informado;;;;;
São Paulo;Butantã;São Paulo;Itaquera;;;;;
São Paulo;Perdizes;São Paulo;República;;;;;
Diadema;Itaquera;São Paulo;República;;;;;
São Paulo;República;São Paulo;Higienópolis;;;;;
São Paulo;Higienópolis;Não informado;Não informado;;;;;
São Paulo;Consolação;São Paulo;República;;;;;
São Paulo;Casa Verde;Não informado;Não informado;;;;;
São Paulo;Ipiranga;São Paulo;Limão;;;;;
São Paulo;Casa Verde;São Paulo;Consolação;;;;;
São Paulo;Pinheiros;São Paulo;Itaquera;;;;;
São Paulo;Consolação;São Paulo;Higienópolis;;;;;
São Paulo;Higienópolis;São Paulo;República;;;;;
São Paulo;Higienópolis;Não informado;Não informado;;;;;
São Paulo;Lapa;São Paulo;Higienópolis;;;;;
São Paulo;Tucuruvi;São Paulo;Tucuruvi;;;;;
São Paulo;Vila Prudente;São Paulo;Ipiranga;;;;;
São Paulo;Penha;São Paulo;República;;;;;
Diadema;Perdizes;São Paulo;Bela Vista;;;;;
São Paulo;Santana;São Paulo;Pinheiros;;;;;
São Paulo;Campo Limpo;São Paulo;República;;;;;
São Paulo;Santana;São Paulo;Vila Prudente;;;;;
São Paulo;Santana;São Paulo;Bela Vista;;;;;
São Paulo;Vila Prudente;Não informado;Não informado;;;;;
São Paulo;Campo Limpo;São Paulo;República;;;;;
São Paulo;Ipiranga;São Paulo;Limão;;;;;
São Paulo;Perdizes;São Paulo;Bela Vista;;;;;
São Paulo;Tatuapé;Não informado;Não informado;;;;;
São Paulo;Lapa;São Paulo;Santana;;;;;
São Paulo;Santo Amaro;Não informado;Não informado;;;;;
São Paulo;Santana;Não informado;Não informado;;;;;
São Paulo;Bela Vista;São Paulo;Bela Vista;;;;;
São Paulo;Vila Prudente;São Paulo;Consolação;;;;;
Diadema;Centro;Não informado;Não informado;;;;;
São Paulo;Perdizes;Não informado;Não informado;;;;;
Nascimento;Campo Limpo;São Paulo;Consolação;;;;;
São Paulo;Lapa;São Paulo;Limão;;;;;
São Paulo;Consolação;São Paulo;Consolação;;;;;
São Paulo;Butantã;Não informado;Não informado;;;;;
São Paulo;Lapa;São Paulo;República;;;;;
São Paulo;Tatuapé;São Paulo;Consolação;;;;;
São Paulo;Tatuapé;São Paulo;República;;;;;
São Paulo;Sé;Não informado;Não informado;;;;;
São Paulo;Pinheiros;São Paulo;Limão;;;;;
São Paulo;Campo Limpo;Não informado;Não informado;;;;;
São Paulo;Casa Verde;São Paulo;Tucuruvi;;;;;
São Paulo;Higienópolis;São Paulo;Higienópolis;;;;;
São Paulo;Santo Amaro;São Paulo;Sé;;;;;
São Paulo;Casa Verde;São Paulo;Consolação;;;;;
São Paulo;Tatuapé;São Paulo;Bela Vista;;;;;
São Paulo;Pinheiros;Não informado;Não informado;;;;;
São Paulo;Lapa;Não informado;Não informado;;;;;
São Paulo;Casa Verde;Não informado;Não informado;;;;;
São Paulo;República;São Paulo;Bela Vista;;;;;
São Paulo;Tucuruvi;São Paulo;Higienópolis;;;;;
São Paulo;Tatuapé;São Paulo;Consolação;;;;;
São Paulo;Casa Verde;Não informado;Não informado;;;;;
São Paulo;Campo Limpo;São Paulo;República;;;;;
Pires de Minas;Lapa;São Paulo;Bela Vista;;;;;
São Paulo;Tucuruvi;Não informado;Não informado;;;;;
São Paulo;Santo Amaro;Não informado;Não informado;;;;;
São Paulo;Santana;São Paulo;República;;;;;
São Paulo;Higienópolis;Não informado;Não informado;;;;;
São Paulo;Campo Limpo;São Paulo;República;;;;;
São Paulo;Higienópolis;Não informado;Não informado;;;;;
Santos;República;Não informado;Não informado;;;;;
São Paulo;Santana;São Paulo;Consolação;;;;;
São Paulo;Lapa;Não informado;Não informado;;;;;
São Paulo;Higienópolis;São Paulo;Santana;;;;;
São Paulo;Vila Prudente;São Paulo;Sé;;;;;
São Paulo;Lapa;Não informado;Não informado;;;;;
São Paulo;Lapa;Não informado;Não informado;;;;;
São Paulo;Lapa;São Paulo;República;;;;;
São Paulo;República;São Paulo;Santo Amaro;;;;;
São Paulo;Itaquera;São Paulo;Campo Limpo;;;;;
São Paulo;Jabaquara;São Paulo;Penha;;;;;
São Paulo;Penha;São Paulo;Penha;;;;;
São Paulo;Vila Prudente;São Paulo;Consolação;;;;;
São Paulo;Santana;São Paulo;Jabaquara;;;;;
São Paulo;Pinheiros;São Paulo;Higienópolis;;;;;
São Paulo;Sé;São Paulo;Sé;;;;;
São Paulo;Tatuapé;Não informado;Não informado;;;;;
São Paulo;Tatuapé;São Paulo;Consolação;;;;;
São Paulo;Itaquera;Não informado;Não informado;;;;;
São Paulo;Itaquera;Não informado;Não informado;;;;;
São Paulo;Campo Limpo;Não informado;Não informado;;;;;
São Paulo;Jabaquara;Não informado;Não informado;;;;;
São Paulo;Penha;Não informado;Não informado;;;;;
Ferreira;Campo Limpo;Não informado;Não informado;;;;;
São Paulo;Tucuruvi;São Paulo;Consolação;;;;;
São Paulo;Tatuapé;São Paulo;Limão;;;;;
São Paulo;Limão;São Paulo;Higienópolis;;;;;
São Paulo;Itaquera;São Paulo;República;;;;;
São Paulo;Butantã;Não informado;Não informado;;;;;
São Paulo;Higienópolis;São Paulo;Jabaquara;;;;;
São Paulo;República;São Paulo;Higienópolis;;;;;
São Paulo;Sé;Não informado;Não informado;;;;;
São Paulo;Casa Verde;São Paulo;Consolação;;;;;
São Paulo;Bela Vista;São Paulo;Bela Vista;;;;;
São Paulo;Casa Verde;São Paulo;Bela Vista;;;;;
São Paulo;Bela Vista;Não informado;Não informado;;;;;
São Paulo;Tucuruvi;Não informado;Não informado;;;;;
São Paulo;Perdizes;Não informado;Não informado;;;;;
São Paulo;Tucuruvi;São Paulo;República;;;;;
São Paulo;Perdizes;São Paulo;Penha;;;;;
Rezende de Foga√ßa;Vila Prudente;Não informado;Não informado;;;;;
São Paulo;Tatuapé;Não informado;Não informado;;;;;
São Paulo;Bela Vista;Não informado;Não informado;;;;;
São Paulo;Perdizes;São Paulo;República;;;;;
São Paulo;Tucuruvi;São Paulo;Santana;;;;;
São Paulo;Lapa;Não informado;Não informado;;;;;
São Paulo;Vila Prudente;São Paulo;Sé;;;;;
São Paulo;Campo Limpo;São Paulo;República;;;;;
São Paulo;Lapa;Não informado;Não informado;;;;;
São Paulo;Penha;São Paulo;Consolação;;;;;
São Paulo;Penha;São Paulo;República;;;;;
São Paulo;Penha;Não informado;Não informado;;;;;
São Paulo;Consolação;São Paulo;Jabaquara;;;;;
São Paulo;Vila Prudente;São Paulo;Bela Vista;;;;;
Foga√ßa de Azevedo;Santana;Não informado;Não informado;;;;;
Diadema;Centro;Não informado;Não informado;;;;;
São Paulo;Jabaquara;São Paulo;Tucuruvi;;;;;
São Paulo;Tatuapé;São Paulo;Consolação;;;;;
São Paulo;Tucuruvi;São Paulo;Santana;;;;;
São Paulo;Tucuruvi;São Paulo;Limão;;;;;
São Paulo;Bela Vista;São Paulo;Sé;;;;;
São Paulo;Campo Limpo;Não informado;Não informado;;;;;
São Paulo;Casa Verde;Não informado;Não informado;;;;;
São Paulo;Bela Vista;Não informado;Não informado;;;;;
São Paulo;Lapa;São Paulo;Santo Amaro;;;;;
São Paulo;Butantã;São Paulo;Consolação;;;;;
São Paulo;Perdizes;Não informado;Não informado;;;;;
São Paulo;Campo Limpo;São Paulo;Bela Vista;;;;;
São Paulo;Ipiranga;Não informado;Não informado;;;;;
São Paulo;Santo Amaro;São Paulo;República;;;;;
São Paulo;Santana;Não informado;Não informado;;;;;
Mendes;Santana;São Paulo;Bela Vista;;;;;
São Paulo;Limão;São Paulo;Consolação;;;;;
São Paulo;Campo Limpo;São Paulo;Higienópolis;;;;;
São Paulo;Ipiranga;São Paulo;Limão;;;;;
São Paulo;Casa Verde;Não informado;Não informado;;;;;
São Paulo;Penha;São Paulo;Tucuruvi;;;;;
São Paulo;Perdizes;São Paulo;República;;;;;
São Paulo;Higienópolis;Não informado;Não informado;;;;;
São Paulo;Tatuapé;Não informado;Não informado;;;;;
São Paulo;Campo Limpo;Não informado;Não informado;;;;;
São Paulo;Butantã;São Paulo;República;;;;;
São Paulo;Santo Amaro;São Paulo;Consolação;;;;;
São Paulo;Pinheiros;São Paulo;Sé;;;;;
São Paulo;Perdizes;Não informado;Não informado;;;;;
São Paulo;Itaquera;São Paulo;Casa Verde;;;;;
São Paulo;Pinheiros;São Paulo;Higienópolis;;;;;
São Paulo;Santo Amaro;São Paulo;Consolação;;;;;
São Paulo;Higienópolis;Não informado;Não informado;;;;;
São Paulo;Butantã;Não informado;Não informado;;;;;
São Paulo;Pinheiros;São Paulo;Tucuruvi;;;;;
São Paulo;Butantã;Não informado;Não informado;;;;;
São Paulo;Santana;Não informado;Não informado;;;;;
São Paulo;República;São Paulo;Consolação;;;;;
São Paulo;Tucuruvi;Não informado;Não informado;;;;;
São Paulo;Jabaquara;Não informado;Não informado;;;;;
São Paulo;Itaquera;São Paulo;República;;;;;
Diadema;Casa Verde;Não informado;Não informado;;;;;
São Paulo;Jabaquara;Não informado;Não informado;;;;;
São Paulo;Lapa;Não informado;Não informado;;;;;
São Paulo;República;Não informado;Não informado;;;;;
São Paulo;Santo Amaro;São Paulo;Jabaquara;;;;;
São Paulo;Perdizes;Não informado;Não informado;;;;;
São Paulo;Tucuruvi;Não informado;Não informado;;;;;
São Paulo;Pinheiros;Não informado;Não informado;;;;;
São Paulo;Vila Prudente;São Paulo;Consolação;;;;;
São Paulo;Santana;Não informado;Não informado;;;;;
São Paulo;Tatuapé;São Paulo;Limão;;;;;
São Paulo;Lapa;Não informado;Não informado;;;;;
São Paulo;Higienópolis;Não informado;Não informado;;;;;
São Paulo;Bela Vista;São Paulo;Bela Vista;;;;;
São Paulo;Bela Vista;Não informado;Não informado;;;;;
São Paulo;Jabaquara;São Paulo;Lapa;;;;;
Correia;Perdizes;Não informado;Não informado;;;;;
São Paulo;Tatuapé;Não informado;Não informado;;;;;
São Paulo;Penha;São Paulo;Higienópolis;;;;;
São Paulo;Jabaquara;Não informado;Não informado;;;;;
Diadema;Centro;Não informado;Não informado;;;;;
São Paulo;Tucuruvi;São Paulo;Sé;;;;;
São Paulo;Lapa;São Paulo;Santo Amaro;;;;;
São Paulo;Santana;Não informado;Não informado;;;;;
Ribeirão Pires;Limão;São Paulo;República;;;;;
São Paulo;Casa Verde;São Paulo;Sé;;;;;
São Paulo;Higienópolis;São Paulo;Itaquera;;;;;
São Paulo;Penha;São Paulo;Higienópolis;;;;;
Ribeirão Pires;Consolação;São Paulo;Itaquera;;;;;
São Paulo;Campo Limpo;Não informado;Não informado;;;;;
São Paulo;Santana;São Paulo;Higienópolis;;;;;
São Paulo;Campo Limpo;Não informado;Não informado;;;;;
São Paulo;Penha;Não informado;Não informado;;;;;
São Paulo;Itaquera;São Paulo;Pinheiros;;;;;
São Paulo;Campo Limpo;São Paulo;Higienópolis;;;;;
São Paulo;Limão;São Paulo;Santana;;;;;
São Paulo;Campo Limpo;Não informado;Não informado;;;;;
São Paulo;Tatuapé;Não informado;Não informado;;;;;
Caldeira;Higienópolis;São Paulo;República;;;;;
São Paulo;Perdizes;Não informado;Não informado;;;;;
São Paulo;Santana;São Paulo;Bela Vista;;;;;
Ferreira Paulista;Itaquera;São Paulo;Vila Prudente;;;;;
São Bernardo;Santo Amaro;São Paulo;Penha;;;;;
São Paulo;Consolação;Não informado;Não informado;;;;;
São Paulo;Ipiranga;São Paulo;Higienópolis;;;;;
São Paulo;Jabaquara;Não informado;Não informado;;;;;
São Paulo;Santo Amaro;São Paulo;Pinheiros;;;;;
São Paulo;Limão;São Paulo;Santana;;;;;
São Paulo;Casa Verde;Não informado;Não informado;;;;;
São Paulo;Pinheiros;Não informado;Não informado;;;;;
São Paulo;Tatuapé;Não informado;Não informado;;;;;
São Paulo;Bela Vista;Não informado;Não informado;;;;;
São Paulo;Limão;São Paulo;Jabaquara;;;;;
São Paulo;Perdizes;São Paulo;Pinheiros;;;;;
São Paulo;Itaquera;São Paulo;Limão;;;;;
São Paulo;Penha;São Paulo;Penha;;;;;
São Paulo;Santana;São Paulo;Tucuruvi;;;;;
São Paulo;Vila Prudente;São Paulo;Sé;;;;;
São Paulo;Penha;São Paulo;Sé;;;;;
São Paulo;República;São Paulo;Higienópolis;;;;;
Mendes de Moura;Itaquera;São Paulo;Penha;;;;;
São Paulo;Higienópolis;Não informado;Não informado;;;;;
São Paulo;Campo Limpo;São Paulo;Bela Vista;;;;;
São Paulo;Limão;Não informado;Não informado;;;;;
São Paulo;Tatuapé;Não informado;Não informado;;;;;
Farias do Campo;Tatuapé;São Paulo;Bela Vista;;;;;
São Paulo;República;São Paulo;Santo Amaro;;;;;
São Paulo;Pinheiros;Não informado;Não informado;;;;;
São Paulo;Higienópolis;São Paulo;Lapa;;;;;
São Paulo;Consolação;São Paulo;Limão;;;;;
São Paulo;Sé;Não informado;Não informado;;;;;
São Paulo;Santana;Não informado;Não informado;;;;;
São Paulo;República;Não informado;Não informado;;;;;
São Paulo;Sé;São Paulo;Consolação;;;;;
São Paulo;Limão;São Paulo;Consolação;;;;;
São Paulo;Santo Amaro;São Paulo;Bela Vista;;;;;
São Paulo;Limão;São Paulo;Limão;;;;;
São Paulo;Jabaquara;São Paulo;Vila Prudente;;;;;
São Paulo;Casa Verde;Não informado;Não informado;;;;;
São Paulo;Ipiranga;São Paulo;Higienópolis;;;;;
São Paulo;Casa Verde;Não informado;Não informado;;;;;
São Paulo;Ipiranga;São Paulo;Butantã;;;;;
São Paulo;Sé;Não informado;Não informado;;;;;
São Paulo;Butantã;São Paulo;Sé;;;;;
São Paulo;Casa Verde;São Paulo;Sé;;;;;
São Paulo;Consolação;São Paulo;Bela Vista;;;;;
São Paulo;Limão;São Paulo;Bela Vista;;;;;
Diadema;Butantã;São Paulo;Itaquera;;;;;
São Paulo;Ipiranga;São Paulo;Campo Limpo;;;;;
São Paulo;Perdizes;São Paulo;Tucuruvi;;;;;
São Paulo;Consolação;Não informado;Não informado;;;;;
São Paulo;Santana;São Paulo;República;;;;;
São Paulo;Sé;São Paulo;Tucuruvi;;;;;
São Paulo;Butantã;São Paulo;Sé;;;;;
São Paulo;Tucuruvi;Não informado;Não informado;;;;;
São Paulo;República;Não informado;Não informado;;;;;
São Paulo;Perdizes;São Paulo;Tucuruvi;;;;;
São Paulo;República;São Paulo;República;;;;;
São Paulo;Consolação;São Paulo;Itaquera;;;;;
São Paulo;Pinheiros;São Paulo;Limão;;;;;
São Paulo;Bela Vista;São Paulo;Higienópolis;;;;;
São Paulo;Butantã;São Paulo;República;;;;;
São Paulo;República;São Paulo;Higienópolis;;;;;
São Paulo;Tatuapé;São Paulo;Casa Verde;;;;;
São Paulo;Bela Vista;Não informado;Não informado;;;;;
São Paulo;Limão;São Paulo;Higienópolis;;;;;
São Paulo;Tatuapé;Não informado;Não informado;;;;;
São Paulo;Casa Verde;São Paulo;Vila Prudente;;;;;
São Paulo;Limão;Não informado;Não informado;;;;;
Correia;Bela Vista;São Paulo;Tucuruvi;;;;;
São Paulo;Tucuruvi;São Paulo;República;;;;;
São Paulo;Tatuapé;São Paulo;Consolação;;;;;
São Paulo;Limão;São Paulo;Vila Prudente;;;;;
São Paulo;Casa Verde;Não informado;Não informado;;;;;
São Paulo;República;São Paulo;República;;;;;
São Paulo;Sé;São Paulo;Higienópolis;;;;;
São Paulo;Consolação;Não informado;Não informado;;;;;
São Paulo;Tucuruvi;São Paulo;Casa Verde;;;;;
São Paulo;Higienópolis;Não informado;Não informado;;;;;
São Paulo;Tucuruvi;São Paulo;Consolação;;;;;
São Paulo;Consolação;Não informado;Não informado;;;;;
São Paulo;Ipiranga;Não informado;Não informado;;;;;
São Paulo;Bela Vista;São Paulo;Sé;;;;;
São Paulo;Campo Limpo;São Paulo;Higienópolis;;;;;
São Paulo;Penha;São Paulo;República;;;;;
São Paulo;Casa Verde;São Paulo;Bela Vista;;;;;
São Paulo;Higienópolis;São Paulo;República;;;;;
São Paulo;Santo Amaro;Não informado;Não informado;;;;;
Diadema;Consolação;São Paulo;Consolação;;;;;
São Paulo;Vila Prudente;Não informado;Não informado;;;;;
Diadema;Centro;São Paulo;Consolação;;;;;
São Paulo;Perdizes;Não informado;Não informado;;;;;
São Paulo;Tatuapé;Não informado;Não informado;;;;;
São Paulo;Campo Limpo;Não informado;Não informado;;;;;
São Paulo;Butantã;Não informado;Não informado;;;;;
Farias de Minas;Lapa;Não informado;Não informado;;;;;
São Paulo;Santana;São Paulo;Higienópolis;;;;;
São Paulo;Butantã;Não informado;Não informado;;;;;
São Paulo;Penha;São Paulo;Tucuruvi;;;;;
São Paulo;Sé;São Paulo;Tucuruvi;;;;;
São Paulo;Pinheiros;São Paulo;Bela Vista;;;;;
São Paulo;Pinheiros;Não informado;Não informado;;;;;
São Paulo;Ipiranga;São Paulo;Tatuapé;;;;;
São Paulo;Higienópolis;Não informado;Não informado;;;;;
São Paulo;Penha;São Paulo;República;;;;;
São Paulo;Santo Amaro;São Paulo;Itaquera;;;;;
São Paulo;Limão;São Paulo;Higienópolis;;;;;
São Paulo;Santana;São Paulo;Bela Vista;;;;;
Mendes;Sé;Não informado;Não informado;;;;;
São Paulo;Bela Vista;São Paulo;Higienópolis;;;;;
São Paulo;Santana;Não informado;Não informado;;;;;
São Paulo;Perdizes;São Paulo;Sé;;;;;
Diadema;Centro;Não informado;Não informado;;;;;
São Paulo;República;Não informado;Não informado;;;;;
São Paulo;Ipiranga;Não informado;Não informado;;;;;
São Paulo;Santana;São Paulo;Ipiranga;;;;;
São Paulo;Bela Vista;São Paulo;Sé;;;;;
São Paulo;Tucuruvi;São Paulo;Penha;;;;;
São Paulo;Vila Prudente;São Paulo;Bela Vista;;;;;
São Paulo;Sé;São Paulo;Consolação;;;;;
São Paulo;Santana;Não informado;Não informado;;;;;
São Paulo;Ipiranga;Não informado;Não informado;;;;;
São Paulo;Casa Verde;Não informado;Não informado;;;;;
Ribeirão Pires;Santo Amaro;São Paulo;Sé;;;;;
São Paulo;Sé;São Paulo;Limão;;;;;
São Paulo;Bela Vista;São Paulo;Higienópolis;;;;;
São Paulo;Vila Prudente;Não informado;Não informado;;;;;
São Paulo;Vila Prudente;São Paulo;Tucuruvi;;;;;
São Paulo;Limão;São Paulo;Casa Verde;;;;;
Porto do Campo;Casa Verde;Não informado;Não informado;;;;;
São Paulo;Tatuapé;Não informado;Não informado;;;;;
São Paulo;Perdizes;São Paulo;Bela Vista;;;;;
São Paulo;Vila Prudente;São Paulo;Consolação;;;;;
São Paulo;Campo Limpo;São Paulo;Higienópolis;;;;;
São Paulo;Tucuruvi;São Paulo;Casa Verde;;;;;
São Paulo;Limão;Não informado;Não informado;;;;;
São Paulo;Jabaquara;São Paulo;Bela Vista;;;;;
Nunes;Vila Prudente;São Paulo;Consolação;;;;;
São Paulo;Lapa;Não informado;Não informado;;;;;
Santo André;Itaquera;São Paulo;República;;;;;
São Paulo;Lapa;São Paulo;Casa Verde;;;;;
São Paulo;Penha;São Paulo;Perdizes;;;;;
São Paulo;Campo Limpo;Não informado;Não informado;;;;;
São Paulo;Sé;Não informado;Não informado;;;;;
São Paulo;Consolação;São Paulo;Sé;;;;;
São Paulo;Tucuruvi;Não informado;Não informado;;;;;
São Paulo;Santo Amaro;São Paulo;Bela Vista;;;;;
São Paulo;Penha;São Paulo;Higienópolis;;;;;
São Paulo;Higienópolis;Não informado;Não informado;;;;;
São Paulo;Itaquera;São Paulo;Ipiranga;;;;;
São Paulo;Limão;São Paulo;Sé;;;;;
São Paulo;Lapa;São Paulo;República;;;;;
Diadema;Sé;Não informado;Não informado;;;;;
São Paulo;Tatuapé;São Paulo;Consolação;;;;;
São Paulo;Campo Limpo;São Paulo;Sé;;;;;
São Paulo;Ipiranga;Não informado;Não informado;;;;;
Vieira;Casa Verde;São Paulo;Vila Prudente;;;;;
São Paulo;Ipiranga;Não informado;Não informado;;;;;
São Paulo;Santana;Não informado;Não informado;;;;;
São Paulo;Higienópolis;Não informado;Não informado;;;;;
São Paulo;República;São Paulo;Sé;;;;;
São Paulo;República;Não informado;Não informado;;;;;
São Paulo;Campo Limpo;São Paulo;Higienópolis;;;;;
São Paulo;Vila Prudente;Não informado;Não informado;;;;;
São Paulo;Santana;São Paulo;Tucuruvi;;;;;
São Paulo;Higienópolis;São Paulo;Higienópolis;;;;;
São Paulo;Pinheiros;São Paulo;Consolação;;;;;
São Paulo;Tatuapé;São Paulo;Sé;;;;;
Diadema;Lapa;São Paulo;Vila Prudente;;;;;
São Paulo;Santana;São Paulo;República;;;;;
São Paulo;Itaquera;São Paulo;Lapa;;;;;
São Paulo;Consolação;Não informado;Não informado;;;;;
São Paulo;Penha;Não informado;Não informado;;;;;
São Paulo;Limão;Não informado;Não informado;;;;;
São Paulo;Santana;Não informado;Não informado;;;;;
São Paulo;Santana;Não informado;Não informado;;;;;
São Paulo;Limão;Não informado;Não informado;;;;;
São Paulo;Campo Limpo;São Paulo;Limão;;;;;
São Paulo;Sé;Não informado;Não informado;;;;;
São Paulo;República;São Paulo;Bela Vista;;;;;
São Paulo;Ipiranga;Não informado;Não informado;;;;;
São Paulo;Vila Prudente;São Paulo;Consolação;;;;;
São Paulo;República;São Paulo;Limão;;;;;
São Paulo;Vila Prudente;São Paulo;Itaquera;;;;;
São Paulo;Bela Vista;Não informado;Não informado;;;;;
São Paulo;Jabaquara;São Paulo;Sé;;;;;
São Paulo;Higienópolis;São Paulo;Bela Vista;;;;;
São Paulo;Butantã;São Paulo;Sé;;;;;
São Paulo;Bela Vista;São Paulo;República;;;;;
São Paulo;Bela Vista;São Paulo;Casa Verde;;;;;
Ribeirão Pires;Perdizes;São Paulo;República;;;;;
São Paulo;Santana;Não informado;Não informado;;;;;
São Paulo;Sé;Não informado;Não informado;;;;;
São Paulo;Limão;Não informado;Não informado;;;;;
São Paulo;Jabaquara;São Paulo;Bela Vista;;;;;
São Paulo;Sé;São Paulo;Consolação;;;;;
Ribeirão Pires;Campo Limpo;São Paulo;Itaquera;;;;;
São Paulo;Jabaquara;São Paulo;República;;;;;
Pereira;Tucuruvi;Não informado;Não informado;;;;;
São Paulo;Lapa;São Paulo;Consolação;;;;;
São Paulo;Sé;São Paulo;Higienópolis;;;;;
Ribeiro;Consolação;São Paulo;Tucuruvi;;;;;
São Paulo;República;São Paulo;República;;;;;
São Paulo;Ipiranga;Não informado;Não informado;;;;;
São Paulo;Pinheiros;Não informado;Não informado;;;;;
São Paulo;Limão;São Paulo;Penha;;;;;
São Paulo;Sé;Não informado;Não informado;;;;;
São Paulo;Higienópolis;São Paulo;Higienópolis;;;;;
São Paulo;Santana;Não informado;Não informado;;;;;
São Paulo;Butantã;São Paulo;Higienópolis;;;;;
São Paulo;Pinheiros;São Paulo;República;;;;;
São Paulo;Tatuapé;São Paulo;Bela Vista;;;;;
São Paulo;Bela Vista;São Paulo;Bela Vista;;;;;
São Paulo;República;São Paulo;Bela Vista;;;;;
São Paulo;Pinheiros;Não informado;Não informado;;;;;
São Paulo;Casa Verde;Não informado;Não informado;;;;;
São Paulo;Santana;São Paulo;Tucuruvi;;;;;
São Paulo;Consolação;Não informado;Não informado;;;;;
São Paulo;Limão;Não informado;Não informado;;;;;
São Paulo;Higienópolis;São Paulo;Consolação;;;;;
São Paulo;Lapa;Não informado;Não informado;;;;;
São Paulo;Santo Amaro;São Paulo;Sé;;;;;
São Paulo;República;São Paulo;Bela Vista;;;;;
São Paulo;Casa Verde;São Paulo;Santana;;;;;
São Paulo;Vila Prudente;São Paulo;Tatuapé;;;;;
São Paulo;Butantã;São Paulo;Bela Vista;;;;;
São Paulo;Campo Limpo;Não informado;Não informado;;;;;
São Paulo;Pinheiros;Não informado;Não informado;;;;;
São Paulo;Jabaquara;São Paulo;Bela Vista;;;;;
São Paulo;Butantã;Não informado;Não informado;;;;;
Silveira;Vila Prudente;São Paulo;Santana;;;;;
São Paulo;Higienópolis;Não informado;Não informado;;;;;
São Paulo;Vila Prudente;Não informado;Não informado;;;;;
São Paulo;Pinheiros;Não informado;Não informado;;;;;
São Paulo;Vila Prudente;São Paulo;Higienópolis;;;;;
Diadema;Limão;São Paulo;Sé;;;;;
São Paulo;Itaquera;Não informado;Não informado;;;;;
São Paulo;Bela Vista;São Paulo;Casa Verde;;;;;
São Paulo;Penha;São Paulo;Sé;;;;;
São Paulo;Perdizes;São Paulo;Tucuruvi;;;;;
São Paulo;Higienópolis;São Paulo;Perdizes;;;;;
São Paulo;Itaquera;Não informado;Não informado;;;;;
São Paulo;Ipiranga;Não informado;Não informado;;;;;
São Paulo;Ipiranga;Não informado;Não informado;;;;;
São Paulo;Penha;São Paulo;Santana;;;;;
São Paulo;Santo Amaro;São Paulo;Tucuruvi;;;;;
São Paulo;Vila Prudente;Não informado;Não informado;;;;;
Jesus;Santana;São Paulo;Higienópolis;;;;;
São Paulo;Santo Amaro;São Paulo;Casa Verde;;;;;
São Paulo;Tucuruvi;São Paulo;Limão;;;;;
Vieira de Minas;Vila Prudente;Não informado;Não informado;;;;;
São Paulo;República;Não informado;Não informado;;;;;
São Paulo;Casa Verde;Não informado;Não informado;;;;;
São Paulo;Higienópolis;São Paulo;Penha;;;;;
São Paulo;Vila Prudente;São Paulo;Higienópolis;;;;;
São Paulo;Penha;São Paulo;Higienópolis;;;;;
São Paulo;Sé;São Paulo;Casa Verde;;;;;
São Paulo;Pinheiros;Não informado;Não informado;;;;;
São Paulo;Butantã;São Paulo;Butantã;;;;;
São Paulo;Limão;São Paulo;Bela Vista;;;;;
São Paulo;Tucuruvi;Não informado;Não informado;;;;;
São Paulo;Sé;São Paulo;Higienópolis;;;;;
São Paulo;Consolação;Não informado;Não informado;;;;;
São Paulo;Casa Verde;São Paulo;Bela Vista;;;;;
São Caetano;Ipiranga;Não informado;Não informado;;;;;
São Paulo;Tatuapé;São Paulo;Bela Vista;;;;;
Diadema;Lapa;São Paulo;Sé;;;;;
São Paulo;Consolação;São Paulo;Santana;;;;;
Diadema;Lapa;São Paulo;Penha;;;;;
São Paulo;Perdizes;São Paulo;Bela Vista;;;;;
São Paulo;Butantã;Não informado;Não informado;;;;;
São Paulo;Penha;Não informado;Não informado;;;;;
São Paulo;Pinheiros;Não informado;Não informado;;;;;
São Paulo;Santo Amaro;São Paulo;Higienópolis;;;;;
São Paulo;Penha;São Paulo;Sé;;;;;
Pires de Barros;Higienópolis;São Paulo;Casa Verde;;;;;
São Paulo;República;São Paulo;Higienópolis;;;;;
São Paulo;Sé;São Paulo;Bela Vista;;;;;
São Paulo;Perdizes;São Paulo;Higienópolis;;;;;
São Paulo;Campo Limpo;São Paulo;Sé;;;;;
São Paulo;Tatuapé;São Paulo;Tatuapé;;;;;
São Paulo;Bela Vista;Não informado;Não informado;;;;;
Diadema;Centro;São Paulo;Penha;;;;;
São Paulo;Limão;São Paulo;Higienópolis;;;;;
São Paulo;Santo Amaro;São Paulo;Campo Limpo;;;;;
São Paulo;Bela Vista;Não informado;Não informado;;;;;
São Paulo;Consolação;Não informado;Não informado;;;;;
São Paulo;República;Não informado;Não informado;;;;;
São Paulo;Perdizes;São Paulo;República;;;;;
São Paulo;Santo Amaro;São Paulo;Sé;;;;;
São Paulo;República;Não informado;Não informado;;;;;
São Paulo;República;São Paulo;Consolação;;;;;
São Paulo;Jabaquara;Não informado;Não informado;;;;;
São Paulo;Consolação;São Paulo;Higienópolis;;;;;
Santo André;Tatuapé;Não informado;Não informado;;;;;
São Paulo;Perdizes;Não informado;Não informado;;;;;
São Paulo;Vila Prudente;São Paulo;Casa Verde;;;;;
Freitas do Sul;Itaquera;São Paulo;República;;;;;
Santos do Oeste;Jabaquara;Não informado;Não informado;;;;;
São Paulo;Jabaquara;Não informado;Não informado;;;;;
São Paulo;Limão;Não informado;Não informado;;;;;
São Paulo;Lapa;São Paulo;Pinheiros;;;;;
Freitas;Penha;Não informado;Não informado;;;;;
São Paulo;Campo Limpo;São Paulo;Consolação;;;;;
São Paulo;Penha;Não informado;Não informado;;;;;
São Paulo;Tatuapé;Não informado;Não informado;;;;;
São Paulo;Ipiranga;Não informado;Não informado;;;;;
São Paulo;Sé;Não informado;Não informado;;;;;
São Paulo;Casa Verde;Não informado;Não informado;;;;;
São Paulo;Santo Amaro;Não informado;Não informado;;;;;
São Paulo;Pinheiros;São Paulo;Sé;;;;;
São Paulo;Higienópolis;Não informado;Não informado;;;;;
São Paulo;Penha;Não informado;Não informado;;;;;
São Paulo;Santana;Não informado;Não informado;;;;;
São Paulo;Vila Prudente;São Paulo;Higienópolis;;;;;
São Paulo;Sé;São Paulo;Santana;;;;;
São Paulo;Pinheiros;São Paulo;República;;;;;
São Paulo;Bela Vista;São Paulo;Limão;;;;;
São Paulo;Santana;São Paulo;Higienópolis;;;;;
São Paulo;Santana;Não informado;Não informado;;;;;
São Paulo;Jabaquara;Não informado;Não informado;;;;;
São Paulo;Santana;São Paulo;Santana;;;;;
Porto Alegre;Ipiranga;Não informado;Não informado;;;;;
São Paulo;Sé;São Paulo;República;;;;;
Foga√ßa Verde;Santana;Não informado;Não informado;;;;;
São Paulo;Butantã;Não informado;Não informado;;;;;
São Paulo;Tatuapé;Não informado;Não informado;;;;;
São Paulo;Pinheiros;São Paulo;Consolação;;;;;
São Paulo;Limão;São Paulo;Consolação;;;;;
São Paulo;Tucuruvi;Não informado;Não informado;;;;;
Ribeirão Pires;Higienópolis;São Paulo;Sé;;;;;
São Paulo;Consolação;Não informado;Não informado;;;;;
São Paulo;Tucuruvi;São Paulo;Pinheiros;;;;;
São Paulo;Lapa;São Paulo;Consolação;;;;;
São Paulo;República;São Paulo;Higienópolis;;;;;
São Paulo;Limão;São Paulo;Consolação;;;;;
São Paulo;Pinheiros;Não informado;Não informado;;;;;
São Paulo;Vila Prudente;Não informado;Não informado;;;;;
São Paulo;Consolação;São Paulo;Consolação;;;;;
São Paulo;Perdizes;Não informado;Não informado;;;;;
Dias;Limão;São Paulo;Consolação;;;;;
São Paulo;Ipiranga;Não informado;Não informado;;;;;
São Paulo;Santo Amaro;São Paulo;República;;;;;
São Paulo;Itaquera;Não informado;Não informado;;;;;
São Paulo;Casa Verde;São Paulo;Santo Amaro;;;;;
São Paulo;Penha;Não informado;Não informado;;;;;
São Paulo;Limão;Não informado;Não informado;;;;;
São Paulo;Limão;São Paulo;Ipiranga;;;;;
São Paulo;Tatuapé;São Paulo;Bela Vista;;;;;
São Paulo;Vila Prudente;São Paulo;República;;;;;
São Paulo;Casa Verde;São Paulo;Penha;;;;;
São Paulo;Limão;Não informado;Não informado;;;;;
São Paulo;Itaquera;Não informado;Não informado;;;;;
Ferreira;Bela Vista;São Paulo;Santana;;;;;
São Paulo;Pinheiros;São Paulo;Campo Limpo;;;;;
São Paulo;Ipiranga;Não informado;Não informado;;;;;
Santos;Bela Vista;Não informado;Não informado;;;;;
São Paulo;Higienópolis;São Paulo;República;;;;;
São Paulo;Consolação;Não informado;Não informado;;;;;
São Paulo;Penha;São Paulo;Bela Vista;;;;;
São Paulo;Tucuruvi;São Paulo;República;;;;;
São Caetano;Consolação;São Paulo;Higienópolis;;;;;
São Paulo;Perdizes;São Paulo;Limão;;;;;
São Paulo;Casa Verde;São Paulo;Sé;;;;;
São Paulo;Casa Verde;São Paulo;República;;;;;
São Paulo;Vila Prudente;Não informado;Não informado;;;;;
São Paulo;Bela Vista;São Paulo;Bela Vista;;;;;
São Paulo;Perdizes;São Paulo;Casa Verde;;;;;
São Paulo;Limão;São Paulo;Consolação;;;;;
São Paulo;Butantã;São Paulo;Butantã;;;;;
Osasco;Vila Prudente;São Paulo;Higienópolis;;;;;
São Paulo;Perdizes;Não informado;Não informado;;;;;
São Paulo;Campo Limpo;São Paulo;Tatuapé;;;;;
São Paulo;Higienópolis;São Paulo;Tucuruvi;;;;;
São Paulo;Casa Verde;São Paulo;Casa Verde;;;;;
São Paulo;Lapa;São Paulo;Bela Vista;;;;;
São Paulo;Itaquera;São Paulo;Higienópolis;;;;;
São Paulo;Pinheiros;São Paulo;Tatuapé;;;;;
São Paulo;Santana;Não informado;Não informado;;;;;
São Paulo;Tucuruvi;São Paulo;Limão;;;;;
São Paulo;Ipiranga;São Paulo;Sé;;;;;
São Paulo;Bela Vista;São Paulo;Higienópolis;;;;;
São Paulo;Perdizes;Não informado;Não informado;;;;;
São Paulo;Vila Prudente;São Paulo;Higienópolis;;;;;
São Paulo;Santana;São Paulo;Bela Vista;;;;;
São Paulo;Tatuapé;São Paulo;Santana;;;;;
São Paulo;Lapa;São Paulo;República;;;;;
São Paulo;Consolação;São Paulo;Bela Vista;;;;;
São Paulo;Vila Prudente;Não informado;Não informado;;;;;
São Paulo;Perdizes;São Paulo;Higienópolis;;;;;
São Paulo;Bela Vista;São Paulo;Consolação;;;;;
São Paulo;República;Não informado;Não informado;;;;;
Melo;Santo Amaro;Não informado;Não informado;;;;;
São Paulo;Tatuapé;Não informado;Não informado;;;;;
São Paulo;Tatuapé;São Paulo;Vila Prudente;;;;;
São Paulo;Butantã;Não informado;Não informado;;;;;
São Paulo;Sé;Não informado;Não informado;;;;;
São Paulo;Consolação;São Paulo;Higienópolis;;;;;
São Paulo;Lapa;São Paulo;Santana;;;;;
São Paulo;Butantã;São Paulo;Bela Vista;;;;;
São Paulo;Itaquera;Não informado;Não informado;;;;;
São Paulo;Perdizes;Não informado;Não informado;;;;;
São Paulo;República;São Paulo;República;;;;;
São Paulo;Consolação;Não informado;Não informado;;;;;
São Paulo;Tatuapé;São Paulo;Bela Vista;;;;;
São Paulo;Perdizes;São Paulo;Tucuruvi;;;;;
São Paulo;Campo Limpo;São Paulo;Sé;;;;;
São Paulo;Penha;Não informado;Não informado;;;;;
São Paulo;Santana;São Paulo;Consolação;;;;;
São Paulo;Sé;São Paulo;Itaquera;;;;;
São Paulo;Bela Vista;São Paulo;Sé;;;;;
São Paulo;Limão;Não informado;Não informado;;;;;
São Paulo;Tucuruvi;São Paulo;Jabaquara;;;;;
São Paulo;Santana;Não informado;Não informado;;;;;
São Paulo;Jabaquara;Não informado;Não informado;;;;;
São Paulo;Butantã;Não informado;Não informado;;;;;
São Paulo;Pinheiros;Não informado;Não informado;;;;;
São Paulo;Itaquera;São Paulo;Penha;;;;;
São Paulo;Casa Verde;São Paulo;Limão;;;;;
São Paulo;Consolação;São Paulo;Higienópolis;;;;;
São Paulo;Campo Limpo;São Paulo;Consolação;;;;;
São Paulo;Sé;São Paulo;Consolação;;;;;
São Paulo;Santana;São Paulo;Itaquera;;;;;
Ribeirão Pires;Bela Vista;Não informado;Não informado;;;;;
São Paulo;Ipiranga;São Paulo;República;;;;;
São Paulo;Butantã;Não informado;Não informado;;;;;
São Paulo;Tucuruvi;São Paulo;Penha;;;;;
São Paulo;Santana;Não informado;Não informado;;;;;
São Paulo;Butantã;São Paulo;Tucuruvi;;;;;
São Paulo;Itaquera;Não informado;Não informado;;;;;
São Paulo;Higienópolis;Não informado;Não informado;;;;;
São Paulo;Butantã;São Paulo;Casa Verde;;;;;
São Paulo;Casa Verde;Não informado;Não informado;;;;;
São Paulo;Tatuapé;São Paulo;Santo Amaro;;;;;
São Paulo;Vila Prudente;São Paulo;Higienópolis;;;;;
São Paulo;Bela Vista;São Paulo;Higienópolis;;;;;
São Paulo;Ipiranga;São Paulo;Limão;;;;;
São Paulo;Higienópolis;São Paulo;Santana;;;;;
São Paulo;Tatuapé;Não informado;Não informado;;;;;
São Paulo;Ipiranga;Não informado;Não informado;;;;;
São Paulo;Butantã;Não informado;Não informado;;;;;
São Paulo;Consolação;São Paulo;Sé;;;;;
São Paulo;Itaquera;São Paulo;Bela Vista;;;;;
São Paulo;Penha;São Paulo;Sé;;;;;
São Paulo;Santo Amaro;São Paulo;Sé;;;;;
São Paulo;Tucuruvi;São Paulo;Bela Vista;;;;;
São Paulo;Sé;São Paulo;Bela Vista;;;;;
São Paulo;Sé;Não informado;Não informado;;;;;
São Paulo;República;São Paulo;Bela Vista;;;;;
São Paulo;Penha;Não informado;Não informado;;;;;
São Paulo;Santo Amaro;São Paulo;Santo Amaro;;;;;
São Paulo;Penha;Não informado;Não informado;;;;;
São Paulo;Butantã;Não informado;Não informado;;;;;
São Paulo;Lapa;São Paulo;Butantã;;;;;
São Paulo;Higienópolis;São Paulo;Limão;;;;;
São Paulo;Vila Prudente;São Paulo;Higienópolis;;;;;
São Paulo;Butantã;Não informado;Não informado;;;;;
São Paulo;Casa Verde;São Paulo;República;;;;;
São Paulo;Bela Vista;Não informado;Não informado;;;;;
São Paulo;Higienópolis;Não informado;Não informado;;;;;
São Paulo;Limão;São Paulo;Consolação;;;;;
São Paulo;Butantã;Não informado;Não informado;;;;;
São Bernardo;Jabaquara;Não informado;Não informado;;;;;
São Paulo;Vila Prudente;São Paulo;Penha;;;;;
São Paulo;Lapa;São Paulo;Higienópolis;;;;;
Santo André;Bela Vista;Não informado;Não informado;;;;;
São Paulo;Tucuruvi;São Paulo;Tatuapé;;;;;
São Paulo;Itaquera;Não informado;Não informado;;;;;
São Caetano;Vila Prudente;São Paulo;Santana;;;;;
São Paulo;Santo Amaro;Não informado;Não informado;;;;;
São Paulo;Tatuapé;São Paulo;Sé;;;;;
São Paulo;Butantã;São Paulo;Consolação;;;;;
São Paulo;Penha;São Paulo;Higienópolis;;;;;
São Paulo;Casa Verde;Não informado;Não informado;;;;;
São Paulo;Casa Verde;Não informado;Não informado;;;;;
São Paulo;Santana;Não informado;Não informado;;;;;
São Paulo;Butantã;São Paulo;República;;;;;
São Paulo;Limão;São Paulo;Sé;;;;;
São Paulo;Tatuapé;São Paulo;Limão;;;;;
São Paulo;Campo Limpo;São Paulo;Consolação;;;;;
Suzano;Santo Amaro;Não informado;Não informado;;;;;
São Paulo;Campo Limpo;São Paulo;República;;;;;
São Paulo;Tatuapé;São Paulo;Itaquera;;;;;
São Paulo;Sé;São Paulo;Tucuruvi;;;;;
São Paulo;Vila Prudente;São Paulo;República;;;;;
São Paulo;Limão;Não informado;Não informado;;;;;
São Paulo;Butantã;São Paulo;Higienópolis;;;;;
São Paulo;Ipiranga;São Paulo;República;;;;;
São Paulo;Santana;São Paulo;Vila Prudente;;;;;
São Paulo;Lapa;São Paulo;Sé;;;;;
São Paulo;Tucuruvi;Não informado;Não informado;;;;;
São Paulo;Ipiranga;São Paulo;Butantã;;;;;
São Paulo;Santana;São Paulo;Higienópolis;;;;;
São Paulo;Sé;Não informado;Não informado;;;;;
Diadema;Itaquera;São Paulo;Tatuapé;;;;;
São Paulo;Consolação;São Paulo;Sé;;;;;
São Paulo;Itaquera;Não informado;Não informado;;;;;
São Paulo;Higienópolis;Não informado;Não informado;;;;;
Santo André;Pinheiros;São Paulo;Sé;;;;;
São Paulo;Ipiranga;São Paulo;Bela Vista;;;;;
São Paulo;Jabaquara;São Paulo;República;;;;;
Ribeirão Pires;República;São Paulo;Higienópolis;;;;;
São Paulo;Itaquera;São Paulo;Perdizes;;;;;
São Paulo;Casa Verde;São Paulo;República;;;;;
Gon√ßalves Paulista;Butantã;São Paulo;Higienópolis;;;;;
São Paulo;Santo Amaro;Não informado;Não informado;;;;;
São Paulo;Vila Prudente;Não informado;Não informado;;;;;
São Paulo;Tucuruvi;São Paulo;Penha;;;;;
São Paulo;Pinheiros;São Paulo;Consolação;;;;;
São Paulo;Limão;São Paulo;Higienópolis;;;;;
São Paulo;Butantã;Não informado;Não informado;;;;;
São Paulo;Limão;Não informado;Não informado;;;;;
São Paulo;Itaquera;São Paulo;Itaquera;;;;;
Farias;Pinheiros;Não informado;Não informado;;;;;
São Paulo;Tucuruvi;São Paulo;Santana;;;;;
São Paulo;Casa Verde;São Paulo;Sé;;;;;
Ribeirão Pires;Penha;São Paulo;Vila Prudente;;;;;
São Paulo;Santana;Não informado;Não informado;;;;;
São Paulo;Perdizes;São Paulo;Bela Vista;;;;;
São Paulo;Santana;São Paulo;Lapa;;;;;
Silveira;Higienópolis;São Paulo;Sé;;;;;
São Paulo;Penha;São Paulo;República;;;;;
São Paulo;Sé;São Paulo;Santana;;;;;
São Paulo;Pinheiros;São Paulo;Tucuruvi;;;;;
São Paulo;República;São Paulo;Higienópolis;;;;;
São Paulo;Campo Limpo;São Paulo;Higienópolis;;;;;
São Paulo;Consolação;Não informado;Não informado;;;;;
São Paulo;Perdizes;São Paulo;Bela Vista;;;;;
São Paulo;Pinheiros;Não informado;Não informado;;;;;
São Paulo;Consolação;Não informado;Não informado;;;;;
São Paulo;Perdizes;São Paulo;Consolação;;;;;
São Paulo;Campo Limpo;Não informado;Não informado;;;;;
São Paulo;Itaquera;São Paulo;Ipiranga;;;;;
São Paulo;Penha;Não informado;Não informado;;;;;
São Paulo;Lapa;Não informado;Não informado;;;;;
São Paulo;Vila Prudente;Não informado;Não informado;;;;;
São Paulo;Ipiranga;Não informado;Não informado;;;;;
São Paulo;Ipiranga;Não informado;Não informado;;;;;
São Paulo;Lapa;São Paulo;Bela Vista;;;;;
São Bernardo;Limão;São Paulo;República;;;;;
Pereira Alegre;Santo Amaro;São Paulo;Consolação;;;;;
São Paulo;Higienópolis;Não informado;Não informado;;;;;
São Paulo;Bela Vista;São Paulo;República;;;;;
São Paulo;Lapa;Não informado;Não informado;;;;;
São Paulo;República;São Paulo;Tucuruvi;;;;;
São Paulo;Pinheiros;Não informado;Não informado;;;;;
São Paulo;Itaquera;São Paulo;Pinheiros;;;;;
São Paulo;Bela Vista;Não informado;Não informado;;;;;
São Paulo;Sé;Não informado;Não informado;;;;;
São Paulo;Perdizes;São Paulo;Higienópolis;;;;;
São Paulo;Itaquera;Não informado;Não informado;;;;;
São Paulo;Limão;Não informado;Não informado;;;;;
São Paulo;Perdizes;Não informado;Não informado;;;;;
São Paulo;Jabaquara;São Paulo;Santana;;;;;
São Paulo;Itaquera;Não informado;Não informado;;;;;
São Paulo;Casa Verde;São Paulo;Bela Vista;;;;;
São Paulo;Santo Amaro;Não informado;Não informado;;;;;
São Paulo;Vila Prudente;São Paulo;Sé;;;;;
São Paulo;Higienópolis;São Paulo;Sé;;;;;
São Paulo;Bela Vista;Não informado;Não informado;;;;;
São Paulo;Limão;São Paulo;Casa Verde;;;;;
São Paulo;Bela Vista;São Paulo;Consolação;;;;;
São Paulo;Santo Amaro;São Paulo;Lapa;;;;;
Ribeirão Pires;Ipiranga;São Paulo;Sé;;;;;
São Paulo;Santo Amaro;Não informado;Não informado;;;;;
São Paulo;Santana;São Paulo;Casa Verde;;;;;
São Paulo;Itaquera;Não informado;Não informado;;;;;
São Paulo;Sé;São Paulo;Sé;;;;;
São Paulo;Santana;São Paulo;República;;;;;
São Paulo;República;São Paulo;Bela Vista;;;;;
São Paulo;Tatuapé;São Paulo;Itaquera;;;;;
São Bernardo;Vila Prudente;São Paulo;Casa Verde;;;;;
São Paulo;Limão;São Paulo;Tucuruvi;;;;;
São Paulo;Ipiranga;São Paulo;Itaquera;;;;;
Pereira dos Dourados;Tucuruvi;São Paulo;Lapa;;;;;
São Paulo;Consolação;Não informado;Não informado;;;;;
São Paulo;Perdizes;São Paulo;Bela Vista;;;;;
São Paulo;Consolação;Não informado;Não informado;;;;;
São Paulo;República;São Paulo;Consolação;;;;;
São Paulo;Jabaquara;São Paulo;Consolação;;;;;
Ribeirão Pires;Sé;São Paulo;Higienópolis;;;;;
São Paulo;Sé;São Paulo;Consolação;;;;;
São Paulo;Pinheiros;São Paulo;Higienópolis;;;;;
Dias;Santana;Não informado;Não informado;;;;;
São Paulo;Campo Limpo;São Paulo;Penha;;;;;
São Paulo;Sé;Não informado;Não informado;;;;;
São Paulo;Penha;São Paulo;Campo Limpo;;;;;
São Paulo;Casa Verde;São Paulo;República;;;;;
São Paulo;República;Não informado;Não informado;;;;;
São Paulo;Penha;Não informado;Não informado;;;;;
São Paulo;Butantã;Não informado;Não informado;;;;;
São Paulo;Higienópolis;São Paulo;Vila Prudente;;;;;
São Paulo;Sé;São Paulo;Limão;;;;;
São Paulo;Lapa;São Paulo;República;;;;;
São Paulo;Tatuapé;São Paulo;Casa Verde;;;;;
São Paulo;Jabaquara;São Paulo;Bela Vista;;;;;
São Paulo;Perdizes;Não informado;Não informado;;;;;
Teixeira;Ipiranga;São Paulo;Sé;;;;;
São Paulo;Lapa;São Paulo;Sé;;;;;
Itapevi;Jabaquara;São Paulo;Bela Vista;;;;;
São Paulo;Tucuruvi;Não informado;Não informado;;;;;
São Paulo;Ipiranga;São Paulo;Sé;;;;;
Porto;Ipiranga;Não informado;Não informado;;;;;
São Paulo;Penha;Não informado;Não informado;;;;;
São Paulo;República;Não informado;Não informado;;;;;
São Paulo;Perdizes;Não informado;Não informado;;;;;
São Paulo;Penha;São Paulo;Bela Vista;;;;;
São Paulo;Campo Limpo;São Paulo;Consolação;;;;;
São Paulo;Sé;São Paulo;Sé;;;;;
São Paulo;Consolação;Não informado;Não informado;;;;;
São Paulo;Sé;Não informado;Não informado;;;;;
São Paulo;Santo Amaro;Não informado;Não informado;;;;;
São Paulo;Campo Limpo;Não informado;Não informado;;;;;
São Paulo;Tucuruvi;São Paulo;Casa Verde;;;;;
São Paulo;Jabaquara;São Paulo;Ipiranga;;;;;
São Paulo;Jabaquara;São Paulo;Higienópolis;;;;;
São Paulo;Penha;Não informado;Não informado;;;;;
São Paulo;Santana;Não informado;Não informado;;;;;
São Paulo;Perdizes;São Paulo;Perdizes;;;;;
São Paulo;Pinheiros;Não informado;Não informado;;;;;
São Paulo;Bela Vista;São Paulo;República;;;;;
São Paulo;Pinheiros;São Paulo;Santana;;;;;
Diadema;Centro;Não informado;Não informado;;;;;
São Paulo;Penha;Não informado;Não informado;;;;;
Ribeirão Pires;Itaquera;São Paulo;Pinheiros;;;;;
São Paulo;Lapa;São Paulo;Higienópolis;;;;;
São Paulo;Santana;São Paulo;Higienópolis;;;;;
São Paulo;Lapa;São Paulo;Limão;;;;;
São Paulo;Campo Limpo;São Paulo;Sé;;;;;
São Paulo;Limão;Não informado;Não informado;;;;;
São Paulo;República;Não informado;Não informado;;;;;
São Paulo;Ipiranga;Não informado;Não informado;;;;;
São Paulo;Jabaquara;Não informado;Não informado;;;;;
São Paulo;Limão;São Paulo;Bela Vista;;;;;
São Paulo;Higienópolis;São Paulo;Casa Verde;;;;;
São Paulo;Higienópolis;São Paulo;Tucuruvi;;;;;
Freitas Alegre;Sé;São Paulo;Santana;;;;;
São Paulo;Lapa;São Paulo;Consolação;;;;;
São Paulo;Butantã;Não informado;Não informado;;;;;
São Paulo;Penha;Não informado;Não informado;;;;;
São Paulo;Higienópolis;São Paulo;Higienópolis;;;;;
São Paulo;Lapa;São Paulo;Consolação;;;;;
São Paulo;Pinheiros;São Paulo;República;;;;;
São Caetano;República;São Paulo;Higienópolis;;;;;
São Paulo;Bela Vista;São Paulo;Penha;;;;;
São Paulo;Tatuapé;Não informado;Não informado;;;;;
São Paulo;Tucuruvi;São Paulo;Consolação;;;;;
Martins do Norte;Ipiranga;São Paulo;Bela Vista;;;;;
Moura de Cavalcanti;Higienópolis;São Paulo;Higienópolis;;;;;
São Paulo;Limão;São Paulo;Sé;;;;;
São Paulo;Perdizes;Não informado;Não informado;;;;;
Fernandes;Sé;São Paulo;República;;;;;
São Paulo;Santo Amaro;Não informado;Não informado;;;;;
São Paulo;Butantã;Não informado;Não informado;;;;;
São Paulo;Pinheiros;São Paulo;Perdizes;;;;;
São Paulo;Tatuapé;São Paulo;República;;;;;
São Paulo;Itaquera;Não informado;Não informado;;;;;
São Paulo;Tatuapé;Não informado;Não informado;;;;;
São Paulo;Limão;Não informado;Não informado;;;;;
São Paulo;Itaquera;Não informado;Não informado;;;;;
São Paulo;Lapa;Não informado;Não informado;;;;;
São Paulo;Santo Amaro;São Paulo;Sé;;;;;
São Paulo;Jabaquara;São Paulo;Santana;;;;;
São Paulo;Jabaquara;São Paulo;Itaquera;;;;;
São Paulo;Ipiranga;Não informado;Não informado;;;;;
São Paulo;Bela Vista;Não informado;Não informado;;;;;
Diadema;Centro;São Paulo;Tatuapé;;;;;
Pereira;Lapa;São Paulo;Sé;;;;;
São Paulo;Sé;São Paulo;Consolação;;;;;
São Paulo;Perdizes;São Paulo;Higienópolis;;;;;
São Paulo;Lapa;São Paulo;Consolação;;;;;
São Paulo;Itaquera;Não informado;Não informado;;;;;
São Paulo;Jabaquara;São Paulo;Limão;;;;;
São Paulo;Tucuruvi;São Paulo;Bela Vista;;;;;
Rezende;Lapa;São Paulo;Santana;;;;;
São Paulo;Santo Amaro;Não informado;Não informado;;;;;
São Paulo;Bela Vista;São Paulo;Penha;;;;;
São Paulo;Lapa;São Paulo;Lapa;;;;;
São Paulo;Perdizes;Não informado;Não informado;;;;;
São Paulo;Butantã;São Paulo;Consolação;;;;;
Silveira Paulista;Limão;Não informado;Não informado;;;;;
São Paulo;Bela Vista;São Paulo;República;;;;;
São Paulo;Limão;Não informado;Não informado;;;;;
São Paulo;Jabaquara;Não informado;Não informado;;;;;
São Paulo;Tucuruvi;São Paulo;Santana;;;;;
São Paulo;Santo Amaro;São Paulo;Casa Verde;;;;;
São Paulo;Ipiranga;Não informado;Não informado;;;;;
São Paulo;Pinheiros;São Paulo;Santo Amaro;;;;;
São Paulo;Bela Vista;São Paulo;Bela Vista;;;;;
São Paulo;Itaquera;Não informado;Não informado;;;;;
São Paulo;Campo Limpo;Não informado;Não informado;;;;;
São Paulo;Lapa;São Paulo;Jabaquara;;;;;
São Paulo;Consolação;São Paulo;Sé;;;;;
São Paulo;Casa Verde;Não informado;Não informado;;;;;
São Paulo;Limão;Não informado;Não informado;;;;;
São Paulo;Penha;Não informado;Não informado;;;;;
São Paulo;Higienópolis;Não informado;Não informado;;;;;
São Paulo;Butantã;Não informado;Não informado;;;;;
São Paulo;Santana;São Paulo;República;;;;;
São Paulo;República;Não informado;Não informado;;;;;
São Paulo;Lapa;Não informado;Não informado;;;;;
São Paulo;Pinheiros;Não informado;Não informado;;;;;
São Paulo;Penha;Não informado;Não informado;;;;;
São Paulo;Limão;Não informado;Não informado;;;;;
São Paulo;Higienópolis;São Paulo;Bela Vista;;;;;
São Paulo;Casa Verde;Não informado;Não informado;;;;;
São Paulo;Lapa;São Paulo;Higienópolis;;;;;
São Paulo;Vila Prudente;São Paulo;Tucuruvi;;;;;
São Paulo;Bela Vista;São Paulo;Sé;;;;;
Ribeirão Pires;Lapa;Não informado;Não informado;;;;;
São Paulo;Bela Vista;São Paulo;Tucuruvi;;;;;
Castro;Santo Amaro;São Paulo;Lapa;;;;;
São Paulo;Tatuapé;São Paulo;Consolação;;;;;
São Paulo;Consolação;São Paulo;Consolação;;;;;
São Paulo;Itaquera;Não informado;Não informado;;;;;
São Paulo;Tucuruvi;São Paulo;Consolação;;;;;
São Paulo;Limão;São Paulo;Higienópolis;;;;;
São Paulo;Campo Limpo;São Paulo;Higienópolis;;;;;
São Paulo;Santana;Não informado;Não informado;;;;;
São Paulo;República;São Paulo;Bela Vista;;;;;
São Paulo;Butantã;São Paulo;Higienópolis;;;;;
São Paulo;Bela Vista;São Paulo;Tatuapé;;;;;
Pires;Casa Verde;Não informado;Não informado;;;;;
São Paulo;Lapa;São Paulo;Santana;;;;;
São Paulo;Pinheiros;São Paulo;Consolação;;;;;
São Paulo;Butantã;São Paulo;Consolação;;;;;
Santo André;Tatuapé;São Paulo;Higienópolis;;;;;
São Paulo;Consolação;Não informado;Não informado;;;;;
São Paulo;Perdizes;Não informado;Não informado;;;;;
São Paulo;Itaquera;São Paulo;Higienópolis;;;;;
São Paulo;Consolação;São Paulo;Consolação;;;;;
São Paulo;Limão;São Paulo;Santana;;;;;
São Paulo;República;Não informado;Não informado;;;;;
Rocha;Higienópolis;Não informado;Não informado;;;;;
São Paulo;República;Não informado;Não informado;;;;;
São Caetano;Ipiranga;São Paulo;Bela Vista;;;;;
São Paulo;Higienópolis;Não informado;Não informado;;;;;
São Paulo;Lapa;São Paulo;Tatuapé;;;;;
São Paulo;Bela Vista;Não informado;Não informado;;;;;
São Paulo;Butantã;São Paulo;Itaquera;;;;;
São Paulo;Jabaquara;São Paulo;Vila Prudente;;;;;
São Paulo;Pinheiros;Não informado;Não informado;;;;;
São Paulo;Pinheiros;São Paulo;República;;;;;
Monteiro;Santana;Não informado;Não informado;;;;;
São Paulo;Santo Amaro;São Paulo;Sé;;;;;
São Paulo;Perdizes;São Paulo;Sé;;;;;
Diadema;Bela Vista;São Paulo;Bela Vista;;;;;
São Paulo;Consolação;São Paulo;República;;;;;
São Paulo;Limão;Não informado;Não informado;;;;;
São Paulo;Jabaquara;São Paulo;Santo Amaro;;;;;
Farias;Tatuapé;Não informado;Não informado;;;;;
São Paulo;Itaquera;Não informado;Não informado;;;;;
São Paulo;Consolação;Não informado;Não informado;;;;;
São Paulo;Bela Vista;Não informado;Não informado;;;;;
São Paulo;Higienópolis;Não informado;Não informado;;;;;
Castro de Goi√°s;Vila Prudente;São Paulo;Higienópolis;;;;;
São Paulo;Lapa;Não informado;Não informado;;;;;
São Paulo;Consolação;São Paulo;Santana;;;;;
São Paulo;Casa Verde;Não informado;Não informado;;;;;
São Paulo;Bela Vista;Não informado;Não informado;;;;;
São Paulo;Vila Prudente;São Paulo;Campo Limpo;;;;;
São Paulo;Vila Prudente;Não informado;Não informado;;;;;
São Paulo;Higienópolis;Não informado;Não informado;;;;;
São Paulo;Ipiranga;Não informado;Não informado;;;;;
São Paulo;Consolação;São Paulo;Casa Verde;;;;;
São Paulo;Consolação;Não informado;Não informado;;;;;
São Paulo;Perdizes;Não informado;Não informado;;;;;
São Paulo;Lapa;Não informado;Não informado;;;;;
São Paulo;Tucuruvi;Não informado;Não informado;;;;;
São Paulo;Tatuapé;São Paulo;Higienópolis;;;;;
São Paulo;Lapa;Não informado;Não informado;;;;;
Caldeira de Nascimento;Ipiranga;São Paulo;Higienópolis;;;;;
São Paulo;Santo Amaro;São Paulo;Consolação;;;;;
São Paulo;Pinheiros;São Paulo;Santo Amaro;;;;;
São Paulo;Bela Vista;Não informado;Não informado;;;;;
São Paulo;Perdizes;São Paulo;Sé;;;;;
São Paulo;Higienópolis;São Paulo;Higienópolis;;;;;
São Paulo;Consolação;São Paulo;Consolação;;;;;
São Paulo;Lapa;São Paulo;Butantã;;;;;
São Paulo;Vila Prudente;São Paulo;Tucuruvi;;;;;
São Paulo;Sé;São Paulo;Higienópolis;;;;;
São Paulo;Itaquera;São Paulo;Sé;;;;;
São Paulo;Penha;Não informado;Não informado;;;;;
São Paulo;Vila Prudente;São Paulo;Sé;;;;;
São Paulo;Penha;São Paulo;Consolação;;;;;
São Paulo;Tucuruvi;São Paulo;Higienópolis;;;;;
São Paulo;República;São Paulo;Perdizes;;;;;
São Paulo;Santana;São Paulo;Santana;;;;;
São Paulo;Lapa;São Paulo;Santana;;;;;
São Paulo;Higienópolis;São Paulo;República;;;;;
São Paulo;Penha;Não informado;Não informado;;;;;
São Paulo;Perdizes;Não informado;Não informado;;;;;
São Paulo;Santo Amaro;São Paulo;Casa Verde;;;;;
São Paulo;Butantã;Não informado;Não informado;;;;;
São Paulo;Tatuapé;São Paulo;Higienópolis;;;;;
São Paulo;Ipiranga;Não informado;Não informado;;;;;
São Paulo;Limão;São Paulo;Consolação;;;;;
São Paulo;Pinheiros;São Paulo;Casa Verde;;;;;
São Paulo;Vila Prudente;São Paulo;Itaquera;;;;;
São Paulo;Higienópolis;São Paulo;Sé;;;;;
São Paulo;Santo Amaro;Não informado;Não informado;;;;;
São Paulo;Lapa;São Paulo;Consolação;;;;;
São Paulo;Pinheiros;Não informado;Não informado;;;;;
São Paulo;Limão;São Paulo;Limão;;;;;
São Paulo;Consolação;Não informado;Não informado;;;;;
São Paulo;Consolação;São Paulo;Higienópolis;;;;;
São Paulo;Jabaquara;São Paulo;Consolação;;;;;
São Paulo;Sé;São Paulo;Santo Amaro;;;;;
São Paulo;Lapa;Não informado;Não informado;;;;;
São Paulo;Bela Vista;Não informado;Não informado;;;;;
São Paulo;Higienópolis;São Paulo;Tucuruvi;;;;;
São Paulo;Santo Amaro;Não informado;Não informado;;;;;
São Paulo;Jabaquara;São Paulo;Higienópolis;;;;;
São Paulo;Campo Limpo;São Paulo;Tucuruvi;;;;;
São Paulo;Itaquera;São Paulo;Campo Limpo;;;;;
São Paulo;Limão;São Paulo;Higienópolis;;;;;
Diadema;Perdizes;Não informado;Não informado;;;;;
Campos dos Dourados;Sé;São Paulo;Santana;;;;;
São Paulo;Higienópolis;São Paulo;Butantã;;;;;
São Paulo;Bela Vista;Não informado;Não informado;;;;;
São Paulo;Tucuruvi;Não informado;Não informado;;;;;
São Paulo;Sé;São Paulo;Campo Limpo;;;;;
São Paulo;Vila Prudente;Não informado;Não informado;;;;;
São Paulo;Tatuapé;Não informado;Não informado;;;;;
São Paulo;Penha;São Paulo;República;;;;;
Ribeirão Pires;Tatuapé;São Paulo;Sé;;;;;
São Paulo;Penha;São Paulo;Limão;;;;;
Ribeiro;Santana;São Paulo;Limão;;;;;
São Paulo;Tatuapé;Não informado;Não informado;;;;;
São Paulo;Campo Limpo;Não informado;Não informado;;;;;
São Paulo;Perdizes;Não informado;Não informado;;;;;
São Paulo;Perdizes;São Paulo;Tucuruvi;;;;;
São Paulo;República;São Paulo;Perdizes;;;;;
São Paulo;Casa Verde;São Paulo;Bela Vista;;;;;
São Paulo;Bela Vista;São Paulo;Tatuapé;;;;;
São Paulo;Butantã;São Paulo;República;;;;;
São Paulo;Sé;São Paulo;Consolação;;;;;
São Paulo;Penha;São Paulo;Consolação;;;;;
São Paulo;Bela Vista;São Paulo;Penha;;;;;
Campos;Limão;Não informado;Não informado;;;;;
São Paulo;Campo Limpo;Não informado;Não informado;;;;;
São Paulo;República;São Paulo;Higienópolis;;;;;
São Paulo;Jabaquara;São Paulo;República;;;;;
São Paulo;Perdizes;São Paulo;Consolação;;;;;
Moraes do Campo;República;São Paulo;República;;;;;
São Paulo;Bela Vista;São Paulo;Higienópolis;;;;;
São Paulo;Higienópolis;São Paulo;Bela Vista;;;;;
São Paulo;Tucuruvi;São Paulo;Tatuapé;;;;;
São Paulo;Santana;São Paulo;Higienópolis;;;;;
São Paulo;Sé;São Paulo;Santana;;;;;
São Paulo;Lapa;São Paulo;Sé;;;;;
São Paulo;Higienópolis;São Paulo;República;;;;;
São Paulo;Bela Vista;São Paulo;Santana;;;;;
São Paulo;Lapa;São Paulo;Consolação;;;;;
São Paulo;Butantã;São Paulo;Vila Prudente;;;;;
São Paulo;Tatuapé;Não informado;Não informado;;;;;
São Paulo;Santana;Não informado;Não informado;;;;;
São Paulo;Perdizes;Não informado;Não informado;;;;;
São Paulo;Casa Verde;São Paulo;Tatuapé;;;;;
São Paulo;Limão;São Paulo;Itaquera;;;;;
Ribeirão Pires;Santo Amaro;São Paulo;República;;;;;
São Paulo;Itaquera;Não informado;Não informado;;;;;
São Paulo;Lapa;São Paulo;Consolação;;;;;
São Paulo;Santana;Não informado;Não informado;;;;;
São Paulo;Tatuapé;São Paulo;Sé;;;;;
São Paulo;Lapa;Não informado;Não informado;;;;;
São Paulo;Casa Verde;Não informado;Não informado;;;;;
São Paulo;Bela Vista;São Paulo;Consolação;;;;;
São Paulo;Butantã;São Paulo;Higienópolis;;;;;
São Paulo;Tucuruvi;São Paulo;Butantã;;;;;
São Paulo;Perdizes;São Paulo;Higienópolis;;;;;
São Paulo;Tucuruvi;São Paulo;Higienópolis;;;;;
São Paulo;Lapa;São Paulo;Tatuapé;;;;;
São Paulo;Jabaquara;São Paulo;Bela Vista;;;;;
São Paulo;Sé;Não informado;Não informado;;;;;
São Paulo;República;São Paulo;República;;;;;
São Paulo;Tatuapé;São Paulo;República;;;;;
Rio Grande da Serra;Pinheiros;São Paulo;República;;;;;
São Paulo;Perdizes;Não informado;Não informado;;;;;
São Paulo;Pinheiros;Não informado;Não informado;;;;;
São Paulo;Tucuruvi;São Paulo;Penha;;;;;
São Paulo;Santo Amaro;São Paulo;Bela Vista;;;;;
São Paulo;Campo Limpo;São Paulo;Santana;;;;;
São Paulo;Bela Vista;Não informado;Não informado;;;;;
São Paulo;Perdizes;São Paulo;Consolação;;;;;
Peixoto;República;Não informado;Não informado;;;;;
São Paulo;Santo Amaro;São Paulo;Higienópolis;;;;;
Ribeirão Pires;Vila Prudente;São Paulo;República;;;;;
São Paulo;Itaquera;São Paulo;Higienópolis;;;;;
São Paulo;Itaquera;São Paulo;Sé;;;;;
São Paulo;República;Não informado;Não informado;;;;;
Itapevi;Penha;São Paulo;Tucuruvi;;;;;
São Paulo;Vila Prudente;São Paulo;Higienópolis;;;;;
São Paulo;Higienópolis;Não informado;Não informado;;;;;
São Paulo;Consolação;São Paulo;Penha;;;;;
São Paulo;Ipiranga;São Paulo;Tatuapé;;;;;
São Paulo;Pinheiros;São Paulo;Consolação;;;;;
São Paulo;Higienópolis;São Paulo;República;;;;;
São Paulo;República;São Paulo;Casa Verde;;;;;
São Paulo;Bela Vista;Não informado;Não informado;;;;;
São Paulo;Ipiranga;São Paulo;Santo Amaro;;;;;
Foga√ßa do Campo;Butantã;Não informado;Não informado;;;;;
São Paulo;Tatuapé;São Paulo;República;;;;;
São Paulo;Campo Limpo;São Paulo;Casa Verde;;;;;
São Paulo;Pinheiros;Não informado;Não informado;;;;;
São Paulo;Sé;Não informado;Não informado;;;;;
São Paulo;Pinheiros;São Paulo;Sé;;;;;
São Paulo;Bela Vista;Não informado;Não informado;;;;;
São Paulo;Ipiranga;Não informado;Não informado;;;;;
São Paulo;Casa Verde;São Paulo;Casa Verde;;;;;
São Paulo;Casa Verde;São Paulo;República;;;;;
São Paulo;Limão;São Paulo;Tucuruvi;;;;;
São Paulo;Santana;São Paulo;Tatuapé;;;;;
São Paulo;Ipiranga;São Paulo;Bela Vista;;;;;
Rio Grande da Serra;Vila Prudente;Não informado;Não informado;;;;;
São Paulo;Campo Limpo;São Paulo;Consolação;;;;;
São Paulo;Butantã;São Paulo;Consolação;;;;;
São Paulo;Limão;São Paulo;Vila Prudente;;;;;
São Paulo;Santana;Não informado;Não informado;;;;;
Castro;Santana;Não informado;Não informado;;;;;
São Paulo;Bela Vista;São Paulo;Butantã;;;;;
São Paulo;Pinheiros;Não informado;Não informado;;;;;
São Paulo;Consolação;São Paulo;Consolação;;;;;
São Paulo;Santana;Não informado;Não informado;;;;;
São Paulo;Limão;Não informado;Não informado;;;;;
São Paulo;Penha;Não informado;Não informado;;;;;
São Paulo;Jabaquara;Não informado;Não informado;;;;;
São Paulo;Casa Verde;São Paulo;Santana;;;;;
São Paulo;Campo Limpo;São Paulo;Sé;;;;;
São Paulo;Lapa;São Paulo;República;;;;;
São Paulo;República;Não informado;Não informado;;;;;
São Paulo;Campo Limpo;Não informado;Não informado;;;;;
São Paulo;República;Não informado;Não informado;;;;;
São Paulo;Campo Limpo;São Paulo;Consolação;;;;;
São Paulo;Casa Verde;São Paulo;Consolação;;;;;
São Paulo;Perdizes;São Paulo;Higienópolis;;;;;
São Paulo;República;Não informado;Não informado;;;;;
São Paulo;Bela Vista;Não informado;Não informado;;;;;
São Paulo;Casa Verde;Não informado;Não informado;;;;;
São Paulo;Casa Verde;São Paulo;Vila Prudente;;;;;
São Paulo;Tatuapé;São Paulo;República;;;;;
São Paulo;Perdizes;São Paulo;Sé;;;;;
São Paulo;Higienópolis;Não informado;Não informado;;;;;
Suzano;Itaquera;Não informado;Não informado;;;;;
São Paulo;Lapa;São Paulo;República;;;;;
São Paulo;Bela Vista;São Paulo;Sé;;;;;
São Paulo;Tatuapé;Não informado;Não informado;;;;;
São Paulo;Higienópolis;Não informado;Não informado;;;;;
Freitas;Campo Limpo;São Paulo;Santana;;;;;
São Paulo;Sé;São Paulo;Consolação;;;;;
São Paulo;Pinheiros;São Paulo;Lapa;;;;;
São Paulo;Pinheiros;Não informado;Não informado;;;;;
São Paulo;Limão;Não informado;Não informado;;;;;
São Paulo;Consolação;São Paulo;República;;;;;
Mauá;Bela Vista;São Paulo;Penha;;;;;
São Paulo;Tucuruvi;Não informado;Não informado;;;;;
São Paulo;Consolação;São Paulo;Bela Vista;;;;;
São Paulo;Itaquera;São Paulo;Santana;;;;;
São Paulo;Butantã;Não informado;Não informado;;;;;
São Paulo;Consolação;São Paulo;Santo Amaro;;;;;
São Paulo;Santo Amaro;São Paulo;Sé;;;;;
São Paulo;Lapa;Não informado;Não informado;;;;;
São Paulo;Bela Vista;São Paulo;Lapa;;;;;
São Paulo;Itaquera;São Paulo;República;;;;;
São Paulo;Vila Prudente;Não informado;Não informado;;;;;
São Paulo;Santo Amaro;São Paulo;Consolação;;;;;
São Paulo;Jabaquara;São Paulo;Limão;;;;;
São Paulo;Santana;São Paulo;Penha;;;;;
São Paulo;Tucuruvi;Não informado;Não informado;;;;;
São Paulo;Santana;Não informado;Não informado;;;;;
São Paulo;Itaquera;São Paulo;Limão;;;;;
São Paulo;Higienópolis;Não informado;Não informado;;;;;
São Paulo;Jabaquara;Não informado;Não informado;;;;;
São Paulo;Butantã;São Paulo;Limão;;;;;
São Paulo;Limão;São Paulo;Casa Verde;;;;;
São Paulo;Santana;São Paulo;Bela Vista;;;;;
São Paulo;Campo Limpo;Não informado;Não informado;;;;;
São Paulo;Sé;São Paulo;Consolação;;;;;
São Paulo;Tucuruvi;Não informado;Não informado;;;;;
São Paulo;Ipiranga;Não informado;Não informado;;;;;
São Paulo;Lapa;São Paulo;Consolação;;;;;
São Paulo;Tucuruvi;São Paulo;Perdizes;;;;;
São Paulo;Pinheiros;São Paulo;Itaquera;;;;;
São Paulo;Higienópolis;São Paulo;Bela Vista;;;;;
São Paulo;Higienópolis;São Paulo;Consolação;;;;;
São Paulo;Tucuruvi;Não informado;Não informado;;;;;
São Paulo;Sé;Não informado;Não informado;;;;;
São Paulo;Casa Verde;São Paulo;Pinheiros;;;;;
Mauá;Casa Verde;Não informado;Não informado;;;;;
São Paulo;Perdizes;São Paulo;Santana;;;;;
Barbosa;Jabaquara;Não informado;Não informado;;;;;
São Paulo;Tucuruvi;Não informado;Não informado;;;;;
São Paulo;Butantã;São Paulo;Pinheiros;;;;;
São Paulo;Santo Amaro;Não informado;Não informado;;;;;
São Paulo;Sé;São Paulo;Consolação;;;;;
São Paulo;Ipiranga;Não informado;Não informado;;;;;
Diadema;Santana;São Paulo;Sé;;;;;
São Paulo;Tucuruvi;São Paulo;Sé;;;;;
São Paulo;Lapa;São Paulo;Higienópolis;;;;;
Diadema;Centro;São Paulo;Consolação;;;;;
Diadema;Tatuapé;São Paulo;Sé;;;;;
Diadema;Penha;Não informado;Não informado;;;;;
São Paulo;Tatuapé;São Paulo;República;;;;;
São Paulo;Perdizes;São Paulo;Ipiranga;;;;;
São Paulo;Sé;São Paulo;Penha;;;;;
São Paulo;Lapa;Não informado;Não informado;;;;;
São Paulo;Sé;Não informado;Não informado;;;;;
Pinto;Limão;Não informado;Não informado;;;;;
São Paulo;Perdizes;São Paulo;República;;;;;
Pinto;Butantã;São Paulo;Sé;;;;;
São Paulo;Itaquera;Não informado;Não informado;;;;;
São Paulo;Tatuapé;São Paulo;Penha;;;;;
São Paulo;Vila Prudente;Não informado;Não informado;;;;;
São Paulo;Bela Vista;Não informado;Não informado;;;;;
São Paulo;Limão;São Paulo;Vila Prudente;;;;;
São Paulo;Tatuapé;São Paulo;Bela Vista;;;;;
São Paulo;Consolação;São Paulo;Higienópolis;;;;;
Monteiro do Amparo;Campo Limpo;Não informado;Não informado;;;;;
São Paulo;Bela Vista;São Paulo;Higienópolis;;;;;
Ribeiro;Bela Vista;Não informado;Não informado;;;;;
São Paulo;Jabaquara;São Paulo;Tucuruvi;;;;;
São Paulo;Sé;São Paulo;República;;;;;
São Paulo;Limão;São Paulo;Sé;;;;;
São Paulo;Ipiranga;São Paulo;Casa Verde;;;;;
São Paulo;Perdizes;São Paulo;Bela Vista;;;;;
São Paulo;Consolação;Não informado;Não informado;;;;;
São Paulo;Jabaquara;São Paulo;Consolação;;;;;
São Paulo;Santana;Não informado;Não informado;;;;;
Diadema;Perdizes;São Paulo;Higienópolis;;;;;
São Paulo;Casa Verde;São Paulo;Penha;;;;;
São Paulo;Itaquera;Não informado;Não informado;;;;;
São Paulo;Sé;Não informado;Não informado;;;;;
São Paulo;Consolação;São Paulo;Bela Vista;;;;;
São Paulo;Consolação;Não informado;Não informado;;;;;
São Paulo;Jabaquara;São Paulo;Higienópolis;;;;;
São Paulo;Ipiranga;Não informado;Não informado;;;;;
São Paulo;Santana;Não informado;Não informado;;;;;
São Paulo;Lapa;São Paulo;Limão;;;;;
São Paulo;Ipiranga;São Paulo;Higienópolis;;;;;
São Paulo;Casa Verde;São Paulo;Penha;;;;;
São Paulo;Lapa;São Paulo;Bela Vista;;;;;
São Paulo;Limão;São Paulo;Consolação;;;;;
São Paulo;Tatuapé;Não informado;Não informado;;;;;
São Paulo;Consolação;São Paulo;Casa Verde;;;;;
São Paulo;Pinheiros;Não informado;Não informado;;;;;
São Paulo;Consolação;Não informado;Não informado;;;;;
São Paulo;Santana;São Paulo;Higienópolis;;;;;
São Paulo;Tucuruvi;Não informado;Não informado;;;;;
São Paulo;Casa Verde;São Paulo;Santana;;;;;
São Paulo;Tatuapé;Não informado;Não informado;;;;;
São Paulo;Sé;Não informado;Não informado;;;;;
São Paulo;Bela Vista;Não informado;Não informado;;;;;
São Paulo;Penha;São Paulo;Higienópolis;;;;;
Pereira;Santo Amaro;Não informado;Não informado;;;;;
São Paulo;Casa Verde;São Paulo;Santana;;;;;
São Paulo;Vila Prudente;São Paulo;Limão;;;;;
São Paulo;Jabaquara;São Paulo;Higienópolis;;;;;
São Paulo;Perdizes;Não informado;Não informado;;;;;
São Paulo;Vila Prudente;São Paulo;Consolação;;;;;
São Paulo;Perdizes;Não informado;Não informado;;;;;
São Paulo;Tucuruvi;Não informado;Não informado;;;;;
São Paulo;Lapa;São Paulo;Sé;;;;;
São Paulo;Casa Verde;São Paulo;Tucuruvi;;;;;
Mauá;Higienópolis;Não informado;Não informado;;;;;
São Paulo;Butantã;São Paulo;República;;;;;
São Paulo;Santana;São Paulo;Consolação;;;;;
São Paulo;Jabaquara;São Paulo;Casa Verde;;;;;
São Paulo;Higienópolis;São Paulo;República;;;;;
São Paulo;Pinheiros;Não informado;Não informado;;;;;
São Paulo;Itaquera;São Paulo;Sé;;;;;
São Paulo;Santo Amaro;São Paulo;Higienópolis;;;;;
São Paulo;Tucuruvi;São Paulo;Santana;;;;;
São Paulo;Campo Limpo;São Paulo;Butantã;;;;;
São Paulo;Casa Verde;São Paulo;Casa Verde;;;;;
São Paulo;Butantã;São Paulo;Higienópolis;;;;;
São Paulo;Lapa;São Paulo;Itaquera;;;;;
São Paulo;Itaquera;São Paulo;Tatuapé;;;;;
São Paulo;Santana;Não informado;Não informado;;;;;
São Paulo;Casa Verde;São Paulo;República;;;;;
São Paulo;Consolação;Não informado;Não informado;;;;;
São Paulo;Tatuapé;São Paulo;Limão;;;;;
São Paulo;Tucuruvi;São Paulo;Santo Amaro;;;;;
São Paulo;Santo Amaro;São Paulo;Consolação;;;;;
São Paulo;Perdizes;São Paulo;Penha;;;;;
São Paulo;Itaquera;São Paulo;Higienópolis;;;;;
Silveira;Bela Vista;São Paulo;República;;;;;
São Paulo;Santo Amaro;Não informado;Não informado;;;;;
São Paulo;Tucuruvi;Não informado;Não informado;;;;;
São Paulo;Perdizes;São Paulo;Tatuapé;;;;;
São Paulo;República;São Paulo;Sé;;;;;
Diadema;Casa Verde;São Paulo;Limão;;;;;
São Paulo;Vila Prudente;São Paulo;Bela Vista;;;;;
São Paulo;Tatuapé;São Paulo;Tucuruvi;;;;;
São Paulo;Tatuapé;Não informado;Não informado;;;;;
São Paulo;Ipiranga;São Paulo;Campo Limpo;;;;;
São Paulo;Pinheiros;São Paulo;Jabaquara;;;;;
São Paulo;Bela Vista;São Paulo;Higienópolis;;;;;
São Paulo;Bela Vista;São Paulo;Higienópolis;;;;;
São Paulo;Campo Limpo;São Paulo;Sé;;;;;
São Paulo;Jabaquara;São Paulo;República;;;;;
São Paulo;Lapa;São Paulo;Sé;;;;;
São Paulo;Butantã;São Paulo;Bela Vista;;;;;
São Paulo;Campo Limpo;Não informado;Não informado;;;;;
São Paulo;Santo Amaro;Não informado;Não informado;;;;;
São Paulo;Santana;São Paulo;Casa Verde;;;;;
São Paulo;Bela Vista;Não informado;Não informado;;;;;
São Paulo;Higienópolis;Não informado;Não informado;;;;;
São Paulo;Pinheiros;São Paulo;Vila Prudente;;;;;
São Paulo;Campo Limpo;São Paulo;Sé;;;;;
São Paulo;Tatuapé;São Paulo;Limão;;;;;
São Paulo;Bela Vista;Não informado;Não informado;;;;;
Teixeira;Butantã;Não informado;Não informado;;;;;
São Paulo;Campo Limpo;São Paulo;República;;;;;
São Paulo;Tucuruvi;Não informado;Não informado;;;;;
São Paulo;Higienópolis;São Paulo;Sé;;;;;
São Paulo;Penha;São Paulo;Itaquera;;;;;
São Paulo;Consolação;São Paulo;Ipiranga;;;;;
São Paulo;Casa Verde;Não informado;Não informado;;;;;
São Paulo;Limão;Não informado;Não informado;;;;;
São Paulo;Bela Vista;São Paulo;Sé;;;;;
São Paulo;República;São Paulo;Consolação;;;;;
São Paulo;Lapa;Não informado;Não informado;;;;;
São Paulo;Tatuapé;Não informado;Não informado;;;;;
São Paulo;Santana;Não informado;Não informado;;;;;
São Paulo;Bela Vista;Não informado;Não informado;;;;;
Ribeirão Pires;Penha;Não informado;Não informado;;;;;
São Paulo;Ipiranga;São Paulo;Butantã;;;;;
São Paulo;República;São Paulo;Limão;;;;;
São Paulo;Vila Prudente;São Paulo;Higienópolis;;;;;
São Paulo;República;São Paulo;Consolação;;;;;
Lopes dos Dourados;Bela Vista;São Paulo;Itaquera;;;;;
São Paulo;República;São Paulo;Sé;;;;;
São Paulo;República;São Paulo;Casa Verde;;;;;
São Paulo;Santana;Não informado;Não informado;;;;;
Santo André;Campo Limpo;São Paulo;Bela Vista;;;;;
São Paulo;Penha;São Paulo;Ipiranga;;;;;
Souza do Campo;Pinheiros;São Paulo;Bela Vista;;;;;
São Paulo;República;Não informado;Não informado;;;;;
São Paulo;Penha;Não informado;Não informado;;;;;
São Paulo;Consolação;Não informado;Não informado;;;;;
São Paulo;Butantã;Não informado;Não informado;;;;;
São Paulo;Sé;São Paulo;Consolação;;;;;
São Paulo;Tucuruvi;São Paulo;República;;;;;
São Paulo;Tatuapé;São Paulo;Higienópolis;;;;;
São Paulo;Itaquera;São Paulo;Sé;;;;;
São Paulo;Butantã;Não informado;Não informado;;;;;
São Paulo;Butantã;Não informado;Não informado;;;;;
São Paulo;Butantã;São Paulo;Higienópolis;;;;;
São Paulo;Santo Amaro;Não informado;Não informado;;;;;
São Paulo;Perdizes;Não informado;Não informado;;;;;
São Paulo;Limão;São Paulo;Santana;;;;;
São Paulo;Perdizes;Não informado;Não informado;;;;;
São Paulo;Santana;São Paulo;Sé;;;;;
São Paulo;Pinheiros;São Paulo;Higienópolis;;;;;
Ribeirão Pires;Perdizes;São Paulo;Ipiranga;;;;;
São Paulo;Penha;Não informado;Não informado;;;;;
São Paulo;Bela Vista;São Paulo;Higienópolis;;;;;
São Paulo;Consolação;São Paulo;República;;;;;
Ribeirão Pires;Jabaquara;Não informado;Não informado;;;;;
São Paulo;Consolação;São Paulo;Consolação;;;;;
São Paulo;Limão;São Paulo;Sé;;;;;
São Paulo;Itaquera;São Paulo;Casa Verde;;;;;
São Paulo;Lapa;São Paulo;Bela Vista;;;;;
São Paulo;Penha;Não informado;Não informado;;;;;
São Paulo;Vila Prudente;São Paulo;Penha;;;;;
São Paulo;Higienópolis;São Paulo;Higienópolis;;;;;
São Paulo;Sé;São Paulo;República;;;;;
Nogueira;Santo Amaro;São Paulo;Sé;;;;;
Nogueira;Limão;São Paulo;Vila Prudente;;;;;
São Paulo;Penha;Não informado;Não informado;;;;;
São Paulo;Jabaquara;Não informado;Não informado;;;;;
São Paulo;Sé;Não informado;Não informado;;;;;
São Paulo;Butantã;São Paulo;Santana;;;;;
São Paulo;Santo Amaro;São Paulo;Santana;;;;;
São Paulo;Vila Prudente;Não informado;Não informado;;;;;
São Paulo;Santana;Não informado;Não informado;;;;;
São Paulo;Consolação;São Paulo;República;;;;;
São Paulo;Tucuruvi;Não informado;Não informado;;;;;
São Paulo;Penha;Não informado;Não informado;;;;;
São Paulo;Santo Amaro;Não informado;Não informado;;;;;
São Paulo;Campo Limpo;Não informado;Não informado;;;;;
São Paulo;Itaquera;Não informado;Não informado;;;;;
São Paulo;Ipiranga;Não informado;Não informado;;;;;
São Paulo;Santana;Não informado;Não informado;;;;;
São Paulo;Itaquera;Não informado;Não informado;;;;;
São Paulo;Butantã;São Paulo;Higienópolis;;;;;
São Paulo;Lapa;Não informado;Não informado;;;;;
São Paulo;Higienópolis;São Paulo;Casa Verde;;;;;
São Paulo;Santana;São Paulo;Tucuruvi;;;;;
São Paulo;Penha;São Paulo;Bela Vista;;;;;
São Paulo;Casa Verde;Não informado;Não informado;;;;;
São Paulo;Santana;Não informado;Não informado;;;;;
Diadema;Casa Verde;São Paulo;Consolação;;;;;
São Paulo;Itaquera;Não informado;Não informado;;;;;
São Paulo;Limão;Não informado;Não informado;;;;;
São Paulo;Limão;São Paulo;Sé;;;;;
São Paulo;Itaquera;São Paulo;Penha;;;;;
São Paulo;Campo Limpo;São Paulo;Sé;;;;;
São Paulo;Tucuruvi;São Paulo;República;;;;;
São Paulo;Jabaquara;Não informado;Não informado;;;;;
São Paulo;Itaquera;São Paulo;Lapa;;;;;
São Paulo;Tucuruvi;Não informado;Não informado;;;;;
São Paulo;Sé;São Paulo;Sé;;;;;
São Paulo;Santana;Não informado;Não informado;;;;;
São Paulo;Lapa;Não informado;Não informado;;;;;
São Paulo;Campo Limpo;Não informado;Não informado;;;;;
São Paulo;Higienópolis;São Paulo;República;;;;;
São Paulo;República;São Paulo;Sé;;;;;
São Paulo;Casa Verde;São Paulo;Limão;;;;;
São Paulo;Bela Vista;Não informado;Não informado;;;;;
São Paulo;Vila Prudente;Não informado;Não informado;;;;;
São Paulo;Lapa;Não informado;Não informado;;;;;
São Paulo;Lapa;São Paulo;Itaquera;;;;;
São Paulo;República;Não informado;Não informado;;;;;
São Paulo;Vila Prudente;Não informado;Não informado;;;;;
São Paulo;Penha;Não informado;Não informado;;;;;
São Paulo;Itaquera;São Paulo;Sé;;;;;
São Paulo;Jabaquara;Não informado;Não informado;;;;;
São Paulo;República;São Paulo;Tucuruvi;;;;;
São Paulo;Sé;São Paulo;Consolação;;;;;
Santos de Minas;Jabaquara;Não informado;Não informado;;;;;
São Paulo;Butantã;São Paulo;Sé;;;;;
São Paulo;Tatuapé;São Paulo;Vila Prudente;;;;;
São Paulo;Santana;São Paulo;República;;;;;
São Paulo;República;São Paulo;Consolação;;;;;
São Paulo;Campo Limpo;Não informado;Não informado;;;;;
São Paulo;Penha;São Paulo;Sé;;;;;
São Paulo;Sé;Não informado;Não informado;;;;;
Jesus de Minas;Vila Prudente;Não informado;Não informado;;;;;
São Paulo;Ipiranga;São Paulo;Itaquera;;;;;
São Paulo;Jabaquara;São Paulo;Tatuapé;;;;;
São Paulo;Santana;Não informado;Não informado;;;;;
São Paulo;Itaquera;São Paulo;Perdizes;;;;;
Duarte de Goi√°s;República;Não informado;Não informado;;;;;
Cunha;Lapa;São Paulo;Sé;;;;;
São Paulo;Vila Prudente;São Paulo;Higienópolis;;;;;
São Paulo;Casa Verde;São Paulo;Ipiranga;;;;;
São Paulo;Santana;São Paulo;Limão;;;;;
São Paulo;Tatuapé;São Paulo;Tatuapé;;;;;
São Paulo;Penha;São Paulo;Penha;;;;;
São Paulo;Sé;São Paulo;Higienópolis;;;;;
São Paulo;Santo Amaro;São Paulo;Higienópolis;;;;;
São Paulo;Bela Vista;Não informado;Não informado;;;;;
São Paulo;Bela Vista;Não informado;Não informado;;;;;
São Paulo;Higienópolis;Não informado;Não informado;;;;;
São Paulo;Penha;São Paulo;Tucuruvi;;;;;
São Paulo;Jabaquara;São Paulo;Santana;;;;;
São Paulo;Consolação;São Paulo;Lapa;;;;;
São Paulo;Casa Verde;São Paulo;Sé;;;;;
São Paulo;Bela Vista;São Paulo;Consolação;;;;;
São Paulo;Casa Verde;São Paulo;Tatuapé;;;;;
São Paulo;Itaquera;São Paulo;Higienópolis;;;;;
São Paulo;Tatuapé;Não informado;Não informado;;;;;
Nascimento de Teixeira;Penha;São Paulo;Higienópolis;;;;;
São Paulo;Santana;São Paulo;Tucuruvi;;;;;
São Paulo;Santo Amaro;Não informado;Não informado;;;;;
São Paulo;Campo Limpo;São Paulo;Vila Prudente;;;;;
São Paulo;Sé;São Paulo;Limão;;;;;
São Paulo;Ipiranga;São Paulo;República;;;;;
São Paulo;Santana;Não informado;Não informado;;;;;
São Paulo;Limão;São Paulo;Sé;;;;;
São Paulo;Jabaquara;São Paulo;Santana;;;;;
São Paulo;Consolação;São Paulo;Santana;;;;;
São Paulo;Penha;São Paulo;Consolação;;;;;
São Paulo;Limão;São Paulo;Lapa;;;;;
São Paulo;Butantã;Não informado;Não informado;;;;;
São Paulo;Penha;São Paulo;Bela Vista;;;;;
São Paulo;Higienópolis;Não informado;Não informado;;;;;
São Paulo;Santana;São Paulo;Higienópolis;;;;;
São Paulo;Perdizes;São Paulo;Consolação;;;;;
São Paulo;Tatuapé;Não informado;Não informado;;;;;
São Paulo;Ipiranga;Não informado;Não informado;;;;;
São Paulo;Jabaquara;São Paulo;Penha;;;;;
São Paulo;Vila Prudente;São Paulo;Sé;;;;;
São Paulo;Lapa;São Paulo;Penha;;;;;
São Paulo;Santo Amaro;Não informado;Não informado;;;;;
São Paulo;Campo Limpo;São Paulo;República;;;;;
São Paulo;Higienópolis;Não informado;Não informado;;;;;
Lima;Sé;Não informado;Não informado;;;;;
Ribeirão Pires;Limão;São Paulo;Vila Prudente;;;;;
São Paulo;Butantã;Não informado;Não informado;;;;;
São Paulo;Perdizes;São Paulo;Casa Verde;;;;;
São Paulo;Butantã;São Paulo;Sé;;;;;
São Paulo;Consolação;Não informado;Não informado;;;;;
São Paulo;Santo Amaro;São Paulo;Penha;;;;;
São Paulo;Consolação;Não informado;Não informado;;;;;
São Paulo;Penha;Não informado;Não informado;;;;;
São Paulo;Itaquera;Não informado;Não informado;;;;;
São Paulo;Casa Verde;São Paulo;Higienópolis;;;;;
São Paulo;Tucuruvi;São Paulo;Perdizes;;;;;
São Paulo;Pinheiros;São Paulo;Limão;;;;;
São Paulo;Higienópolis;São Paulo;Vila Prudente;;;;;
São Paulo;Limão;Não informado;Não informado;;;;;
São Paulo;República;São Paulo;República;;;;;
São Paulo;República;São Paulo;Penha;;;;;
Suzano;República;Não informado;Não informado;;;;;
São Paulo;Sé;Não informado;Não informado;;;;;
São Paulo;Bela Vista;Não informado;Não informado;;;;;
São Paulo;Santo Amaro;São Paulo;Bela Vista;;;;;
São Paulo;Pinheiros;Não informado;Não informado;;;;;
São Paulo;Tatuapé;São Paulo;Sé;;;;;
São Paulo;Santo Amaro;Não informado;Não informado;;;;;
São Paulo;Sé;São Paulo;República;;;;;
São Paulo;Santo Amaro;Não informado;Não informado;;;;;
São Paulo;Santo Amaro;Não informado;Não informado;;;;;
São Paulo;Santana;São Paulo;Consolação;;;;;
São Paulo;Tucuruvi;São Paulo;República;;;;;
São Paulo;Lapa;Não informado;Não informado;;;;;
São Paulo;Santo Amaro;São Paulo;Sé;;;;;
São Paulo;Santo Amaro;São Paulo;Higienópolis;;;;;
São Paulo;Consolação;São Paulo;Casa Verde;;;;;
Martins;Perdizes;São Paulo;Consolação;;;;;
São Paulo;Tucuruvi;São Paulo;Sé;;;;;
São Paulo;Pinheiros;São Paulo;Consolação;;;;;
São Paulo;Sé;São Paulo;Tucuruvi;;;;;
São Paulo;Consolação;São Paulo;Santana;;;;;
São Paulo;Ipiranga;São Paulo;Sé;;;;;
São Paulo;República;São Paulo;Higienópolis;;;;;
Castro;Lapa;Não informado;Não informado;;;;;
São Paulo;Tucuruvi;São Paulo;Sé;;;;;
São Paulo;Consolação;São Paulo;Penha;;;;;
São Paulo;Penha;São Paulo;Casa Verde;;;;;
São Paulo;Santo Amaro;São Paulo;Bela Vista;;;;;
São Paulo;Limão;São Paulo;Limão;;;;;
São Paulo;Pinheiros;Não informado;Não informado;;;;;
São Paulo;Limão;Não informado;Não informado;;;;;
São Paulo;Tatuapé;São Paulo;Bela Vista;;;;;
São Paulo;Lapa;Não informado;Não informado;;;;;
São Paulo;Bela Vista;São Paulo;Santo Amaro;;;;;
São Paulo;Butantã;São Paulo;Sé;;;;;
São Paulo;Tucuruvi;São Paulo;Lapa;;;;;
São Paulo;Itaquera;Não informado;Não informado;;;;;
São Paulo;Tatuapé;São Paulo;República;;;;;
São Paulo;Ipiranga;São Paulo;Bela Vista;;;;;
São Paulo;Campo Limpo;São Paulo;Limão;;;;;
São Paulo;Lapa;Não informado;Não informado;;;;;
São Paulo;Casa Verde;São Paulo;Butantã;;;;;
São Paulo;Jabaquara;São Paulo;Santo Amaro;;;;;
Foga√ßa;Butantã;São Paulo;Sé;;;;;
Diadema;Bela Vista;São Paulo;Higienópolis;;;;;
São Paulo;Limão;São Paulo;Consolação;;;;;
São Paulo;República;São Paulo;Jabaquara;;;;;
São Paulo;Consolação;São Paulo;Bela Vista;;;;;
São Paulo;Bela Vista;São Paulo;República;;;;;
São Paulo;Casa Verde;Não informado;Não informado;;;;;
São Paulo;Sé;São Paulo;Tucuruvi;;;;;
São Paulo;Lapa;São Paulo;Sé;;;;;
São Paulo;Casa Verde;São Paulo;Higienópolis;;;;;
São Paulo;Higienópolis;Não informado;Não informado;;;;;
São Paulo;Campo Limpo;Não informado;Não informado;;;;;
São Paulo;Tucuruvi;Não informado;Não informado;;;;;
São Paulo;Penha;São Paulo;Consolação;;;;;
São Paulo;Bela Vista;São Paulo;Itaquera;;;;;
São Paulo;Lapa;São Paulo;Bela Vista;;;;;
São Paulo;Campo Limpo;Não informado;Não informado;;;;;
São Paulo;Perdizes;São Paulo;Consolação;;;;;
São Paulo;Consolação;São Paulo;Bela Vista;;;;;
São Paulo;Ipiranga;São Paulo;Jabaquara;;;;;
São Paulo;Pinheiros;Não informado;Não informado;;;;;
São Paulo;Limão;São Paulo;Sé;;;;;
São Paulo;República;Não informado;Não informado;;;;;
São Paulo;República;São Paulo;Butantã;;;;;
São Paulo;Santo Amaro;Não informado;Não informado;;;;;
São Paulo;Bela Vista;Não informado;Não informado;;;;;
São Paulo;Pinheiros;São Paulo;Vila Prudente;;;;;
São Paulo;Butantã;São Paulo;Itaquera;;;;;
São Paulo;Ipiranga;São Paulo;Perdizes;;;;;
São Paulo;Casa Verde;São Paulo;Bela Vista;;;;;
São Paulo;Itaquera;Não informado;Não informado;;;;;
São Paulo;Butantã;São Paulo;Santo Amaro;;;;;
São Paulo;Sé;São Paulo;Vila Prudente;;;;;
São Paulo;Pinheiros;Não informado;Não informado;;;;;
São Paulo;Lapa;São Paulo;Vila Prudente;;;;;
São Paulo;Limão;Não informado;Não informado;;;;;
São Paulo;Higienópolis;Não informado;Não informado;;;;;
São Paulo;Pinheiros;São Paulo;Itaquera;;;;;
Diadema;Higienópolis;São Paulo;República;;;;;
São Paulo;Consolação;Não informado;Não informado;;;;;
São Paulo;Santo Amaro;Não informado;Não informado;;;;;
São Paulo;Bela Vista;São Paulo;Bela Vista;;;;;
São Paulo;Santana;São Paulo;Tucuruvi;;;;;
São Paulo;Bela Vista;São Paulo;Bela Vista;;;;;
São Paulo;Tucuruvi;Não informado;Não informado;;;;;
São Paulo;Ipiranga;São Paulo;Tucuruvi;;;;;
São Paulo;Tucuruvi;São Paulo;Lapa;;;;;
São Paulo;Sé;São Paulo;Vila Prudente;;;;;
São Paulo;Bela Vista;São Paulo;República;;;;;
São Paulo;Tatuapé;São Paulo;Santana;;;;;
São Paulo;Bela Vista;São Paulo;Bela Vista;;;;;
São Paulo;Tucuruvi;São Paulo;Penha;;;;;
São Paulo;Pinheiros;São Paulo;Sé;;;;;
São Paulo;Tatuapé;São Paulo;República;;;;;
São Paulo;Itaquera;Não informado;Não informado;;;;;
São Paulo;Pinheiros;São Paulo;Bela Vista;;;;;
Costela Alegre;Penha;Não informado;Não informado;;;;;
São Paulo;Tatuapé;Não informado;Não informado;;;;;
São Paulo;Consolação;São Paulo;Limão;;;;;
São Paulo;Jabaquara;Não informado;Não informado;;;;;
São Paulo;Higienópolis;São Paulo;Bela Vista;;;;;
São Paulo;Sé;Não informado;Não informado;;;;;
São Paulo;Butantã;Não informado;Não informado;;;;;
São Paulo;Lapa;Não informado;Não informado;;;;;
Pinto;Sé;Não informado;Não informado;;;;;
São Paulo;Itaquera;Não informado;Não informado;;;;;
São Paulo;Higienópolis;São Paulo;Limão;;;;;
São Paulo;Casa Verde;São Paulo;Santo Amaro;;;;;
São Paulo;Perdizes;Não informado;Não informado;;;;;
São Paulo;Santana;Não informado;Não informado;;;;;
Melo Grande;Sé;Não informado;Não informado;;;;;
São Paulo;Perdizes;Não informado;Não informado;;;;;
São Paulo;Jabaquara;São Paulo;Sé;;;;;
Ribeirão Pires;Tucuruvi;Não informado;Não informado;;;;;
São Paulo;Sé;Não informado;Não informado;;;;;
São Paulo;Perdizes;São Paulo;Consolação;;;;;
São Paulo;Casa Verde;Não informado;Não informado;;;;;
São Paulo;Santana;São Paulo;Tucuruvi;;;;;
São Paulo;Itaquera;Não informado;Não informado;;;;;
São Paulo;Campo Limpo;São Paulo;Higienópolis;;;;;
São Paulo;Jabaquara;Não informado;Não informado;;;;;
São Paulo;Tatuapé;São Paulo;Campo Limpo;;;;;
São Paulo;Casa Verde;Não informado;Não informado;;;;;
São Paulo;Vila Prudente;São Paulo;Consolação;;;;;
São Paulo;Santo Amaro;São Paulo;Bela Vista;;;;;
São Paulo;Santo Amaro;São Paulo;Bela Vista;;;;;
São Paulo;Campo Limpo;São Paulo;Pinheiros;;;;;
São Paulo;Higienópolis;Não informado;Não informado;;;;;
São Paulo;Penha;Não informado;Não informado;;;;;
Diadema;Jabaquara;São Paulo;Casa Verde;;;;;
São Paulo;Consolação;São Paulo;Consolação;;;;;
São Paulo;Casa Verde;São Paulo;Santana;;;;;
São Paulo;Itaquera;São Paulo;Consolação;;;;;
São Paulo;Jabaquara;Não informado;Não informado;;;;;
São Paulo;Jabaquara;Não informado;Não informado;;;;;
São Paulo;Ipiranga;Não informado;Não informado;;;;;
São Paulo;Santo Amaro;São Paulo;Consolação;;;;;
São Paulo;Perdizes;São Paulo;Penha;;;;;
São Paulo;Pinheiros;São Paulo;Sé;;;;;
São Paulo;Limão;São Paulo;Sé;;;;;
São Paulo;Higienópolis;São Paulo;Higienópolis;;;;;
São Paulo;Bela Vista;São Paulo;Sé;;;;;
São Paulo;Tucuruvi;São Paulo;Vila Prudente;;;;;
São Paulo;Ipiranga;São Paulo;Consolação;;;;;
São Paulo;Limão;São Paulo;Bela Vista;;;;;
São Paulo;Bela Vista;Não informado;Não informado;;;;;
São Paulo;Jabaquara;Não informado;Não informado;;;;;
São Paulo;Santo Amaro;Não informado;Não informado;;;;;
Moreira;Santo Amaro;São Paulo;Bela Vista;;;;;
São Paulo;Penha;São Paulo;República;;;;;
São Paulo;Santana;Não informado;Não informado;;;;;
São Paulo;Perdizes;Não informado;Não informado;;;;;
São Paulo;Jabaquara;Não informado;Não informado;;;;;
São Paulo;Vila Prudente;São Paulo;Consolação;;;;;
São Paulo;Butantã;Não informado;Não informado;;;;;
São Paulo;Vila Prudente;Não informado;Não informado;;;;;
São Paulo;Penha;São Paulo;Limão;;;;;
São Paulo;Itaquera;São Paulo;Bela Vista;;;;;
São Paulo;Pinheiros;São Paulo;República;;;;;
Diadema;República;Não informado;Não informado;;;;;
São Paulo;Itaquera;São Paulo;Tatuapé;;;;;
São Paulo;Tucuruvi;Não informado;Não informado;;;;;
São Paulo;Santo Amaro;São Paulo;Sé;;;;;
São Paulo;Lapa;São Paulo;Vila Prudente;;;;;
São Paulo;Limão;Não informado;Não informado;;;;;
São Paulo;Jabaquara;Não informado;Não informado;;;;;
São Paulo;Jabaquara;São Paulo;Bela Vista;;;;;
São Paulo;Santo Amaro;Não informado;Não informado;;;;;
São Caetano;Itaquera;São Paulo;República;;;;;
Jesus;Higienópolis;Não informado;Não informado;;;;;
São Paulo;Jabaquara;São Paulo;Lapa;;;;;
São Paulo;Campo Limpo;Não informado;Não informado;;;;;
São Paulo;Vila Prudente;São Paulo;Consolação;;;;;
São Paulo;Ipiranga;São Paulo;Consolação;;;;;
São Paulo;Jabaquara;Não informado;Não informado;;;;;
São Paulo;Penha;São Paulo;Tatuapé;;;;;
São Paulo;Consolação;Não informado;Não informado;;;;;
São Paulo;Itaquera;São Paulo;República;;;;;
São Paulo;Ipiranga;São Paulo;Consolação;;;;;
São Paulo;Itaquera;Não informado;Não informado;;;;;
São Paulo;Santana;Não informado;Não informado;;;;;
São Paulo;República;Não informado;Não informado;;;;;
São Paulo;Santana;São Paulo;Bela Vista;;;;;
Ribeirão Pires;Campo Limpo;São Paulo;Higienópolis;;;;;
São Paulo;Bela Vista;Não informado;Não informado;;;;;
São Bernardo;Bela Vista;São Paulo;Tucuruvi;;;;;
São Paulo;Santo Amaro;São Paulo;Lapa;;;;;
São Paulo;Itaquera;São Paulo;Limão;;;;;
São Paulo;Jabaquara;Não informado;Não informado;;;;;
São Paulo;Santo Amaro;São Paulo;Tucuruvi;;;;;
São Paulo;Santo Amaro;São Paulo;Bela Vista;;;;;
São Paulo;Ipiranga;São Paulo;Casa Verde;;;;;
Itapevi;Limão;Não informado;Não informado;;;;;
São Paulo;Pinheiros;Não informado;Não informado;;;;;
São Paulo;Santana;São Paulo;Casa Verde;;;;;
São Paulo;Campo Limpo;São Paulo;Casa Verde;;;;;
São Paulo;Casa Verde;Não informado;Não informado;;;;;
São Paulo;Penha;São Paulo;Casa Verde;;;;;
São Paulo;Sé;São Paulo;Sé;;;;;
São Paulo;Jabaquara;São Paulo;Sé;;;;;
Ribeirão Pires;Tatuapé;São Paulo;Higienópolis;;;;;
São Paulo;Perdizes;São Paulo;Tucuruvi;;;;;
São Paulo;Tatuapé;Não informado;Não informado;;;;;
São Paulo;Penha;São Paulo;Ipiranga;;;;;
São Paulo;Itaquera;São Paulo;Consolação;;;;;
São Paulo;Tucuruvi;São Paulo;Itaquera;;;;;
São Paulo;Pinheiros;São Paulo;Lapa;;;;;
Correia do Campo;Santana;Não informado;Não informado;;;;;
São Paulo;Bela Vista;São Paulo;Bela Vista;;;;;
São Paulo;Lapa;São Paulo;Casa Verde;;;;;
São Paulo;Perdizes;São Paulo;República;;;;;
São Paulo;Casa Verde;São Paulo;República;;;;;
São Paulo;Santo Amaro;São Paulo;República;;;;;
São Paulo;Tucuruvi;São Paulo;Pinheiros;;;;;
São Paulo;Ipiranga;Não informado;Não informado;;;;;
São Paulo;Lapa;São Paulo;Higienópolis;;;;;
Nunes;Casa Verde;Não informado;Não informado;;;;;
São Paulo;Perdizes;São Paulo;Higienópolis;;;;;
São Paulo;Tucuruvi;Não informado;Não informado;;;;;
Cavalcanti Verde;República;São Paulo;Sé;;;;;
São Paulo;Jabaquara;São Paulo;Sé;;;;;
São Paulo;Perdizes;São Paulo;Bela Vista;;;;;
São Paulo;Vila Prudente;Não informado;Não informado;;;;;
São Paulo;Higienópolis;Não informado;Não informado;;;;;
São Paulo;Lapa;São Paulo;Campo Limpo;;;;;
São Paulo;Bela Vista;Não informado;Não informado;;;;;
São Paulo;Ipiranga;São Paulo;Tucuruvi;;;;;
Diadema;Higienópolis;Não informado;Não informado;;;;;
São Paulo;Sé;Não informado;Não informado;;;;;
São Paulo;Pinheiros;São Paulo;Sé;;;;;
São Paulo;Santo Amaro;São Paulo;República;;;;;
São Paulo;Campo Limpo;Não informado;Não informado;;;;;
São Paulo;Sé;São Paulo;Bela Vista;;;;;
São Paulo;Santana;São Paulo;Tucuruvi;;;;;
São Paulo;Vila Prudente;Não informado;Não informado;;;;;
São Paulo;Bela Vista;Não informado;Não informado;;;;;
São Paulo;Ipiranga;Não informado;Não informado;;;;;
Ribeirão Pires;Bela Vista;São Paulo;Penha;;;;;
São Paulo;Santo Amaro;São Paulo;Bela Vista;;;;;
São Paulo;Higienópolis;Não informado;Não informado;;;;;
São Paulo;Sé;Não informado;Não informado;;;;;
São Paulo;Penha;Não informado;Não informado;;;;;
São Paulo;Bela Vista;Não informado;Não informado;;;;;
São Paulo;Tucuruvi;São Paulo;Casa Verde;;;;;
São Paulo;Campo Limpo;Não informado;Não informado;;;;;
São Paulo;Butantã;Não informado;Não informado;;;;;
Diadema;Campo Limpo;Não informado;Não informado;;;;;
São Paulo;Bela Vista;Não informado;Não informado;;;;;
São Paulo;Tatuapé;Não informado;Não informado;;;;;
São Paulo;Casa Verde;Não informado;Não informado;;;;;
São Paulo;Bela Vista;São Paulo;Pinheiros;;;;;
São Paulo;Lapa;São Paulo;República;;;;;
São Paulo;Campo Limpo;São Paulo;Sé;;;;;
São Bernardo;Santo Amaro;Não informado;Não informado;;;;;
São Paulo;Higienópolis;Não informado;Não informado;;;;;
São Paulo;Butantã;São Paulo;Santo Amaro;;;;;
São Paulo;Vila Prudente;São Paulo;Bela Vista;;;;;
São Paulo;Tatuapé;São Paulo;Limão;;;;;
São Paulo;Campo Limpo;São Paulo;Higienópolis;;;;;
São Paulo;Sé;São Paulo;Santana;;;;;
Nogueira de Barros;Consolação;Não informado;Não informado;;;;;
São Paulo;Tucuruvi;São Paulo;Higienópolis;;;;;
São Paulo;Ipiranga;São Paulo;Bela Vista;;;;;
São Paulo;Bela Vista;São Paulo;Vila Prudente;;;;;
São Paulo;Santo Amaro;Não informado;Não informado;;;;;
Moreira;Ipiranga;São Paulo;Higienópolis;;;;;
Silveira de Goi√°s;Santana;Não informado;Não informado;;;;;
São Paulo;Higienópolis;São Paulo;República;;;;;
São Paulo;Bela Vista;Não informado;Não informado;;;;;
São Paulo;Santana;São Paulo;Lapa;;;;;
São Paulo;Butantã;Não informado;Não informado;;;;;
São Paulo;Itaquera;São Paulo;Consolação;;;;;
São Paulo;Pinheiros;São Paulo;Santana;;;;;
São Paulo;Santo Amaro;São Paulo;Lapa;;;;;
São Paulo;Casa Verde;São Paulo;República;;;;;
São Paulo;Consolação;São Paulo;Casa Verde;;;;;
São Paulo;Tucuruvi;Não informado;Não informado;;;;;
São Paulo;Vila Prudente;Não informado;Não informado;;;;;
Mendes;Limão;São Paulo;Higienópolis;;;;;
São Paulo;Vila Prudente;São Paulo;Vila Prudente;;;;;
São Paulo;Pinheiros;Não informado;Não informado;;;;;
São Paulo;Perdizes;Não informado;Não informado;;;;;
Monteiro do Oeste;Ipiranga;Não informado;Não informado;;;;;
São Paulo;República;Não informado;Não informado;;;;;
São Paulo;Bela Vista;São Paulo;Sé;;;;;
São Paulo;Tatuapé;São Paulo;República;;;;;
São Paulo;Penha;Não informado;Não informado;;;;;
São Paulo;Higienópolis;São Paulo;Sé;;;;;
São Paulo;Butantã;São Paulo;Bela Vista;;;;;
São Paulo;Consolação;São Paulo;Bela Vista;;;;;
São Paulo;Casa Verde;Não informado;Não informado;;;;;
São Paulo;Santana;São Paulo;Casa Verde;;;;;
São Paulo;Bela Vista;Não informado;Não informado;;;;;
São Paulo;Bela Vista;Não informado;Não informado;;;;;
São Paulo;Penha;Não informado;Não informado;;;;;
São Paulo;Butantã;São Paulo;Sé;;;;;
São Paulo;Limão;São Paulo;Butantã;;;;;
São Paulo;Itaquera;São Paulo;Santo Amaro;;;;;
São Paulo;Tatuapé;Não informado;Não informado;;;;;
Lima;Limão;São Paulo;Bela Vista;;;;;
São Paulo;Itaquera;São Paulo;Higienópolis;;;;;
São Paulo;Perdizes;São Paulo;Campo Limpo;;;;;
São Paulo;Sé;São Paulo;República;;;;;
São Paulo;Tucuruvi;São Paulo;Higienópolis;;;;;
São Paulo;Limão;São Paulo;Santana;;;;;
São Paulo;Consolação;Não informado;Não informado;;;;;
Ribeirão Pires;República;Não informado;Não informado;;;;;
São Paulo;Casa Verde;São Paulo;Higienópolis;;;;;
São Paulo;Bela Vista;Não informado;Não informado;;;;;
São Paulo;Tatuapé;Não informado;Não informado;;;;;
São Paulo;Perdizes;Não informado;Não informado;;;;;
São Paulo;Penha;São Paulo;Bela Vista;;;;;
São Paulo;Santo Amaro;Não informado;Não informado;;;;;
Diadema;Butantã;Não informado;Não informado;;;;;
São Paulo;Santo Amaro;São Paulo;Lapa;;;;;
São Paulo;Limão;São Paulo;Consolação;;;;;
São Paulo;Vila Prudente;São Paulo;Higienópolis;;;;;
Ferreira;Lapa;Não informado;Não informado;;;;;
São Paulo;Pinheiros;São Paulo;Tatuapé;;;;;
São Paulo;Butantã;Não informado;Não informado;;;;;
São Paulo;Higienópolis;São Paulo;Tucuruvi;;;;;
São Paulo;Vila Prudente;Não informado;Não informado;;;;;
São Paulo;Santana;São Paulo;Bela Vista;;;;;
São Paulo;Pinheiros;Não informado;Não informado;;;;;
São Paulo;Pinheiros;Não informado;Não informado;;;;;
São Paulo;Itaquera;Não informado;Não informado;;;;;
São Paulo;Santo Amaro;São Paulo;Higienópolis;;;;;
São Paulo;Limão;São Paulo;Higienópolis;;;;;
São Paulo;Tucuruvi;Não informado;Não informado;;;;;
São Paulo;Tucuruvi;São Paulo;República;;;;;
São Paulo;Vila Prudente;Não informado;Não informado;;;;;
São Paulo;Vila Prudente;São Paulo;Limão;;;;;
São Paulo;Limão;Não informado;Não informado;;;;;
São Paulo;Vila Prudente;São Paulo;Sé;;;;;
Rezende de Melo;Tucuruvi;São Paulo;Campo Limpo;;;;;
São Paulo;Ipiranga;Não informado;Não informado;;;;;
São Paulo;Consolação;São Paulo;República;;;;;
São Paulo;Limão;São Paulo;República;;;;;
São Paulo;Sé;São Paulo;Consolação;;;;;
São Paulo;Limão;Não informado;Não informado;;;;;
São Paulo;Limão;Não informado;Não informado;;;;;
São Paulo;Higienópolis;Não informado;Não informado;;;;;
São Paulo;República;São Paulo;Santana;;;;;
São Paulo;Santo Amaro;São Paulo;Higienópolis;;;;;
São Paulo;Tatuapé;Não informado;Não informado;;;;;
Ferreira;Higienópolis;São Paulo;Limão;;;;;
São Paulo;Tucuruvi;São Paulo;Sé;;;;;
Pinto;Limão;São Paulo;Higienópolis;;;;;
São Paulo;Vila Prudente;Não informado;Não informado;;;;;
São Paulo;Ipiranga;São Paulo;Tucuruvi;;;;;
São Paulo;Tucuruvi;São Paulo;Tucuruvi;;;;;
São Paulo;República;São Paulo;Lapa;;;;;
São Paulo;Butantã;São Paulo;Sé;;;;;
São Paulo;Penha;São Paulo;Penha;;;;;
São Paulo;Consolação;Não informado;Não informado;;;;;
São Paulo;Pinheiros;Não informado;Não informado;;;;;
São Paulo;Campo Limpo;São Paulo;Consolação;;;;;
Itapevi;Casa Verde;São Paulo;República;;;;;
São Paulo;Casa Verde;Não informado;Não informado;;;;;
São Paulo;Sé;Não informado;Não informado;;;;;
São Paulo;Campo Limpo;São Paulo;Consolação;;;;;
São Paulo;Jabaquara;São Paulo;Tucuruvi;;;;;
São Paulo;Higienópolis;São Paulo;Itaquera;;;;;
São Paulo;Limão;Não informado;Não informado;;;;;
São Paulo;Perdizes;São Paulo;Itaquera;;;;;
São Paulo;Casa Verde;São Paulo;República;;;;;
São Paulo;Santo Amaro;São Paulo;República;;;;;
São Paulo;Pinheiros;Não informado;Não informado;;;;;
São Paulo;Itaquera;São Paulo;Campo Limpo;;;;;
São Paulo;Sé;São Paulo;Itaquera;;;;;
São Paulo;Santo Amaro;São Paulo;República;;;;;
São Paulo;Tatuapé;São Paulo;Higienópolis;;;;;
São Paulo;Higienópolis;São Paulo;Santana;;;;;
São Paulo;República;São Paulo;Casa Verde;;;;;
Barbosa;Campo Limpo;Não informado;Não informado;;;;;
São Paulo;Ipiranga;Não informado;Não informado;;;;;
Costela;Butantã;São Paulo;Sé;;;;;
São Paulo;Jabaquara;São Paulo;Sé;;;;;
São Paulo;Penha;São Paulo;Higienópolis;;;;;
São Paulo;Perdizes;São Paulo;Ipiranga;;;;;
São Paulo;Itaquera;São Paulo;Limão;;;;;
São Paulo;Lapa;São Paulo;Higienópolis;;;;;
São Caetano;Ipiranga;São Paulo;Tucuruvi;;;;;
São Bernardo;Tucuruvi;Não informado;Não informado;;;;;
São Paulo;Campo Limpo;São Paulo;Sé;;;;;
São Paulo;Vila Prudente;São Paulo;Higienópolis;;;;;
São Paulo;Casa Verde;São Paulo;República;;;;;
São Paulo;Casa Verde;São Paulo;Bela Vista;;;;;
São Paulo;Perdizes;Não informado;Não informado;;;;;
São Paulo;Consolação;Não informado;Não informado;;;;;
São Paulo;Penha;Não informado;Não informado;;;;;
São Paulo;Tatuapé;Não informado;Não informado;;;;;
São Paulo;Consolação;Não informado;Não informado;;;;;
São Paulo;Limão;Não informado;Não informado;;;;;
São Paulo;Pinheiros;São Paulo;Consolação;;;;;
Rio Grande da Serra;Vila Prudente;Não informado;Não informado;;;;;
São Paulo;Lapa;Não informado;Não informado;;;;;
São Paulo;Bela Vista;São Paulo;Bela Vista;;;;;
São Paulo;Ipiranga;São Paulo;Vila Prudente;;;;;
São Paulo;Limão;São Paulo;Vila Prudente;;;;;
São Paulo;Itaquera;São Paulo;Penha;;;;;
São Paulo;Ipiranga;São Paulo;Sé;;;;;
São Paulo;Sé;Não informado;Não informado;;;;;
São Paulo;Lapa;São Paulo;Bela Vista;;;;;
São Paulo;Itaquera;Não informado;Não informado;;;;;
São Paulo;Vila Prudente;Não informado;Não informado;;;;;
São Paulo;Jabaquara;São Paulo;Casa Verde;;;;;
São Paulo;Penha;São Paulo;República;;;;;
São Paulo;Consolação;Não informado;Não informado;;;;;
Itapevi;Santo Amaro;São Paulo;Higienópolis;;;;;
São Paulo;Bela Vista;São Paulo;Bela Vista;;;;;
São Paulo;Consolação;São Paulo;Consolação;;;;;
São Paulo;Butantã;Não informado;Não informado;;;;;
São Paulo;Perdizes;São Paulo;Penha;;;;;
São Paulo;Higienópolis;Não informado;Não informado;;;;;
São Paulo;Tucuruvi;São Paulo;Jabaquara;;;;;
São Paulo;Consolação;São Paulo;Santo Amaro;;;;;
Fernandes;Penha;São Paulo;Vila Prudente;;;;;
São Paulo;Itaquera;São Paulo;Penha;;;;;
São Paulo;Santo Amaro;Não informado;Não informado;;;;;
São Paulo;Penha;São Paulo;Sé;;;;;
São Paulo;Casa Verde;São Paulo;Higienópolis;;;;;
São Paulo;Vila Prudente;São Paulo;Santana;;;;;
São Paulo;Bela Vista;São Paulo;República;;;;;
São Bernardo;Penha;Não informado;Não informado;;;;;
São Paulo;Consolação;São Paulo;Tucuruvi;;;;;
São Paulo;Lapa;Não informado;Não informado;;;;;
São Paulo;Lapa;Não informado;Não informado;;;;;
São Paulo;Butantã;Não informado;Não informado;;;;;
Nogueira;Sé;São Paulo;Higienópolis;;;;;
São Paulo;Lapa;São Paulo;Jabaquara;;;;;
São Paulo;Higienópolis;Não informado;Não informado;;;;;
São Paulo;República;Não informado;Não informado;;;;;
São Paulo;Perdizes;Não informado;Não informado;;;;;
São Paulo;Itaquera;Não informado;Não informado;;;;;
Ribeirão Pires;Tucuruvi;São Paulo;Limão;;;;;
São Paulo;Lapa;São Paulo;Bela Vista;;;;;
São Paulo;Lapa;São Paulo;Sé;;;;;
São Paulo;Consolação;São Paulo;Butantã;;;;;
São Paulo;República;São Paulo;Consolação;;;;;
São Paulo;Lapa;São Paulo;Bela Vista;;;;;
Moreira;República;São Paulo;Casa Verde;;;;;
São Paulo;Limão;Não informado;Não informado;;;;;
São Paulo;Tatuapé;São Paulo;Limão;;;;;
São Paulo;Tucuruvi;Não informado;Não informado;;;;;
São Paulo;Perdizes;São Paulo;Higienópolis;;;;;
São Paulo;República;São Paulo;Ipiranga;;;;;
São Paulo;Itaquera;Não informado;Não informado;;;;;
São Paulo;Lapa;Não informado;Não informado;;;;;
São Paulo;Ipiranga;São Paulo;Itaquera;;;;;
São Paulo;Perdizes;Não informado;Não informado;;;;;
Peixoto;Casa Verde;São Paulo;Higienópolis;;;;;
São Paulo;Tatuapé;Não informado;Não informado;;;;;
São Paulo;Itaquera;São Paulo;Casa Verde;;;;;
São Paulo;Bela Vista;São Paulo;Bela Vista;;;;;
São Paulo;Butantã;São Paulo;Lapa;;;;;
São Paulo;Limão;São Paulo;Consolação;;;;;
São Paulo;Itaquera;São Paulo;Higienópolis;;;;;
São Paulo;Sé;São Paulo;Higienópolis;;;;;
São Paulo;Lapa;São Paulo;Ipiranga;;;;;
São Paulo;Tucuruvi;São Paulo;Bela Vista;;;;;
São Paulo;Higienópolis;São Paulo;República;;;;;
São Paulo;Itaquera;Não informado;Não informado;;;;;
São Paulo;Tucuruvi;São Paulo;Lapa;;;;;
São Paulo;República;São Paulo;Tucuruvi;;;;;
São Paulo;Jabaquara;São Paulo;Tatuapé;;;;;
São Paulo;Penha;São Paulo;Consolação;;;;;
São Paulo;Itaquera;São Paulo;Sé;;;;;
São Paulo;Jabaquara;Não informado;Não informado;;;;;
São Paulo;Jabaquara;Não informado;Não informado;;;;;
São Paulo;Butantã;São Paulo;Consolação;;;;;
São Paulo;Penha;São Paulo;Higienópolis;;;;;
São Paulo;Jabaquara;São Paulo;Bela Vista;;;;;
São Paulo;Santo Amaro;Não informado;Não informado;;;;;
São Paulo;República;Não informado;Não informado;;;;;
São Paulo;Itaquera;São Paulo;Tucuruvi;;;;;
São Paulo;Penha;Não informado;Não informado;;;;;
São Paulo;Limão;São Paulo;Santo Amaro;;;;;
São Paulo;Consolação;São Paulo;Higienópolis;;;;;
São Paulo;Pinheiros;São Paulo;Sé;;;;;
Farias;Casa Verde;Não informado;Não informado;;;;;
São Paulo;Penha;Não informado;Não informado;;;;;
São Paulo;República;São Paulo;Sé;;;;;
São Paulo;Perdizes;São Paulo;Butantã;;;;;
São Paulo;Vila Prudente;Não informado;Não informado;;;;;
São Paulo;Santana;São Paulo;Consolação;;;;;
São Paulo;Bela Vista;Não informado;Não informado;;;;;
São Paulo;Pinheiros;São Paulo;Bela Vista;;;;;
São Paulo;Ipiranga;São Paulo;Vila Prudente;;;;;
São Paulo;Higienópolis;Não informado;Não informado;;;;;
São Paulo;Perdizes;São Paulo;Sé;;;;;
São Paulo;Sé;Não informado;Não informado;;;;;
São Paulo;Butantã;São Paulo;Sé;;;;;
São Paulo;Tucuruvi;São Paulo;Consolação;;;;;
Lopes;Tatuapé;São Paulo;Casa Verde;;;;;
São Paulo;Vila Prudente;Não informado;Não informado;;;;;
São Paulo;Consolação;Não informado;Não informado;;;;;
São Paulo;Sé;São Paulo;Higienópolis;;;;;
São Paulo;Pinheiros;São Paulo;República;;;;;
São Paulo;Itaquera;São Paulo;Santana;;;;;
São Paulo;Vila Prudente;São Paulo;Tucuruvi;;;;;
São Paulo;República;São Paulo;Sé;;;;;
São Paulo;Perdizes;Não informado;Não informado;;;;;
São Paulo;Tatuapé;São Paulo;Campo Limpo;;;;;
São Paulo;Penha;São Paulo;Sé;;;;;
São Paulo;Santo Amaro;São Paulo;Tucuruvi;;;;;
São Paulo;Itaquera;São Paulo;República;;;;;
São Paulo;Campo Limpo;Não informado;Não informado;;;;;
São Paulo;Bela Vista;São Paulo;Bela Vista;;;;;
São Paulo;Perdizes;São Paulo;República;;;;;
São Paulo;Tatuapé;São Paulo;Bela Vista;;;;;
São Paulo;Itaquera;Não informado;Não informado;;;;;
São Paulo;Santana;São Paulo;República;;;;;
São Paulo;Consolação;Não informado;Não informado;;;;;
São Paulo;Consolação;São Paulo;Tucuruvi;;;;;
São Paulo;Penha;São Paulo;Consolação;;;;;
São Paulo;Campo Limpo;São Paulo;Higienópolis;;;;;
Diadema;Itaquera;São Paulo;Consolação;;;;;
São Paulo;Butantã;Não informado;Não informado;;;;;
São Paulo;Santana;São Paulo;Tucuruvi;;;;;
São Paulo;Perdizes;Não informado;Não informado;;;;;
São Paulo;Tatuapé;São Paulo;Higienópolis;;;;;
São Paulo;Santo Amaro;São Paulo;Bela Vista;;;;;
São Paulo;Ipiranga;Não informado;Não informado;;;;;
São Paulo;Penha;Não informado;Não informado;;;;;
São Paulo;Jabaquara;Não informado;Não informado;;;;;
São Paulo;Sé;Não informado;Não informado;;;;;
São Paulo;Consolação;São Paulo;Itaquera;;;;;
São Paulo;Bela Vista;Não informado;Não informado;;;;;
São Paulo;Santana;São Paulo;Consolação;;;;;
São Paulo;Jabaquara;São Paulo;Consolação;;;;;
São Paulo;Santo Amaro;Não informado;Não informado;;;;;
São Paulo;República;São Paulo;Tucuruvi;;;;;
São Paulo;Bela Vista;Não informado;Não informado;;;;;
São Paulo;Higienópolis;São Paulo;República;;;;;
São Paulo;Casa Verde;São Paulo;Consolação;;;;;
São Paulo;Jabaquara;São Paulo;Bela Vista;;;;;
São Paulo;Casa Verde;São Paulo;Casa Verde;;;;;
São Paulo;Tucuruvi;São Paulo;Sé;;;;;
São Paulo;Bela Vista;Não informado;Não informado;;;;;
São Paulo;Ipiranga;São Paulo;Lapa;;;;;
São Paulo;Butantã;Não informado;Não informado;;;;;
São Paulo;Sé;São Paulo;Itaquera;;;;;
São Paulo;Tucuruvi;Não informado;Não informado;;;;;
São Paulo;Casa Verde;Não informado;Não informado;;;;;
São Paulo;Limão;São Paulo;Consolação;;;;;
São Paulo;Santana;São Paulo;Tatuapé;;;;;
São Paulo;Itaquera;Não informado;Não informado;;;;;
São Paulo;Lapa;São Paulo;Limão;;;;;
Silveira;Sé;Não informado;Não informado;;;;;
São Paulo;Itaquera;Não informado;Não informado;;;;;
São Paulo;Pinheiros;São Paulo;Itaquera;;;;;
São Paulo;Consolação;São Paulo;República;;;;;
Pires;República;São Paulo;Higienópolis;;;;;
São Paulo;Campo Limpo;Não informado;Não informado;;;;;
São Paulo;Campo Limpo;São Paulo;Casa Verde;;;;;
São Paulo;Tatuapé;Não informado;Não informado;;;;;
São Paulo;Jabaquara;São Paulo;Sé;;;;;
Barros de Minas;Santo Amaro;Não informado;Não informado;;;;;
São Paulo;República;Não informado;Não informado;;;;;
São Paulo;Jabaquara;Não informado;Não informado;;;;;
São Paulo;Butantã;São Paulo;Higienópolis;;;;;
São Paulo;Sé;São Paulo;Higienópolis;;;;;
São Paulo;Sé;São Paulo;Tatuapé;;;;;
São Paulo;Sé;São Paulo;República;;;;;
São Paulo;Vila Prudente;Não informado;Não informado;;;;;
São Paulo;Lapa;São Paulo;Sé;;;;;
São Paulo;Penha;São Paulo;República;;;;;
São Paulo;Limão;São Paulo;Santana;;;;;
São Paulo;Ipiranga;Não informado;Não informado;;;;;
São Paulo;Jabaquara;Não informado;Não informado;;;;;
Itapevi;Santana;São Paulo;Sé;;;;;
Diadema;Bela Vista;Não informado;Não informado;;;;;
São Paulo;Limão;São Paulo;República;;;;;
São Paulo;Sé;Não informado;Não informado;;;;;
São Paulo;Jabaquara;Não informado;Não informado;;;;;
São Paulo;Vila Prudente;Não informado;Não informado;;;;;
São Paulo;Consolação;São Paulo;Pinheiros;;;;;
São Paulo;Lapa;São Paulo;República;;;;;
São Paulo;Tatuapé;São Paulo;República;;;;;
São Paulo;Penha;São Paulo;Vila Prudente;;;;;
São Paulo;Campo Limpo;São Paulo;Butantã;;;;;
São Paulo;República;São Paulo;Tatuapé;;;;;
São Paulo;Perdizes;São Paulo;Bela Vista;;;;;
São Paulo;Santo Amaro;Não informado;Não informado;;;;;
São Paulo;Higienópolis;São Paulo;Bela Vista;;;;;
São Paulo;República;São Paulo;Penha;;;;;
São Paulo;Higienópolis;Não informado;Não informado;;;;;
São Paulo;Tucuruvi;São Paulo;República;;;;;
São Paulo;Ipiranga;São Paulo;Sé;;;;;
São Paulo;Perdizes;Não informado;Não informado;;;;;
São Paulo;Campo Limpo;São Paulo;República;;;;;
São Paulo;Tatuapé;Não informado;Não informado;;;;;
São Paulo;Higienópolis;Não informado;Não informado;;;;;
São Paulo;Pinheiros;São Paulo;Casa Verde;;;;;
São Paulo;Limão;São Paulo;República;;;;;
São Paulo;Butantã;Não informado;Não informado;;;;;
São Paulo;Higienópolis;São Paulo;Bela Vista;;;;;
São Paulo;Consolação;Não informado;Não informado;;;;;
Diadema;Centro;São Paulo;Consolação;;;;;
São Paulo;Limão;São Paulo;Casa Verde;;;;;
São Paulo;Tucuruvi;Não informado;Não informado;;;;;
São Paulo;Casa Verde;São Paulo;República;;;;;
Diadema;Campo Limpo;São Paulo;República;;;;;
São Paulo;República;São Paulo;Higienópolis;;;;;
São Paulo;Santana;São Paulo;Casa Verde;;;;;
Ribeiro;Jabaquara;Não informado;Não informado;;;;;
São Paulo;Itaquera;Não informado;Não informado;;;;;
Diadema;Butantã;São Paulo;Tucuruvi;;;;;
São Paulo;Santana;São Paulo;República;;;;;
São Paulo;República;São Paulo;Consolação;;;;;
São Paulo;Bela Vista;Não informado;Não informado;;;;;
São Paulo;Casa Verde;São Paulo;Sé;;;;;
São Paulo;Santana;Não informado;Não informado;;;;;
São Paulo;Bela Vista;São Paulo;Consolação;;;;;
São Paulo;Limão;São Paulo;República;;;;;
São Paulo;Butantã;São Paulo;República;;;;;
São Paulo;Consolação;Não informado;Não informado;;;;;
São Paulo;Limão;São Paulo;Bela Vista;;;;;
São Paulo;Itaquera;São Paulo;Bela Vista;;;;;
São Paulo;Jabaquara;São Paulo;Sé;;;;;
Nunes;Sé;São Paulo;Consolação;;;;;
Diadema;Limão;Não informado;Não informado;;;;;
Diadema;Sé;São Paulo;Vila Prudente;;;;;
São Paulo;Penha;São Paulo;Higienópolis;;;;;
São Paulo;Santo Amaro;São Paulo;Sé;;;;;
São Paulo;República;Não informado;Não informado;;;;;
Diadema;Limão;Não informado;Não informado;;;;;
São Paulo;Campo Limpo;Não informado;Não informado;;;;;
Caldeira;Higienópolis;Não informado;Não informado;;;;;
Ferreira;Campo Limpo;São Paulo;Sé;;;;;
São Paulo;Itaquera;São Paulo;Higienópolis;;;;;
São Paulo;Itaquera;Não informado;Não informado;;;;;
São Paulo;Tucuruvi;São Paulo;Tucuruvi;;;;;
São Paulo;Higienópolis;São Paulo;Higienópolis;;;;;
São Paulo;Bela Vista;São Paulo;Santo Amaro;;;;;
São Paulo;Lapa;São Paulo;Vila Prudente;;;;;
São Paulo;Vila Prudente;São Paulo;Ipiranga;;;;;
São Paulo;Limão;Não informado;Não informado;;;;;
São Paulo;Campo Limpo;São Paulo;Sé;;;;;
São Paulo;Ipiranga;São Paulo;Consolação;;;;;
São Paulo;Lapa;Não informado;Não informado;;;;;
São Paulo;Bela Vista;São Paulo;Santana;;;;;
São Paulo;Campo Limpo;São Paulo;Penha;;;;;
São Paulo;Casa Verde;São Paulo;Vila Prudente;;;;;
Pinto Grande;Vila Prudente;Não informado;Não informado;;;;;
São Paulo;Penha;São Paulo;República;;;;;
Melo do Galho;República;São Paulo;Higienópolis;;;;;
Moreira;Jabaquara;São Paulo;Tucuruvi;;;;;
São Paulo;Jabaquara;Não informado;Não informado;;;;;
São Paulo;Santo Amaro;São Paulo;Consolação;;;;;
São Paulo;Tucuruvi;Não informado;Não informado;;;;;
Gon√ßalves;Ipiranga;São Paulo;República;;;;;
São Paulo;Higienópolis;São Paulo;Bela Vista;;;;;
São Paulo;Jabaquara;Não informado;Não informado;;;;;
São Paulo;Penha;Não informado;Não informado;;;;;
São Paulo;Lapa;São Paulo;Vila Prudente;;;;;
Carvalho;Vila Prudente;Não informado;Não informado;;;;;
São Paulo;Santo Amaro;Não informado;Não informado;;;;;
São Paulo;Pinheiros;São Paulo;República;;;;;
São Paulo;Butantã;Não informado;Não informado;;;;;
São Paulo;Butantã;São Paulo;Tucuruvi;;;;;
Diadema;Sé;Não informado;Não informado;;;;;
São Paulo;Santana;Não informado;Não informado;;;;;
São Paulo;Itaquera;São Paulo;Consolação;;;;;
São Paulo;Vila Prudente;São Paulo;Higienópolis;;;;;
São Paulo;Tatuapé;São Paulo;Consolação;;;;;
São Paulo;Bela Vista;Não informado;Não informado;;;;;
São Paulo;Lapa;Não informado;Não informado;;;;;
São Paulo;Tatuapé;Não informado;Não informado;;;;;
São Paulo;Casa Verde;Não informado;Não informado;;;;;
São Paulo;República;São Paulo;Sé;;;;;
Ribeirão Pires;Santana;Não informado;Não informado;;;;;
São Paulo;Higienópolis;Não informado;Não informado;;;;;
São Paulo;Casa Verde;Não informado;Não informado;;;;;
São Paulo;Tatuapé;Não informado;Não informado;;;;;
São Paulo;Consolação;São Paulo;Santo Amaro;;;;;
São Paulo;República;Não informado;Não informado;;;;;
São Paulo;Santana;São Paulo;Ipiranga;;;;;
São Paulo;Limão;São Paulo;Consolação;;;;;
São Paulo;Higienópolis;São Paulo;Santana;;;;;
São Paulo;Casa Verde;São Paulo;Bela Vista;;;;;
São Paulo;Consolação;Não informado;Não informado;;;;;
São Paulo;Tucuruvi;Não informado;Não informado;;;;;
São Paulo;Sé;São Paulo;República;;;;;
São Paulo;Santana;Não informado;Não informado;;;;;
Itapevi;República;São Paulo;Tucuruvi;;;;;
São Paulo;Ipiranga;São Paulo;Limão;;;;;
São Paulo;Bela Vista;São Paulo;Jabaquara;;;;;
São Paulo;Limão;São Paulo;Santana;;;;;
São Paulo;Lapa;Não informado;Não informado;;;;;
São Paulo;Consolação;São Paulo;Sé;;;;;
São Paulo;Campo Limpo;São Paulo;Consolação;;;;;
São Paulo;Higienópolis;São Paulo;Santana;;;;;
São Paulo;Santo Amaro;Não informado;Não informado;;;;;
São Paulo;Tucuruvi;Não informado;Não informado;;;;;
São Paulo;Tatuapé;São Paulo;Sé;;;;;
São Paulo;Lapa;Não informado;Não informado;;;;;
São Paulo;Itaquera;Não informado;Não informado;;;;;
São Paulo;Higienópolis;São Paulo;Jabaquara;;;;;
São Paulo;Butantã;Não informado;Não informado;;;;;
São Paulo;Casa Verde;São Paulo;Sé;;;;;
São Paulo;Vila Prudente;São Paulo;Sé;;;;;
São Paulo;Ipiranga;Não informado;Não informado;;;;;
São Paulo;Perdizes;Não informado;Não informado;;;;;
São Paulo;Casa Verde;Não informado;Não informado;;;;;
São Paulo;Vila Prudente;São Paulo;Sé;;;;;
São Paulo;Casa Verde;Não informado;Não informado;;;;;
São Paulo;Tucuruvi;São Paulo;Tucuruvi;;;;;
Santos;Casa Verde;Não informado;Não informado;;;;;
São Paulo;República;São Paulo;Consolação;;;;;
São Paulo;Bela Vista;Não informado;Não informado;;;;;
São Paulo;Lapa;Não informado;Não informado;;;;;
São Paulo;Tucuruvi;Não informado;Não informado;;;;;
São Paulo;República;São Paulo;Casa Verde;;;;;
São Paulo;Higienópolis;São Paulo;Bela Vista;;;;;
São Paulo;Pinheiros;Não informado;Não informado;;;;;
São Paulo;Bela Vista;São Paulo;Itaquera;;;;;
São Paulo;Santana;São Paulo;Santana;;;;;
São Paulo;Tatuapé;São Paulo;Lapa;;;;;
São Paulo;Sé;Não informado;Não informado;;;;;
São Paulo;Butantã;São Paulo;República;;;;;
São Paulo;Butantã;São Paulo;República;;;;;
São Paulo;República;São Paulo;Sé;;;;;
São Paulo;Tatuapé;São Paulo;Bela Vista;;;;;
São Paulo;Perdizes;Não informado;Não informado;;;;;
Melo de Farias;Casa Verde;São Paulo;Santana;;;;;
São Paulo;Santana;São Paulo;Higienópolis;;;;;
São Paulo;Tucuruvi;São Paulo;Consolação;;;;;
São Paulo;Consolação;São Paulo;Sé;;;;;
São Paulo;Consolação;Não informado;Não informado;;;;;
São Paulo;República;São Paulo;Butantã;;;;;
São Paulo;República;Não informado;Não informado;;;;;
Moraes do Campo;Limão;Não informado;Não informado;;;;;
São Paulo;República;São Paulo;República;;;;;
São Paulo;Tatuapé;São Paulo;Ipiranga;;;;;
São Paulo;Pinheiros;São Paulo;Casa Verde;;;;;
São Paulo;Itaquera;Não informado;Não informado;;;;;
São Paulo;Lapa;São Paulo;Casa Verde;;;;;
São Paulo;Tucuruvi;São Paulo;Limão;;;;;
São Paulo;Ipiranga;São Paulo;Higienópolis;;;;;
São Paulo;Jabaquara;São Paulo;República;;;;;
São Paulo;República;São Paulo;Sé;;;;;
São Paulo;Bela Vista;Não informado;Não informado;;;;;
São Paulo;Consolação;São Paulo;Tucuruvi;;;;;
São Paulo;Santana;Não informado;Não informado;;;;;
São Paulo;Tatuapé;São Paulo;Bela Vista;;;;;
São Paulo;Jabaquara;São Paulo;Penha;;;;;
São Paulo;Perdizes;Não informado;Não informado;;;;;
São Paulo;Sé;Não informado;Não informado;;;;;
São Paulo;Santana;São Paulo;Vila Prudente;;;;;
São Paulo;Lapa;Não informado;Não informado;;;;;
São Paulo;Perdizes;São Paulo;República;;;;;
São Caetano;Pinheiros;São Paulo;Consolação;;;;;
São Paulo;Tatuapé;Não informado;Não informado;;;;;
São Paulo;Bela Vista;São Paulo;Limão;;;;;
São Paulo;Higienópolis;Não informado;Não informado;;;;;
São Paulo;República;Não informado;Não informado;;;;;
São Paulo;Tucuruvi;São Paulo;República;;;;;
São Paulo;Ipiranga;Não informado;Não informado;;;;;
São Paulo;Butantã;São Paulo;Bela Vista;;;;;
São Paulo;Santana;São Paulo;Bela Vista;;;;;
São Paulo;Santana;São Paulo;Vila Prudente;;;;;
Diadema;Campo Limpo;Não informado;Não informado;;;;;
São Paulo;Campo Limpo;São Paulo;Tucuruvi;;;;;
São Paulo;Tucuruvi;Não informado;Não informado;;;;;
São Paulo;Casa Verde;São Paulo;Tatuapé;;;;;
São Paulo;Butantã;São Paulo;Sé;;;;;
São Paulo;República;São Paulo;Consolação;;;;;
São Paulo;Higienópolis;Não informado;Não informado;;;;;
São Paulo;Casa Verde;São Paulo;Itaquera;;;;;
São Paulo;Santo Amaro;Não informado;Não informado;;;;;
São Paulo;Penha;Não informado;Não informado;;;;;
São Paulo;Tatuapé;São Paulo;Santana;;;;;
São Paulo;Santo Amaro;São Paulo;Higienópolis;;;;;
São Paulo;Ipiranga;São Paulo;Bela Vista;;;;;
São Paulo;Lapa;Não informado;Não informado;;;;;
São Paulo;Tucuruvi;Não informado;Não informado;;;;;
São Paulo;Santo Amaro;São Paulo;Sé;;;;;
São Paulo;Casa Verde;São Paulo;Tatuapé;;;;;
São Paulo;Penha;Não informado;Não informado;;;;;
São Paulo;Butantã;São Paulo;Sé;;;;;
São Paulo;Perdizes;São Paulo;Sé;;;;;
São Paulo;Santana;Não informado;Não informado;;;;;
São Paulo;Jabaquara;São Paulo;Sé;;;;;
São Paulo;Ipiranga;São Paulo;República;;;;;
São Paulo;Tucuruvi;São Paulo;Higienópolis;;;;;
Campos de Goi√°s;República;São Paulo;Santana;;;;;
São Paulo;Limão;São Paulo;Sé;;;;;
São Paulo;Campo Limpo;São Paulo;Sé;;;;;
São Paulo;Lapa;São Paulo;Higienópolis;;;;;
São Paulo;Penha;São Paulo;Sé;;;;;
São Paulo;Pinheiros;Não informado;Não informado;;;;;
São Paulo;Butantã;São Paulo;Casa Verde;;;;;
São Paulo;Itaquera;São Paulo;Tatuapé;;;;;
São Paulo;Penha;São Paulo;Bela Vista;;;;;
São Paulo;Tatuapé;São Paulo;Jabaquara;;;;;
São Paulo;Ipiranga;Não informado;Não informado;;;;;
São Paulo;Santo Amaro;São Paulo;Sé;;;;;
São Paulo;Penha;São Paulo;Vila Prudente;;;;;
São Paulo;Campo Limpo;Não informado;Não informado;;;;;
Monteiro dos Dourados;República;São Paulo;Santana;;;;;
São Paulo;Lapa;Não informado;Não informado;;;;;
São Paulo;Bela Vista;São Paulo;Penha;;;;;
São Paulo;Limão;Não informado;Não informado;;;;;
São Paulo;República;Não informado;Não informado;;;;;
São Paulo;Tatuapé;São Paulo;Higienópolis;;;;;
São Paulo;Santana;São Paulo;Consolação;;;;;
São Paulo;Casa Verde;São Paulo;Sé;;;;;
São Paulo;Ipiranga;Não informado;Não informado;;;;;
São Paulo;Higienópolis;São Paulo;Consolação;;;;;
São Paulo;Butantã;Não informado;Não informado;;;;;
São Paulo;Santana;São Paulo;Consolação;;;;;
Moura;Tucuruvi;Não informado;Não informado;;;;;
São Paulo;Higienópolis;São Paulo;Higienópolis;;;;;
São Paulo;Itaquera;São Paulo;Santana;;;;;
São Paulo;Butantã;São Paulo;Ipiranga;;;;;
São Paulo;Perdizes;São Paulo;República;;;;;
São Paulo;Consolação;Não informado;Não informado;;;;;
São Paulo;Penha;Não informado;Não informado;;;;;
São Paulo;Itaquera;São Paulo;Penha;;;;;
São Paulo;República;São Paulo;Vila Prudente;;;;;
São Paulo;Penha;São Paulo;Tucuruvi;;;;;
São Paulo;Jabaquara;São Paulo;Bela Vista;;;;;
Vieira;Santana;Não informado;Não informado;;;;;
Ribeirão Pires;Bela Vista;Não informado;Não informado;;;;;
São Paulo;Limão;Não informado;Não informado;;;;;
São Paulo;Casa Verde;Não informado;Não informado;;;;;
Ribeirão Pires;Consolação;Não informado;Não informado;;;;;
São Paulo;Tucuruvi;São Paulo;República;;;;;
São Paulo;Tatuapé;São Paulo;Santana;;;;;
São Paulo;Ipiranga;São Paulo;Sé;;;;;
São Paulo;Lapa;Não informado;Não informado;;;;;
Ribeirão Pires;Tucuruvi;Não informado;Não informado;;;;;
São Paulo;Lapa;Não informado;Não informado;;;;;
São Paulo;Itaquera;São Paulo;Itaquera;;;;;
Diadema;Centro;Não informado;Não informado;;;;;
Itapevi;Santo Amaro;São Paulo;Consolação;;;;;
São Paulo;Limão;Não informado;Não informado;;;;;
São Paulo;República;Não informado;Não informado;;;;;
São Paulo;Lapa;Não informado;Não informado;;;;;
São Paulo;Jabaquara;Não informado;Não informado;;;;;
São Paulo;Casa Verde;Não informado;Não informado;;;;;
São Paulo;Ipiranga;São Paulo;Sé;;;;;
São Paulo;Limão;Não informado;Não informado;;;;;
São Paulo;Tucuruvi;Não informado;Não informado;;;;;
São Paulo;Itaquera;São Paulo;Santana;;;;;
São Paulo;Jabaquara;Não informado;Não informado;;;;;
São Paulo;Ipiranga;São Paulo;Bela Vista;;;;;
São Paulo;Jabaquara;São Paulo;Tucuruvi;;;;;
São Paulo;Vila Prudente;Não informado;Não informado;;;;;
São Paulo;Casa Verde;São Paulo;Tatuapé;;;;;
São Paulo;Jabaquara;São Paulo;Higienópolis;;;;;
São Paulo;Jabaquara;São Paulo;Bela Vista;;;;;
São Paulo;Tucuruvi;São Paulo;Sé;;;;;
São Paulo;Santana;São Paulo;Sé;;;;;
São Paulo;Tatuapé;São Paulo;Consolação;;;;;
Peixoto de Alves;Itaquera;São Paulo;Higienópolis;;;;;
São Paulo;Sé;Não informado;Não informado;;;;;
São Paulo;República;São Paulo;Sé;;;;;
São Paulo;Butantã;São Paulo;Consolação;;;;;
São Paulo;Campo Limpo;São Paulo;Pinheiros;;;;;
São Paulo;Casa Verde;São Paulo;Butantã;;;;;
São Paulo;Ipiranga;Não informado;Não informado;;;;;
São Paulo;Santana;Não informado;Não informado;;;;;
São Paulo;Vila Prudente;Não informado;Não informado;;;;;
São Paulo;Santana;Não informado;Não informado;;;;;
São Paulo;Jabaquara;Não informado;Não informado;;;;;
São Paulo;Lapa;Não informado;Não informado;;;;;
São Paulo;Lapa;São Paulo;Casa Verde;;;;;
São Paulo;Casa Verde;São Paulo;Santana;;;;;
São Paulo;Santo Amaro;São Paulo;República;;;;;
São Paulo;Sé;São Paulo;Limão;;;;;
São Paulo;Pinheiros;São Paulo;Sé;;;;;
São Paulo;Lapa;São Paulo;Sé;;;;;
São Paulo;Tucuruvi;São Paulo;Penha;;;;;
São Paulo;Casa Verde;Não informado;Não informado;;;;;
São Paulo;Campo Limpo;São Paulo;Bela Vista;;;;;
Diadema;Consolação;Não informado;Não informado;;;;;
Ribeirão Pires;Higienópolis;São Paulo;República;;;;;
São Paulo;Vila Prudente;São Paulo;Penha;;;;;
São Paulo;Santo Amaro;Não informado;Não informado;;;;;
São Paulo;Bela Vista;Não informado;Não informado;;;;;
São Paulo;Vila Prudente;Não informado;Não informado;;;;;
São Paulo;Campo Limpo;Não informado;Não informado;;;;;
São Paulo;Ipiranga;São Paulo;República;;;;;
São Paulo;Santana;Não informado;Não informado;;;;;
Diadema;Centro;Não informado;Não informado;;;;;
São Paulo;Sé;São Paulo;Sé;;;;;
Itapevi;Pinheiros;Não informado;Não informado;;;;;
Santo André;República;São Paulo;Santana;;;;;
São Paulo;Santana;São Paulo;República;;;;;
São Paulo;Butantã;São Paulo;Penha;;;;;
São Paulo;Higienópolis;Não informado;Não informado;;;;;
São Paulo;Limão;São Paulo;República;;;;;
São Paulo;Limão;Não informado;Não informado;;;;;
São Paulo;Itaquera;Não informado;Não informado;;;;;
São Paulo;Itaquera;São Paulo;Consolação;;;;;
São Paulo;Campo Limpo;São Paulo;Bela Vista;;;;;
São Paulo;Limão;São Paulo;Higienópolis;;;;;
São Paulo;Limão;São Paulo;Bela Vista;;;;;
São Paulo;Higienópolis;São Paulo;Bela Vista;;;;;
São Paulo;Lapa;Não informado;Não informado;;;;;
São Paulo;Itaquera;São Paulo;Consolação;;;;;
São Paulo;Sé;São Paulo;Higienópolis;;;;;
São Paulo;Limão;São Paulo;Itaquera;;;;;
São Paulo;Vila Prudente;São Paulo;Casa Verde;;;;;
São Paulo;Butantã;São Paulo;Limão;;;;;
São Paulo;Lapa;Não informado;Não informado;;;;;
Nascimento;Itaquera;São Paulo;Jabaquara;;;;;
São Paulo;Itaquera;São Paulo;Ipiranga;;;;;
São Paulo;Sé;Não informado;Não informado;;;;;
São Paulo;Santana;Não informado;Não informado;;;;;
São Paulo;República;Não informado;Não informado;;;;;
São Paulo;Casa Verde;São Paulo;Bela Vista;;;;;
São Paulo;Campo Limpo;Não informado;Não informado;;;;;
São Paulo;Pinheiros;Não informado;Não informado;;;;;
Rodrigues;Lapa;São Paulo;Tatuapé;;;;;
São Paulo;Casa Verde;São Paulo;Tucuruvi;;;;;
São Paulo;Campo Limpo;São Paulo;Vila Prudente;;;;;
São Paulo;Bela Vista;São Paulo;Santana;;;;;
São Paulo;Santo Amaro;São Paulo;Limão;;;;;
São Paulo;Pinheiros;São Paulo;Penha;;;;;
São Paulo;Perdizes;Não informado;Não informado;;;;;
São Paulo;Penha;São Paulo;Itaquera;;;;;
São Paulo;Higienópolis;São Paulo;Santana;;;;;
São Paulo;Perdizes;São Paulo;Consolação;;;;;
São Caetano;Consolação;São Paulo;Bela Vista;;;;;
São Paulo;Bela Vista;São Paulo;Perdizes;;;;;
Moura;Bela Vista;São Paulo;Casa Verde;;;;;
São Paulo;Perdizes;São Paulo;Ipiranga;;;;;
São Paulo;Tatuapé;São Paulo;Consolação;;;;;
São Paulo;Santo Amaro;São Paulo;Sé;;;;;
São Paulo;Vila Prudente;Não informado;Não informado;;;;;
São Paulo;Bela Vista;Não informado;Não informado;;;;;
São Paulo;Santo Amaro;São Paulo;República;;;;;
São Paulo;Itaquera;São Paulo;Higienópolis;;;;;
São Paulo;Casa Verde;Não informado;Não informado;;;;;
São Paulo;Jabaquara;Não informado;Não informado;;;;;
São Paulo;Sé;São Paulo;Bela Vista;;;;;
Fernandes;Santana;Não informado;Não informado;;;;;
São Paulo;Tucuruvi;São Paulo;Limão;;;;;
São Paulo;Bela Vista;São Paulo;Casa Verde;;;;;
Dias;República;Não informado;Não informado;;;;;
São Paulo;Limão;Não informado;Não informado;;;;;
São Paulo;Tucuruvi;Não informado;Não informado;;;;;
São Paulo;Santo Amaro;Não informado;Não informado;;;;;
Ribeirão Pires;Bela Vista;São Paulo;Bela Vista;;;;;
São Paulo;Limão;São Paulo;Casa Verde;;;;;
São Paulo;Butantã;São Paulo;Santana;;;;;
Souza dos Dourados;Ipiranga;São Paulo;Bela Vista;;;;;
São Paulo;Casa Verde;São Paulo;Limão;;;;;
Suzano;Sé;São Paulo;República;;;;;
Diadema;Santo Amaro;Não informado;Não informado;;;;;
São Paulo;Limão;Não informado;Não informado;;;;;
São Paulo;Lapa;São Paulo;Bela Vista;;;;;
São Paulo;Sé;Não informado;Não informado;;;;;
São Paulo;Lapa;Não informado;Não informado;;;;;
São Paulo;Vila Prudente;São Paulo;Sé;;;;;
São Paulo;Higienópolis;Não informado;Não informado;;;;;
São Paulo;Tucuruvi;Não informado;Não informado;;;;;
São Paulo;Bela Vista;Não informado;Não informado;;;;;
São Paulo;Limão;Não informado;Não informado;;;;;
São Paulo;Pinheiros;Não informado;Não informado;;;;;
São Paulo;Butantã;São Paulo;Sé;;;;;
São Paulo;Santana;São Paulo;República;;;;;
São Paulo;Bela Vista;São Paulo;Bela Vista;;;;;
São Paulo;Vila Prudente;Não informado;Não informado;;;;;
São Paulo;Perdizes;São Paulo;Bela Vista;;;;;
São Paulo;Perdizes;São Paulo;Sé;;;;;
Farias;República;Não informado;Não informado;;;;;
São Paulo;República;Não informado;Não informado;;;;;
São Paulo;Tatuapé;São Paulo;Higienópolis;;;;;
São Paulo;Jabaquara;São Paulo;República;;;;;
São Paulo;Consolação;São Paulo;Higienópolis;;;;;
São Paulo;Tatuapé;São Paulo;Jabaquara;;;;;
São Paulo;Vila Prudente;São Paulo;Lapa;;;;;
São Paulo;Higienópolis;Não informado;Não informado;;;;;
Diadema;Santo Amaro;Não informado;Não informado;;;;;
São Paulo;Santo Amaro;São Paulo;Bela Vista;;;;;
São Paulo;República;São Paulo;Sé;;;;;
São Paulo;Lapa;São Paulo;Consolação;;;;;
Ribeirão Pires;Campo Limpo;Não informado;Não informado;;;;;
São Paulo;Perdizes;São Paulo;Santana;;;;;
São Paulo;Santana;São Paulo;República;;;;;
São Paulo;Bela Vista;Não informado;Não informado;;;;;
São Paulo;Campo Limpo;Não informado;Não informado;;;;;
São Paulo;Higienópolis;Não informado;Não informado;;;;;
São Paulo;Jabaquara;São Paulo;Consolação;;;;;
Rezende;Jabaquara;São Paulo;Sé;;;;;
São Paulo;Campo Limpo;São Paulo;Bela Vista;;;;;
São Paulo;Perdizes;São Paulo;Sé;;;;;
Suzano;Butantã;Não informado;Não informado;;;;;
São Paulo;Santana;São Paulo;Sé;;;;;
São Paulo;Tucuruvi;São Paulo;Butantã;;;;;
São Paulo;Bela Vista;São Paulo;Bela Vista;;;;;
São Paulo;Limão;Não informado;Não informado;;;;;
São Paulo;Perdizes;Não informado;Não informado;;;;;
São Paulo;Tatuapé;São Paulo;Bela Vista;;;;;
São Paulo;Bela Vista;São Paulo;Sé;;;;;
São Paulo;Jabaquara;Não informado;Não informado;;;;;
São Paulo;Perdizes;São Paulo;Itaquera;;;;;
Ribeirão Pires;Campo Limpo;Não informado;Não informado;;;;;
São Paulo;Consolação;São Paulo;Higienópolis;;;;;
São Paulo;Sé;São Paulo;Tucuruvi;;;;;
São Paulo;Sé;São Paulo;Higienópolis;;;;;
São Paulo;Santo Amaro;Não informado;Não informado;;;;;
São Paulo;Butantã;Não informado;Não informado;;;;;
São Paulo;Santo Amaro;Não informado;Não informado;;;;;
São Paulo;Penha;Não informado;Não informado;;;;;
São Paulo;Higienópolis;Não informado;Não informado;;;;;
Lopes;Pinheiros;Não informado;Não informado;;;;;
São Paulo;Tatuapé;São Paulo;Higienópolis;;;;;
São Paulo;Higienópolis;Não informado;Não informado;;;;;
Novaes;Campo Limpo;São Paulo;Casa Verde;;;;;
São Paulo;Bela Vista;São Paulo;Limão;;;;;
São Paulo;Lapa;São Paulo;Higienópolis;;;;;
São Paulo;Casa Verde;Não informado;Não informado;;;;;
Ribeirão Pires;Lapa;Não informado;Não informado;;;;;
São Paulo;Campo Limpo;São Paulo;Sé;;;;;
Diadema;Bela Vista;São Paulo;Sé;;;;;
Mauá;Campo Limpo;São Paulo;Perdizes;;;;;
São Paulo;Jabaquara;Não informado;Não informado;;;;;
São Paulo;Ipiranga;São Paulo;República;;;;;
São Paulo;Sé;Não informado;Não informado;;;;;
São Paulo;Lapa;São Paulo;República;;;;;
São Paulo;Ipiranga;São Paulo;República;;;;;
São Paulo;Campo Limpo;São Paulo;Higienópolis;;;;;
São Paulo;Consolação;São Paulo;República;;;;;
São Paulo;Consolação;São Paulo;Higienópolis;;;;;
São Paulo;Casa Verde;São Paulo;Tatuapé;;;;;
São Paulo;Penha;Não informado;Não informado;;;;;
São Paulo;Sé;São Paulo;Ipiranga;;;;;
São Paulo;Tucuruvi;São Paulo;Jabaquara;;;;;
São Paulo;Santo Amaro;São Paulo;Higienópolis;;;;;
São Paulo;Tatuapé;São Paulo;Bela Vista;;;;;
São Paulo;Jabaquara;Não informado;Não informado;;;;;
São Paulo;Tatuapé;São Paulo;Higienópolis;;;;;
São Paulo;Jabaquara;São Paulo;Sé;;;;;
São Paulo;Tatuapé;São Paulo;República;;;;;
São Paulo;Butantã;Não informado;Não informado;;;;;
São Paulo;Tucuruvi;Não informado;Não informado;;;;;
São Paulo;Vila Prudente;São Paulo;Bela Vista;;;;;
São Paulo;Pinheiros;Não informado;Não informado;;;;;
São Paulo;Santo Amaro;Não informado;Não informado;;;;;
São Paulo;Ipiranga;São Paulo;Tatuapé;;;;;
São Paulo;Consolação;Não informado;Não informado;;;;;
São Paulo;Itaquera;São Paulo;Penha;;;;;
São Paulo;Santana;São Paulo;Tatuapé;;;;;
São Paulo;Tatuapé;Não informado;Não informado;;;;;
Ribeiro;Bela Vista;Não informado;Não informado;;;;;
São Paulo;Sé;São Paulo;Santana;;;;;
São Paulo;Perdizes;São Paulo;República;;;;;
São Paulo;Vila Prudente;Não informado;Não informado;;;;;
São Paulo;Santo Amaro;Não informado;Não informado;;;;;
São Paulo;Tatuapé;São Paulo;Penha;;;;;
São Paulo;Casa Verde;São Paulo;Casa Verde;;;;;
São Paulo;Butantã;São Paulo;Bela Vista;;;;;
São Paulo;Itaquera;São Paulo;Higienópolis;;;;;
São Paulo;Bela Vista;Não informado;Não informado;;;;;
São Paulo;Bela Vista;São Paulo;Casa Verde;;;;;
São Paulo;Limão;São Paulo;Ipiranga;;;;;
São Paulo;Sé;São Paulo;Higienópolis;;;;;
São Paulo;Perdizes;São Paulo;República;;;;;
São Paulo;Casa Verde;Não informado;Não informado;;;;;
Itapevi;República;São Paulo;Campo Limpo;;;;;
São Paulo;Santo Amaro;São Paulo;Lapa;;;;;
São Paulo;Lapa;Não informado;Não informado;;;;;
São Paulo;Butantã;São Paulo;Consolação;;;;;
São Paulo;Campo Limpo;Não informado;Não informado;;;;;
São Paulo;Santo Amaro;Não informado;Não informado;;;;;
São Paulo;Santo Amaro;Não informado;Não informado;;;;;
São Paulo;Bela Vista;São Paulo;Consolação;;;;;
São Paulo;Pinheiros;São Paulo;República;;;;;
São Paulo;Vila Prudente;São Paulo;Consolação;;;;;
São Paulo;Santana;São Paulo;Sé;;;;;
São Paulo;Lapa;Não informado;Não informado;;;;;
São Paulo;Tucuruvi;Não informado;Não informado;;;;;
São Paulo;Butantã;Não informado;Não informado;;;;;
São Paulo;Consolação;São Paulo;Consolação;;;;;
São Paulo;Tucuruvi;São Paulo;Consolação;;;;;
São Paulo;Bela Vista;São Paulo;Higienópolis;;;;;
São Paulo;Limão;Não informado;Não informado;;;;;
São Paulo;Limão;Não informado;Não informado;;;;;
São Paulo;Santo Amaro;Não informado;Não informado;;;;;
São Paulo;Higienópolis;São Paulo;Lapa;;;;;
São Paulo;Casa Verde;São Paulo;Lapa;;;;;
São Paulo;Higienópolis;Não informado;Não informado;;;;;
São Paulo;Santo Amaro;São Paulo;República;;;;;
São Paulo;Jabaquara;Não informado;Não informado;;;;;
São Paulo;Lapa;São Paulo;Tucuruvi;;;;;
São Paulo;Perdizes;Não informado;Não informado;;;;;
São Paulo;Ipiranga;Não informado;Não informado;;;;;
São Paulo;Tucuruvi;São Paulo;Consolação;;;;;
São Paulo;Casa Verde;São Paulo;Butantã;;;;;
São Paulo;Tatuapé;São Paulo;Higienópolis;;;;;
São Paulo;Butantã;Não informado;Não informado;;;;;
São Paulo;Campo Limpo;São Paulo;Sé;;;;;
São Paulo;Higienópolis;São Paulo;Itaquera;;;;;
São Paulo;Sé;Não informado;Não informado;;;;;
São Paulo;Tatuapé;São Paulo;Higienópolis;;;;;
Diadema;Vila Prudente;São Paulo;Bela Vista;;;;;
São Paulo;Vila Prudente;São Paulo;Higienópolis;;;;;
São Paulo;Sé;Não informado;Não informado;;;;;
São Paulo;Butantã;Não informado;Não informado;;;;;
São Paulo;Jabaquara;Não informado;Não informado;;;;;
São Paulo;Casa Verde;São Paulo;Consolação;;;;;
São Paulo;Sé;São Paulo;Sé;;;;;
São Paulo;Tatuapé;São Paulo;Bela Vista;;;;;
São Paulo;Penha;São Paulo;Butantã;;;;;
São Paulo;Pinheiros;Não informado;Não informado;;;;;
São Paulo;Santana;São Paulo;Penha;;;;;
Santo André;Jabaquara;São Paulo;Casa Verde;;;;;
São Paulo;Pinheiros;São Paulo;Santana;;;;;
São Paulo;Tucuruvi;Não informado;Não informado;;;;;
Santo André;Perdizes;Não informado;Não informado;;;;;
São Paulo;Bela Vista;São Paulo;República;;;;;
São Paulo;Santo Amaro;Não informado;Não informado;;;;;
São Paulo;Tatuapé;Não informado;Não informado;;;;;
São Paulo;Consolação;Não informado;Não informado;;;;;
Osasco;Limão;São Paulo;Higienópolis;;;;;
São Paulo;Santo Amaro;São Paulo;Sé;;;;;
São Paulo;Bela Vista;São Paulo;Casa Verde;;;;;
São Paulo;Casa Verde;Não informado;Não informado;;;;;
São Paulo;Itaquera;São Paulo;Bela Vista;;;;;
São Paulo;Itaquera;Não informado;Não informado;;;;;
São Paulo;Casa Verde;São Paulo;Limão;;;;;
São Paulo;Penha;Não informado;Não informado;;;;;
São Paulo;Sé;São Paulo;Limão;;;;;
São Paulo;Penha;São Paulo;Higienópolis;;;;;
São Paulo;Tucuruvi;Não informado;Não informado;;;;;
São Paulo;Limão;São Paulo;Limão;;;;;
São Paulo;Tucuruvi;São Paulo;Bela Vista;;;;;
São Paulo;República;São Paulo;Sé;;;;;
São Paulo;Jabaquara;Não informado;Não informado;;;;;
São Paulo;Campo Limpo;São Paulo;Sé;;;;;
São Paulo;Santana;São Paulo;Sé;;;;;
São Paulo;Itaquera;Não informado;Não informado;;;;;
São Paulo;Pinheiros;São Paulo;Tucuruvi;;;;;
São Paulo;Ipiranga;Não informado;Não informado;;;;;
São Paulo;Perdizes;São Paulo;Santana;;;;;
Diadema;Limão;Não informado;Não informado;;;;;
São Paulo;Higienópolis;São Paulo;Tatuapé;;;;;
Fernandes;Lapa;São Paulo;Bela Vista;;;;;
São Paulo;Santana;São Paulo;Santo Amaro;;;;;
São Paulo;Butantã;São Paulo;Bela Vista;;;;;
São Paulo;Pinheiros;Não informado;Não informado;;;;;
São Paulo;Casa Verde;São Paulo;Consolação;;;;;
São Paulo;Itaquera;São Paulo;Sé;;;;;
São Paulo;Ipiranga;São Paulo;Penha;;;;;
São Paulo;Santana;São Paulo;Casa Verde;;;;;
São Paulo;Penha;São Paulo;República;;;;;
São Paulo;Bela Vista;São Paulo;Sé;;;;;
São Paulo;República;Não informado;Não informado;;;;;
São Paulo;Butantã;São Paulo;Bela Vista;;;;;
São Paulo;Jabaquara;São Paulo;Ipiranga;;;;;
São Paulo;Consolação;Não informado;Não informado;;;;;
São Paulo;Jabaquara;Não informado;Não informado;;;;;
São Paulo;Santo Amaro;Não informado;Não informado;;;;;
São Paulo;Vila Prudente;Não informado;Não informado;;;;;
Santo André;Consolação;Não informado;Não informado;;;;;
São Bernardo;Itaquera;São Paulo;Pinheiros;;;;;
São Paulo;Jabaquara;Não informado;Não informado;;;;;
Diadema;Consolação;Não informado;Não informado;;;;;
São Paulo;Limão;São Paulo;Santana;;;;;
São Paulo;Limão;Não informado;Não informado;;;;;
São Paulo;Limão;Não informado;Não informado;;;;;
São Paulo;Consolação;São Paulo;Casa Verde;;;;;
São Paulo;Pinheiros;Não informado;Não informado;;;;;
São Paulo;Higienópolis;São Paulo;Bela Vista;;;;;
São Paulo;Ipiranga;São Paulo;Santana;;;;;
São Paulo;Penha;São Paulo;Casa Verde;;;;;
São Paulo;Santo Amaro;Não informado;Não informado;;;;;
São Paulo;Casa Verde;Não informado;Não informado;;;;;
São Paulo;Vila Prudente;São Paulo;República;;;;;
São Paulo;República;Não informado;Não informado;;;;;
São Paulo;Perdizes;São Paulo;Campo Limpo;;;;;
São Paulo;Lapa;São Paulo;Penha;;;;;
São Paulo;Pinheiros;São Paulo;Higienópolis;;;;;
São Paulo;Perdizes;Não informado;Não informado;;;;;
São Paulo;Itaquera;São Paulo;Penha;;;;;
São Paulo;Jabaquara;São Paulo;Sé;;;;;
São Paulo;Penha;São Paulo;Itaquera;;;;;
São Paulo;Bela Vista;São Paulo;Sé;;;;;
São Paulo;Lapa;Não informado;Não informado;;;;;
São Paulo;Campo Limpo;Não informado;Não informado;;;;;
São Paulo;Penha;Não informado;Não informado;;;;;
São Paulo;Perdizes;Não informado;Não informado;;;;;
São Paulo;Vila Prudente;Não informado;Não informado;;;;;
São Paulo;Campo Limpo;São Paulo;Vila Prudente;;;;;
São Paulo;Tucuruvi;Não informado;Não informado;;;;;
São Paulo;Higienópolis;São Paulo;Higienópolis;;;;;
São Paulo;Santo Amaro;Não informado;Não informado;;;;;
São Paulo;Tatuapé;São Paulo;Higienópolis;;;;;
Dias;Butantã;Não informado;Não informado;;;;;
São Paulo;Limão;São Paulo;Sé;;;;;
Santos do Norte;Santo Amaro;São Paulo;Sé;;;;;
São Paulo;República;São Paulo;Santana;;;;;
São Paulo;Ipiranga;São Paulo;República;;;;;
São Paulo;Santo Amaro;São Paulo;Casa Verde;;;;;
São Paulo;Penha;Não informado;Não informado;;;;;
Novaes;Consolação;São Paulo;Lapa;;;;;
São Paulo;República;Não informado;Não informado;;;;;
Diadema;Santo Amaro;Não informado;Não informado;;;;;
São Paulo;Campo Limpo;São Paulo;Penha;;;;;
São Paulo;Casa Verde;São Paulo;República;;;;;
São Paulo;República;São Paulo;República;;;;;
São Paulo;Ipiranga;São Paulo;Sé;;;;;
São Paulo;Ipiranga;São Paulo;Higienópolis;;;;;
São Paulo;Pinheiros;São Paulo;Santana;;;;;
São Paulo;Tatuapé;São Paulo;Consolação;;;;;
São Paulo;Jabaquara;Não informado;Não informado;;;;;
São Paulo;Consolação;Não informado;Não informado;;;;;
São Paulo;República;São Paulo;Bela Vista;;;;;
São Paulo;Jabaquara;Não informado;Não informado;;;;;
São Paulo;República;Não informado;Não informado;;;;;
São Paulo;Bela Vista;Não informado;Não informado;;;;;
São Paulo;Casa Verde;Não informado;Não informado;;;;;
São Paulo;Tatuapé;São Paulo;Bela Vista;;;;;
São Paulo;Limão;São Paulo;Bela Vista;;;;;
Ribeirão Pires;Itaquera;Não informado;Não informado;;;;;
São Paulo;República;São Paulo;Bela Vista;;;;;
São Paulo;República;Não informado;Não informado;;;;;
São Paulo;Butantã;Não informado;Não informado;;;;;
São Paulo;Consolação;Não informado;Não informado;;;;;
São Paulo;Santana;São Paulo;República;;;;;
São Paulo;Campo Limpo;São Paulo;Bela Vista;;;;;
São Paulo;Pinheiros;Não informado;Não informado;;;;;
Ribeirão Pires;Consolação;São Paulo;Higienópolis;;;;;
São Paulo;Tatuapé;Não informado;Não informado;;;;;
São Paulo;Penha;Não informado;Não informado;;;;;
São Paulo;Butantã;Não informado;Não informado;;;;;
São Paulo;Ipiranga;São Paulo;Bela Vista;;;;;
São Paulo;Santo Amaro;São Paulo;Jabaquara;;;;;
São Paulo;Sé;Não informado;Não informado;;;;;
São Paulo;Campo Limpo;São Paulo;Sé;;;;;
São Paulo;Campo Limpo;São Paulo;República;;;;;
São Paulo;Campo Limpo;São Paulo;Sé;;;;;
São Paulo;Tatuapé;São Paulo;Consolação;;;;;
São Paulo;Campo Limpo;São Paulo;Sé;;;;;
São Paulo;Santana;Não informado;Não informado;;;;;
São Paulo;Santana;Não informado;Não informado;;;;;
São Paulo;Pinheiros;São Paulo;Sé;;;;;
São Paulo;Perdizes;São Paulo;Bela Vista;;;;;
São Paulo;Vila Prudente;Não informado;Não informado;;;;;
São Paulo;Tucuruvi;São Paulo;Lapa;;;;;
Barbosa do Campo;Consolação;Não informado;Não informado;;;;;
São Paulo;Butantã;São Paulo;Vila Prudente;;;;;
São Paulo;Tatuapé;Não informado;Não informado;;;;;
São Paulo;Ipiranga;São Paulo;Lapa;;;;;
São Paulo;Casa Verde;Não informado;Não informado;;;;;
São Paulo;Lapa;Não informado;Não informado;;;;;
São Paulo;Butantã;Não informado;Não informado;;;;;
São Paulo;Higienópolis;São Paulo;Bela Vista;;;;;
Diadema;Consolação;São Paulo;Santana;;;;;
São Paulo;Campo Limpo;São Paulo;Bela Vista;;;;;
São Paulo;Ipiranga;São Paulo;Consolação;;;;;
São Paulo;Itaquera;Não informado;Não informado;;;;;
São Paulo;Jabaquara;São Paulo;República;;;;;
São Paulo;Ipiranga;São Paulo;Casa Verde;;;;;
Vieira;República;São Paulo;Consolação;;;;;
São Paulo;Lapa;São Paulo;Sé;;;;;
São Paulo;Butantã;São Paulo;Butantã;;;;;
São Paulo;Sé;São Paulo;República;;;;;
São Paulo;Santo Amaro;São Paulo;Consolação;;;;;
São Paulo;Itaquera;Não informado;Não informado;;;;;
São Paulo;Pinheiros;São Paulo;Butantã;;;;;
São Paulo;Lapa;São Paulo;Consolação;;;;;
São Paulo;Casa Verde;Não informado;Não informado;;;;;
São Paulo;Butantã;Não informado;Não informado;;;;;
São Paulo;Pinheiros;Não informado;Não informado;;;;;
São Paulo;Vila Prudente;São Paulo;República;;;;;
São Paulo;Penha;São Paulo;Lapa;;;;;
São Paulo;Consolação;São Paulo;Higienópolis;;;;;
São Paulo;Jabaquara;São Paulo;Sé;;;;;
Foga√ßa;Santana;São Paulo;Limão;;;;;
São Paulo;Ipiranga;Não informado;Não informado;;;;;
São Paulo;Penha;São Paulo;Limão;;;;;
São Paulo;Perdizes;São Paulo;Limão;;;;;
São Paulo;Tucuruvi;São Paulo;Casa Verde;;;;;
São Paulo;Limão;Não informado;Não informado;;;;;
Rezende;Jabaquara;Não informado;Não informado;;;;;
São Paulo;Ipiranga;Não informado;Não informado;;;;;
São Paulo;Perdizes;Não informado;Não informado;;;;;
São Paulo;Bela Vista;Não informado;Não informado;;;;;
São Paulo;Ipiranga;São Paulo;Bela Vista;;;;;
São Paulo;Tucuruvi;Não informado;Não informado;;;;;
São Paulo;Butantã;São Paulo;Tucuruvi;;;;;
São Paulo;Campo Limpo;São Paulo;Higienópolis;;;;;
Carvalho;Limão;Não informado;Não informado;;;;;
São Paulo;Butantã;Não informado;Não informado;;;;;
Ribeirão Pires;Tatuapé;São Paulo;Sé;;;;;
São Paulo;Santo Amaro;São Paulo;Sé;;;;;
São Paulo;Jabaquara;Não informado;Não informado;;;;;
Santos;Butantã;São Paulo;Higienópolis;;;;;
São Paulo;Limão;São Paulo;Sé;;;;;
São Paulo;Perdizes;São Paulo;República;;;;;
São Paulo;Perdizes;São Paulo;Santana;;;;;
São Paulo;República;São Paulo;Santana;;;;;
Diadema;Casa Verde;São Paulo;Higienópolis;;;;;
São Paulo;Bela Vista;Não informado;Não informado;;;;;
Caldeira;Tucuruvi;São Paulo;Tucuruvi;;;;;
São Paulo;Consolação;Não informado;Não informado;;;;;
São Paulo;Limão;São Paulo;Bela Vista;;;;;
Santo André;Limão;São Paulo;Penha;;;;;
São Paulo;Tucuruvi;São Paulo;Penha;;;;;
São Paulo;Pinheiros;São Paulo;República;;;;;
São Paulo;República;Não informado;Não informado;;;;;
São Paulo;Sé;São Paulo;Jabaquara;;;;;
São Paulo;Casa Verde;São Paulo;Tucuruvi;;;;;
Porto;Campo Limpo;Não informado;Não informado;;;;;
São Paulo;Perdizes;Não informado;Não informado;;;;;
São Paulo;Sé;São Paulo;Sé;;;;;
Ribeirão Pires;Butantã;São Paulo;Consolação;;;;;
São Paulo;Butantã;São Paulo;Tucuruvi;;;;;
São Paulo;Ipiranga;Não informado;Não informado;;;;;
São Paulo;Limão;São Paulo;Limão;;;;;
Nunes;Casa Verde;São Paulo;Casa Verde;;;;;
São Paulo;Sé;São Paulo;Bela Vista;;;;;
São Paulo;Itaquera;São Paulo;Tucuruvi;;;;;
São Paulo;Butantã;São Paulo;Santana;;;;;
São Paulo;Limão;Não informado;Não informado;;;;;
São Paulo;Campo Limpo;Não informado;Não informado;;;;;
Osasco;Campo Limpo;São Paulo;Consolação;;;;;
São Paulo;Ipiranga;São Paulo;Bela Vista;;;;;
São Paulo;Lapa;São Paulo;Consolação;;;;;
São Paulo;Lapa;São Paulo;República;;;;;
São Paulo;Casa Verde;São Paulo;Sé;;;;;
São Paulo;Vila Prudente;Não informado;Não informado;;;;;
São Paulo;Higienópolis;São Paulo;Bela Vista;;;;;
São Paulo;Lapa;São Paulo;Vila Prudente;;;;;
São Paulo;Tucuruvi;São Paulo;Casa Verde;;;;;
São Paulo;Jabaquara;Não informado;Não informado;;;;;
São Paulo;Vila Prudente;Não informado;Não informado;;;;;
São Paulo;Tucuruvi;São Paulo;Bela Vista;;;;;
São Paulo;Perdizes;Não informado;Não informado;;;;;
Silveira;Lapa;Não informado;Não informado;;;;;
São Paulo;Lapa;Não informado;Não informado;;;;;
São Paulo;Casa Verde;Não informado;Não informado;;;;;
São Paulo;Pinheiros;São Paulo;Bela Vista;;;;;
São Paulo;Bela Vista;São Paulo;República;;;;;
São Paulo;Vila Prudente;Não informado;Não informado;;;;;
Santo André;República;São Paulo;República;;;;;
São Paulo;Vila Prudente;São Paulo;Consolação;;;;;
São Paulo;Itaquera;São Paulo;Higienópolis;;;;;
São Paulo;Tatuapé;Não informado;Não informado;;;;;
São Paulo;Jabaquara;São Paulo;Tatuapé;;;;;
São Paulo;Perdizes;Não informado;Não informado;;;;;
São Paulo;Campo Limpo;São Paulo;Vila Prudente;;;;;
São Paulo;Lapa;São Paulo;Sé;;;;;
São Paulo;Tucuruvi;São Paulo;República;;;;;
São Paulo;Butantã;São Paulo;Consolação;;;;;
São Paulo;Campo Limpo;São Paulo;Higienópolis;;;;;
São Paulo;Ipiranga;Não informado;Não informado;;;;;
Suzano;Casa Verde;São Paulo;Santana;;;;;
São Paulo;Lapa;Não informado;Não informado;;;;;
São Paulo;Vila Prudente;São Paulo;Santana;;;;;
São Paulo;República;São Paulo;Higienópolis;;;;;
Santo André;República;Não informado;Não informado;;;;;
São Paulo;Bela Vista;São Paulo;Santo Amaro;;;;;
São Paulo;Pinheiros;São Paulo;Consolação;;;;;
Ribeirão Pires;Santana;São Paulo;Tatuapé;;;;;
São Paulo;República;São Paulo;Limão;;;;;
São Paulo;Campo Limpo;São Paulo;Butantã;;;;;
São Paulo;Campo Limpo;São Paulo;Casa Verde;;;;;
São Paulo;República;São Paulo;Limão;;;;;
São Paulo;Jabaquara;São Paulo;Santana;;;;;
São Bernardo;República;São Paulo;Bela Vista;;;;;
Rezende;Campo Limpo;Não informado;Não informado;;;;;
São Paulo;Casa Verde;Não informado;Não informado;;;;;
São Paulo;República;São Paulo;Santana;;;;;
Duarte de Goi√°s;Sé;São Paulo;República;;;;;
São Paulo;Tucuruvi;Não informado;Não informado;;;;;
São Paulo;Higienópolis;São Paulo;República;;;;;
São Paulo;Bela Vista;São Paulo;Penha;;;;;
São Paulo;Santana;Não informado;Não informado;;;;;
São Paulo;Jabaquara;Não informado;Não informado;;;;;
São Paulo;Ipiranga;Não informado;Não informado;;;;;
São Paulo;Higienópolis;São Paulo;Santana;;;;;
São Paulo;Higienópolis;Não informado;Não informado;;;;;
Rezende;Jabaquara;São Paulo;Sé;;;;;
São Paulo;Casa Verde;Não informado;Não informado;;;;;
São Paulo;Itaquera;São Paulo;Higienópolis;;;;;
São Paulo;Vila Prudente;Não informado;Não informado;;;;;
São Paulo;Itaquera;São Paulo;Limão;;;;;
São Paulo;Higienópolis;São Paulo;Limão;;;;;
São Paulo;Lapa;Não informado;Não informado;;;;;
São Paulo;Higienópolis;Não informado;Não informado;;;;;
São Paulo;Ipiranga;São Paulo;Bela Vista;;;;;
São Paulo;Itaquera;Não informado;Não informado;;;;;
São Paulo;Higienópolis;São Paulo;Higienópolis;;;;;
São Paulo;Ipiranga;Não informado;Não informado;;;;;
São Paulo;Santana;Não informado;Não informado;;;;;
São Paulo;Tatuapé;São Paulo;Tucuruvi;;;;;
São Paulo;Campo Limpo;Não informado;Não informado;;;;;
São Paulo;Ipiranga;São Paulo;Higienópolis;;;;;
Mauá;Vila Prudente;São Paulo;Tucuruvi;;;;;
São Paulo;República;Não informado;Não informado;;;;;
São Paulo;Jabaquara;São Paulo;Bela Vista;;;;;
São Paulo;Casa Verde;Não informado;Não informado;;;;;
São Paulo;Santana;São Paulo;República;;;;;
São Paulo;Casa Verde;São Paulo;Bela Vista;;;;;
São Paulo;Santana;São Paulo;Bela Vista;;;;;
São Paulo;Limão;São Paulo;Consolação;;;;;
São Paulo;Tatuapé;São Paulo;Santana;;;;;
Souza de Jesus;Penha;São Paulo;Lapa;;;;;
Ribeirão Pires;Campo Limpo;São Paulo;Penha;;;;;
São Paulo;Jabaquara;São Paulo;Itaquera;;;;;
São Paulo;Santo Amaro;São Paulo;Higienópolis;;;;;
São Paulo;Sé;São Paulo;Tatuapé;;;;;
São Paulo;Vila Prudente;São Paulo;República;;;;;
São Paulo;Bela Vista;São Paulo;República;;;;;
São Paulo;Santana;São Paulo;Higienópolis;;;;;
São Paulo;Butantã;São Paulo;Santana;;;;;
São Paulo;Santana;São Paulo;Ipiranga;;;;;
São Paulo;Higienópolis;Não informado;Não informado;;;;;
São Paulo;Perdizes;São Paulo;Limão;;;;;
Teixeira;República;Não informado;Não informado;;;;;
São Paulo;Tatuapé;São Paulo;Consolação;;;;;
São Paulo;Tatuapé;São Paulo;Bela Vista;;;;;
São Paulo;Tatuapé;São Paulo;Perdizes;;;;;
São Paulo;Santo Amaro;Não informado;Não informado;;;;;
São Paulo;Ipiranga;São Paulo;Casa Verde;;;;;
São Paulo;Campo Limpo;São Paulo;Consolação;;;;;
São Paulo;Jabaquara;São Paulo;Pinheiros;;;;;
São Paulo;Consolação;São Paulo;Sé;;;;;
São Paulo;Tucuruvi;Não informado;Não informado;;;;;
São Paulo;Lapa;São Paulo;Casa Verde;;;;;
São Paulo;Santo Amaro;Não informado;Não informado;;;;;
São Paulo;Consolação;São Paulo;Santo Amaro;;;;;
São Paulo;Higienópolis;São Paulo;Itaquera;;;;;
São Paulo;Sé;São Paulo;Consolação;;;;;
São Paulo;Pinheiros;Não informado;Não informado;;;;;
São Paulo;Santana;São Paulo;Higienópolis;;;;;
Osasco;Campo Limpo;São Paulo;Higienópolis;;;;;
São Paulo;Vila Prudente;São Paulo;Santana;;;;;
São Paulo;Lapa;São Paulo;Limão;;;;;
Fernandes do Galho;Sé;Não informado;Não informado;;;;;
São Paulo;Perdizes;São Paulo;Vila Prudente;;;;;
São Paulo;Santo Amaro;São Paulo;Tucuruvi;;;;;
São Paulo;Consolação;São Paulo;República;;;;;
São Paulo;Jabaquara;São Paulo;Tucuruvi;;;;;
São Paulo;Santo Amaro;São Paulo;Bela Vista;;;;;
São Paulo;Santo Amaro;Não informado;Não informado;;;;;
São Paulo;República;São Paulo;República;;;;;
São Paulo;Tatuapé;São Paulo;Jabaquara;;;;;
São Paulo;Itaquera;Não informado;Não informado;;;;;
São Paulo;Vila Prudente;São Paulo;Consolação;;;;;
São Paulo;Ipiranga;Não informado;Não informado;;;;;
São Paulo;Sé;São Paulo;Santo Amaro;;;;;
São Paulo;Consolação;Não informado;Não informado;;;;;
São Paulo;Santana;São Paulo;República;;;;;
São Paulo;República;São Paulo;Bela Vista;;;;;
São Paulo;Ipiranga;Não informado;Não informado;;;;;
São Paulo;Perdizes;São Paulo;Sé;;;;;
São Paulo;Campo Limpo;Não informado;Não informado;;;;;
São Paulo;Tucuruvi;Não informado;Não informado;;;;;
São Paulo;Consolação;Não informado;Não informado;;;;;
São Paulo;Butantã;Não informado;Não informado;;;;;
São Paulo;Bela Vista;São Paulo;Sé;;;;;
São Paulo;Butantã;Não informado;Não informado;;;;;
São Paulo;Perdizes;Não informado;Não informado;;;;;
São Paulo;Higienópolis;São Paulo;Lapa;;;;;
São Paulo;Santana;São Paulo;Sé;;;;;
São Paulo;República;São Paulo;Lapa;;;;;
São Paulo;Pinheiros;São Paulo;República;;;;;
São Paulo;Pinheiros;Não informado;Não informado;;;;;
São Paulo;Santo Amaro;São Paulo;Consolação;;;;;
São Paulo;Lapa;São Paulo;Sé;;;;;
São Paulo;Penha;São Paulo;Higienópolis;;;;;
São Paulo;Butantã;São Paulo;Consolação;;;;;
São Paulo;Lapa;Não informado;Não informado;;;;;
São Paulo;Penha;Não informado;Não informado;;;;;
São Paulo;Lapa;São Paulo;Ipiranga;;;;;
São Paulo;Bela Vista;São Paulo;Santana;;;;;
São Paulo;Pinheiros;Não informado;Não informado;;;;;
São Paulo;Sé;Não informado;Não informado;;;;;
São Paulo;República;São Paulo;Santana;;;;;
São Paulo;Vila Prudente;São Paulo;República;;;;;
São Paulo;Campo Limpo;Não informado;Não informado;;;;;
São Paulo;Perdizes;Não informado;Não informado;;;;;
São Paulo;Vila Prudente;Não informado;Não informado;;;;;
São Paulo;Bela Vista;Não informado;Não informado;;;;;
São Paulo;Casa Verde;Não informado;Não informado;;;;;
São Paulo;Penha;São Paulo;Limão;;;;;
São Paulo;Casa Verde;Não informado;Não informado;;;;;
São Paulo;Pinheiros;Não informado;Não informado;;;;;
São Paulo;Sé;São Paulo;Sé;;;;;
São Paulo;Vila Prudente;São Paulo;Consolação;;;;;
São Paulo;Butantã;São Paulo;República;;;;;
São Paulo;Jabaquara;Não informado;Não informado;;;;;
São Paulo;Pinheiros;São Paulo;Santo Amaro;;;;;
São Paulo;República;Não informado;Não informado;;;;;
São Paulo;Vila Prudente;Não informado;Não informado;;;;;
Melo de Peixoto;Limão;Não informado;Não informado;;;;;
São Paulo;Jabaquara;São Paulo;Consolação;;;;;
São Paulo;Limão;Não informado;Não informado;;;;;
São Paulo;Sé;São Paulo;Sé;;;;;
São Paulo;Ipiranga;São Paulo;Bela Vista;;;;;
São Paulo;Butantã;São Paulo;República;;;;;
São Paulo;Penha;São Paulo;Consolação;;;;;
São Paulo;Santana;São Paulo;Bela Vista;;;;;
São Paulo;Bela Vista;São Paulo;Higienópolis;;;;;
São Paulo;Sé;Não informado;Não informado;;;;;
São Paulo;Bela Vista;São Paulo;Higienópolis;;;;;
São Paulo;Vila Prudente;Não informado;Não informado;;;;;
São Paulo;Ipiranga;São Paulo;Consolação;;;;;
São Paulo;Tucuruvi;São Paulo;Tucuruvi;;;;;
São Paulo;Vila Prudente;São Paulo;Vila Prudente;;;;;
São Paulo;Lapa;Não informado;Não informado;;;;;
São Paulo;Ipiranga;Não informado;Não informado;;;;;
São Paulo;Bela Vista;São Paulo;Penha;;;;;
Moreira;Butantã;São Paulo;Bela Vista;;;;;
São Paulo;Sé;Não informado;Não informado;;;;;
São Paulo;Santo Amaro;Não informado;Não informado;;;;;
São Paulo;Itaquera;São Paulo;Penha;;;;;
São Paulo;Vila Prudente;São Paulo;Itaquera;;;;;
São Paulo;República;São Paulo;Sé;;;;;
São Paulo;Santo Amaro;São Paulo;Penha;;;;;
Itapevi;Jabaquara;Não informado;Não informado;;;;;
São Paulo;Ipiranga;Não informado;Não informado;;;;;
São Paulo;Santo Amaro;São Paulo;Perdizes;;;;;
São Paulo;Ipiranga;São Paulo;Casa Verde;;;;;
São Paulo;Butantã;São Paulo;Penha;;;;;
São Paulo;Penha;São Paulo;Higienópolis;;;;;
São Paulo;Higienópolis;São Paulo;Tucuruvi;;;;;
São Paulo;Itaquera;São Paulo;Higienópolis;;;;;
São Paulo;Casa Verde;São Paulo;Itaquera;;;;;
São Paulo;Santana;Não informado;Não informado;;;;;
São Paulo;Campo Limpo;São Paulo;Limão;;;;;
São Paulo;Tatuapé;São Paulo;República;;;;;
Melo;Ipiranga;Não informado;Não informado;;;;;
São Paulo;Tucuruvi;São Paulo;Vila Prudente;;;;;
São Paulo;Perdizes;Não informado;Não informado;;;;;
São Paulo;Perdizes;São Paulo;Itaquera;;;;;
São Paulo;Itaquera;São Paulo;Bela Vista;;;;;
São Paulo;Lapa;Não informado;Não informado;;;;;
Ribeirão Pires;Limão;São Paulo;Higienópolis;;;;;
São Paulo;Campo Limpo;São Paulo;Higienópolis;;;;;
São Paulo;Campo Limpo;Não informado;Não informado;;;;;
São Paulo;Perdizes;Não informado;Não informado;;;;;
São Paulo;Casa Verde;São Paulo;Sé;;;;;
São Paulo;República;Não informado;Não informado;;;;;
São Paulo;Campo Limpo;São Paulo;Vila Prudente;;;;;
São Paulo;Higienópolis;São Paulo;Santana;;;;;
São Paulo;Limão;São Paulo;Bela Vista;;;;;
São Paulo;Butantã;São Paulo;Higienópolis;;;;;
São Paulo;Pinheiros;Não informado;Não informado;;;;;
São Paulo;Santo Amaro;Não informado;Não informado;;;;;
São Paulo;Casa Verde;Não informado;Não informado;;;;;
Costela do Amparo;Bela Vista;Não informado;Não informado;;;;;
São Paulo;Vila Prudente;São Paulo;Bela Vista;;;;;
São Paulo;Bela Vista;São Paulo;Itaquera;;;;;
São Paulo;Jabaquara;São Paulo;Vila Prudente;;;;;
São Paulo;Campo Limpo;Não informado;Não informado;;;;;
São Paulo;Santana;Não informado;Não informado;;;;;
Ribeirão Pires;Pinheiros;Não informado;Não informado;;;;;
São Paulo;Santana;Não informado;Não informado;;;;;
Diadema;Jabaquara;Não informado;Não informado;;;;;
São Paulo;Sé;Não informado;Não informado;;;;;
São Paulo;Higienópolis;Não informado;Não informado;;;;;
Melo;Pinheiros;São Paulo;Casa Verde;;;;;
São Paulo;Tatuapé;São Paulo;Consolação;;;;;
São Paulo;Vila Prudente;São Paulo;Vila Prudente;;;;;
São Paulo;Vila Prudente;São Paulo;Tucuruvi;;;;;
São Paulo;Consolação;Não informado;Não informado;;;;;
São Paulo;Casa Verde;São Paulo;República;;;;;
São Paulo;Perdizes;Não informado;Não informado;;;;;
São Paulo;República;São Paulo;Santo Amaro;;;;;
São Paulo;Santo Amaro;São Paulo;Tucuruvi;;;;;
São Paulo;Lapa;São Paulo;Sé;;;;;
São Paulo;Limão;São Paulo;Sé;;;;;
São Paulo;Butantã;Não informado;Não informado;;;;;
São Paulo;Santana;São Paulo;Higienópolis;;;;;
São Paulo;Tucuruvi;São Paulo;Itaquera;;;;;
São Paulo;Bela Vista;São Paulo;Sé;;;;;
São Paulo;Higienópolis;São Paulo;Vila Prudente;;;;;
São Paulo;República;São Paulo;Consolação;;;;;
São Paulo;Itaquera;São Paulo;Sé;;;;;
São Paulo;Tatuapé;São Paulo;Consolação;;;;;
São Paulo;Pinheiros;São Paulo;Jabaquara;;;;;
São Paulo;Bela Vista;Não informado;Não informado;;;;;
São Paulo;Tatuapé;São Paulo;Tatuapé;;;;;
São Paulo;República;Não informado;Não informado;;;;;
São Paulo;Pinheiros;Não informado;Não informado;;;;;
São Paulo;Campo Limpo;Não informado;Não informado;;;;;
São Paulo;Lapa;São Paulo;República;;;;;
São Paulo;Pinheiros;São Paulo;Higienópolis;;;;;
São Paulo;Tatuapé;São Paulo;Tucuruvi;;;;;
São Paulo;Higienópolis;São Paulo;Jabaquara;;;;;
Diadema;Pinheiros;São Paulo;Bela Vista;;;;;
São Paulo;Bela Vista;São Paulo;Ipiranga;;;;;
São Paulo;Perdizes;São Paulo;Jabaquara;;;;;
São Paulo;Lapa;São Paulo;Ipiranga;;;;;
São Paulo;Higienópolis;São Paulo;Consolação;;;;;
São Paulo;Casa Verde;São Paulo;Sé;;;;;
São Paulo;Consolação;Não informado;Não informado;;;;;
São Paulo;Higienópolis;Não informado;Não informado;;;;;
São Paulo;Santo Amaro;São Paulo;República;;;;;
São Paulo;Lapa;São Paulo;Higienópolis;;;;;
São Paulo;Itaquera;Não informado;Não informado;;;;;
São Paulo;Limão;Não informado;Não informado;;;;;
São Paulo;Ipiranga;São Paulo;Casa Verde;;;;;
São Paulo;Ipiranga;Não informado;Não informado;;;;;
São Paulo;Pinheiros;Não informado;Não informado;;;;;
Diadema;Itaquera;São Paulo;Tucuruvi;;;;;
São Paulo;Pinheiros;São Paulo;Tatuapé;;;;;
São Paulo;Santana;São Paulo;Casa Verde;;;;;
São Paulo;Vila Prudente;Não informado;Não informado;;;;;
São Paulo;Penha;Não informado;Não informado;;;;;
São Paulo;Jabaquara;São Paulo;Pinheiros;;;;;
São Paulo;Bela Vista;Não informado;Não informado;;;;;
São Paulo;Tatuapé;Não informado;Não informado;;;;;
São Paulo;Santana;São Paulo;Higienópolis;;;;;
São Paulo;Santana;Não informado;Não informado;;;;;
São Paulo;Higienópolis;São Paulo;República;;;;;
Fernandes Verde;Ipiranga;São Paulo;Sé;;;;;
São Paulo;Itaquera;São Paulo;República;;;;;
São Paulo;Limão;Não informado;Não informado;;;;;
São Paulo;Tatuapé;São Paulo;Sé;;;;;
São Paulo;Lapa;São Paulo;Higienópolis;;;;;
São Paulo;Santana;São Paulo;Jabaquara;;;;;
São Paulo;Ipiranga;São Paulo;Sé;;;;;
São Paulo;Pinheiros;Não informado;Não informado;;;;;
São Paulo;Lapa;Não informado;Não informado;;;;;
São Paulo;Ipiranga;São Paulo;Higienópolis;;;;;
São Paulo;Jabaquara;São Paulo;Butantã;;;;;
São Paulo;Itaquera;São Paulo;Sé;;;;;
São Paulo;Higienópolis;Não informado;Não informado;;;;;
São Paulo;Pinheiros;Não informado;Não informado;;;;;
São Paulo;Ipiranga;São Paulo;Higienópolis;;;;;
Teixeira;Sé;São Paulo;República;;;;;
Gon√ßalves;Santana;São Paulo;Sé;;;;;
São Paulo;Tatuapé;São Paulo;Sé;;;;;
Silveira;Consolação;São Paulo;Santana;;;;;
São Paulo;Limão;São Paulo;Sé;;;;;
São Paulo;Vila Prudente;Não informado;Não informado;;;;;
São Paulo;Sé;São Paulo;Santana;;;;;
São Paulo;Vila Prudente;Não informado;Não informado;;;;;
São Paulo;Consolação;Não informado;Não informado;;;;;
São Paulo;Itaquera;Não informado;Não informado;;;;;
São Caetano;Butantã;São Paulo;Higienópolis;;;;;
São Paulo;Campo Limpo;São Paulo;Higienópolis;;;;;
São Paulo;Penha;São Paulo;Consolação;;;;;
São Paulo;Lapa;São Paulo;República;;;;;
São Paulo;Butantã;Não informado;Não informado;;;;;
São Paulo;Jabaquara;Não informado;Não informado;;;;;
São Paulo;Vila Prudente;São Paulo;Higienópolis;;;;;
São Paulo;Campo Limpo;Não informado;Não informado;;;;;
São Paulo;Casa Verde;São Paulo;Bela Vista;;;;;
São Paulo;Vila Prudente;Não informado;Não informado;;;;;
São Paulo;Consolação;Não informado;Não informado;;;;;
São Paulo;Higienópolis;Não informado;Não informado;;;;;
São Paulo;Bela Vista;São Paulo;Santana;;;;;
São Paulo;Limão;Não informado;Não informado;;;;;
São Paulo;Santana;Não informado;Não informado;;;;;
São Paulo;Ipiranga;São Paulo;Limão;;;;;
São Paulo;Limão;São Paulo;Sé;;;;;
Diadema;Itaquera;São Paulo;Itaquera;;;;;
São Paulo;Tatuapé;São Paulo;Higienópolis;;;;;
São Paulo;Tatuapé;São Paulo;Bela Vista;;;;;
São Paulo;República;São Paulo;Campo Limpo;;;;;
São Paulo;Lapa;Não informado;Não informado;;;;;
São Paulo;Santana;São Paulo;Butantã;;;;;
São Paulo;Lapa;São Paulo;Casa Verde;;;;;
São Paulo;Tucuruvi;Não informado;Não informado;;;;;
São Paulo;Lapa;São Paulo;Santana;;;;;
São Paulo;Lapa;São Paulo;Consolação;;;;;
São Paulo;Bela Vista;São Paulo;Tatuapé;;;;;
São Paulo;Tatuapé;São Paulo;Casa Verde;;;;;
São Paulo;Perdizes;Não informado;Não informado;;;;;
São Paulo;Penha;Não informado;Não informado;;;;;
São Paulo;Penha;São Paulo;República;;;;;
São Paulo;Ipiranga;São Paulo;Casa Verde;;;;;
São Paulo;Santo Amaro;Não informado;Não informado;;;;;
São Paulo;Casa Verde;São Paulo;Bela Vista;;;;;
São Paulo;Sé;São Paulo;Sé;;;;;
Ribeirão Pires;República;Não informado;Não informado;;;;;
São Paulo;Consolação;São Paulo;Limão;;;;;
São Paulo;Consolação;Não informado;Não informado;;;;;
São Paulo;Butantã;Não informado;Não informado;;;;;
São Paulo;Perdizes;São Paulo;Higienópolis;;;;;
São Paulo;Tatuapé;Não informado;Não informado;;;;;
São Paulo;República;São Paulo;Bela Vista;;;;;
São Paulo;Penha;Não informado;Não informado;;;;;
São Paulo;Santo Amaro;São Paulo;Tatuapé;;;;;
São Paulo;Limão;Não informado;Não informado;;;;;
São Paulo;Pinheiros;São Paulo;República;;;;;
São Paulo;Penha;Não informado;Não informado;;;;;
Diadema;Centro;São Paulo;Tatuapé;;;;;
São Paulo;Itaquera;Não informado;Não informado;;;;;
São Paulo;Santo Amaro;Não informado;Não informado;;;;;
São Paulo;Bela Vista;Não informado;Não informado;;;;;
São Paulo;Consolação;São Paulo;Higienópolis;;;;;
São Paulo;Tatuapé;Não informado;Não informado;;;;;
São Paulo;Tucuruvi;São Paulo;Bela Vista;;;;;
São Paulo;Pinheiros;São Paulo;República;;;;;
São Paulo;Campo Limpo;São Paulo;Tucuruvi;;;;;
São Paulo;Higienópolis;São Paulo;Higienópolis;;;;;
São Paulo;Penha;São Paulo;Higienópolis;;;;;
São Paulo;Higienópolis;São Paulo;Pinheiros;;;;;
São Paulo;Santo Amaro;Não informado;Não informado;;;;;
São Paulo;Bela Vista;Não informado;Não informado;;;;;
São Paulo;Santo Amaro;São Paulo;Itaquera;;;;;
São Paulo;Vila Prudente;Não informado;Não informado;;;;;
São Paulo;Bela Vista;Não informado;Não informado;;;;;
São Paulo;Perdizes;Não informado;Não informado;;;;;
São Paulo;Tatuapé;São Paulo;Higienópolis;;;;;
São Paulo;Consolação;São Paulo;Santana;;;;;
São Paulo;Tatuapé;Não informado;Não informado;;;;;
São Paulo;República;São Paulo;Bela Vista;;;;;
Ribeirão Pires;Consolação;São Paulo;Penha;;;;;
São Paulo;Higienópolis;Não informado;Não informado;;;;;
Souza;Lapa;São Paulo;República;;;;;
São Paulo;Itaquera;Não informado;Não informado;;;;;
São Paulo;Higienópolis;São Paulo;Consolação;;;;;
São Paulo;Perdizes;São Paulo;Itaquera;;;;;
São Paulo;Campo Limpo;Não informado;Não informado;;;;;
São Paulo;Campo Limpo;Não informado;Não informado;;;;;
São Paulo;Perdizes;São Paulo;Limão;;;;;
São Paulo;Perdizes;Não informado;Não informado;;;;;
São Paulo;Santo Amaro;São Paulo;Consolação;;;;;
São Paulo;Limão;Não informado;Não informado;;;;;
São Paulo;Butantã;Não informado;Não informado;;;;;
São Paulo;Perdizes;São Paulo;Consolação;;;;;
São Paulo;Itaquera;São Paulo;Casa Verde;;;;;
São Paulo;Bela Vista;São Paulo;Higienópolis;;;;;
Pereira do Campo;República;São Paulo;Tucuruvi;;;;;
São Paulo;Vila Prudente;Não informado;Não informado;;;;;
São Paulo;Tatuapé;São Paulo;Sé;;;;;
São Paulo;Consolação;Não informado;Não informado;;;;;
São Paulo;Tucuruvi;São Paulo;Campo Limpo;;;;;
Ribeirão Pires;Tatuapé;Não informado;Não informado;;;;;
São Paulo;Pinheiros;Não informado;Não informado;;;;;
São Paulo;Tatuapé;Não informado;Não informado;;;;;
São Paulo;Perdizes;Não informado;Não informado;;;;;
São Paulo;Higienópolis;Não informado;Não informado;;;;;
São Paulo;Campo Limpo;São Paulo;Sé;;;;;
São Paulo;Tatuapé;São Paulo;Tatuapé;;;;;
São Paulo;Jabaquara;São Paulo;Bela Vista;;;;;
São Paulo;Jabaquara;São Paulo;Pinheiros;;;;;
São Paulo;Higienópolis;Não informado;Não informado;;;;;
São Paulo;Casa Verde;São Paulo;Bela Vista;;;;;
São Paulo;Vila Prudente;São Paulo;Vila Prudente;;;;;
São Paulo;Lapa;São Paulo;Higienópolis;;;;;
São Paulo;Pinheiros;São Paulo;República;;;;;
São Paulo;Jabaquara;São Paulo;Itaquera;;;;;
São Paulo;Casa Verde;Não informado;Não informado;;;;;
São Paulo;Limão;São Paulo;Tucuruvi;;;;;
São Paulo;Perdizes;Não informado;Não informado;;;;;
São Paulo;Vila Prudente;São Paulo;Itaquera;;;;;
São Paulo;Santana;Não informado;Não informado;;;;;
São Paulo;Penha;Não informado;Não informado;;;;;
São Paulo;Lapa;Não informado;Não informado;;;;;
São Paulo;Consolação;São Paulo;Penha;;;;;
São Paulo;Perdizes;Não informado;Não informado;;;;;
São Paulo;Limão;Não informado;Não informado;;;;;
São Paulo;Campo Limpo;Não informado;Não informado;;;;;
São Paulo;Campo Limpo;São Paulo;Santo Amaro;;;;;
São Paulo;Sé;São Paulo;Bela Vista;;;;;
São Paulo;Perdizes;Não informado;Não informado;;;;;
São Paulo;Jabaquara;São Paulo;Tucuruvi;;;;;
São Paulo;República;Não informado;Não informado;;;;;
São Paulo;Santana;São Paulo;Consolação;;;;;
São Paulo;Jabaquara;São Paulo;Consolação;;;;;
São Paulo;Ipiranga;Não informado;Não informado;;;;;
São Paulo;Butantã;Não informado;Não informado;;;;;
São Paulo;Sé;São Paulo;Limão;;;;;
São Paulo;Santana;São Paulo;Lapa;;;;;
São Paulo;Itaquera;Não informado;Não informado;;;;;
São Paulo;Butantã;São Paulo;Sé;;;;;
São Paulo;Higienópolis;São Paulo;Bela Vista;;;;;
São Paulo;Butantã;São Paulo;Tucuruvi;;;;;
São Paulo;Lapa;São Paulo;Sé;;;;;
São Paulo;Perdizes;São Paulo;Tatuapé;;;;;
São Paulo;Santana;São Paulo;Consolação;;;;;
São Paulo;Lapa;Não informado;Não informado;;;;;
São Paulo;Higienópolis;Não informado;Não informado;;;;;
São Paulo;Penha;Não informado;Não informado;;;;;
São Paulo;Vila Prudente;São Paulo;Pinheiros;;;;;
São Paulo;República;Não informado;Não informado;;;;;
São Paulo;Penha;São Paulo;Bela Vista;;;;;
São Paulo;Perdizes;Não informado;Não informado;;;;;
São Paulo;Butantã;Não informado;Não informado;;;;;
Farias de Rezende;Lapa;São Paulo;Campo Limpo;;;;;
Suzano;Bela Vista;Não informado;Não informado;;;;;
São Paulo;Tucuruvi;Não informado;Não informado;;;;;
São Paulo;Tucuruvi;Não informado;Não informado;;;;;
São Paulo;Sé;São Paulo;Bela Vista;;;;;
São Paulo;Tatuapé;Não informado;Não informado;;;;;
Melo de Mendes;Campo Limpo;São Paulo;Higienópolis;;;;;
São Paulo;Santana;Não informado;Não informado;;;;;
São Paulo;Perdizes;São Paulo;Higienópolis;;;;;
São Paulo;Ipiranga;Não informado;Não informado;;;;;
São Paulo;Tucuruvi;Não informado;Não informado;;;;;
São Paulo;Itaquera;São Paulo;Santana;;;;;
São Paulo;Pinheiros;Não informado;Não informado;;;;;
São Paulo;Jabaquara;Não informado;Não informado;;;;;
São Paulo;República;São Paulo;Sé;;;;;
São Paulo;Higienópolis;Não informado;Não informado;;;;;
São Paulo;Casa Verde;Não informado;Não informado;;;;;
São Paulo;Higienópolis;Não informado;Não informado;;;;;
São Paulo;Higienópolis;São Paulo;República;;;;;
São Paulo;Consolação;São Paulo;Tucuruvi;;;;;
São Paulo;Santo Amaro;Não informado;Não informado;;;;;
São Paulo;Tucuruvi;São Paulo;Santana;;;;;
Ribeirão Pires;Perdizes;São Paulo;Consolação;;;;;
São Paulo;Tatuapé;São Paulo;Higienópolis;;;;;
Nogueira do Amparo;Lapa;Não informado;Não informado;;;;;
São Paulo;Santo Amaro;São Paulo;República;;;;;
São Paulo;Tatuapé;Não informado;Não informado;;;;;
São Paulo;República;São Paulo;Higienópolis;;;;;
São Paulo;Casa Verde;Não informado;Não informado;;;;;
São Paulo;Perdizes;Não informado;Não informado;;;;;
São Paulo;Jabaquara;Não informado;Não informado;;;;;
São Paulo;Perdizes;São Paulo;Bela Vista;;;;;
São Paulo;Casa Verde;São Paulo;Consolação;;;;;
São Paulo;Tatuapé;São Paulo;Sé;;;;;
São Paulo;Butantã;São Paulo;Sé;;;;;
São Paulo;Jabaquara;São Paulo;Ipiranga;;;;;
São Paulo;Perdizes;Não informado;Não informado;;;;;
São Paulo;Jabaquara;Não informado;Não informado;;;;;
São Paulo;Campo Limpo;São Paulo;Casa Verde;;;;;
São Paulo;Bela Vista;Não informado;Não informado;;;;;
São Paulo;República;Não informado;Não informado;;;;;
São Paulo;Santo Amaro;São Paulo;Bela Vista;;;;;
São Paulo;Jabaquara;São Paulo;Consolação;;;;;
São Paulo;Tatuapé;São Paulo;Consolação;;;;;
Diadema;Vila Prudente;Não informado;Não informado;;;;;
São Paulo;Penha;Não informado;Não informado;;;;;
São Paulo;Campo Limpo;São Paulo;Casa Verde;;;;;
São Paulo;Casa Verde;São Paulo;Vila Prudente;;;;;
São Paulo;Sé;São Paulo;Bela Vista;;;;;
São Paulo;Lapa;São Paulo;Butantã;;;;;
São Paulo;Sé;Não informado;Não informado;;;;;
São Paulo;Sé;Não informado;Não informado;;;;;
São Paulo;Jabaquara;Não informado;Não informado;;;;;
São Paulo;Itaquera;Não informado;Não informado;;;;;
São Paulo;Penha;São Paulo;Consolação;;;;;
São Paulo;Penha;São Paulo;Tucuruvi;;;;;
São Paulo;Higienópolis;Não informado;Não informado;;;;;
São Paulo;Ipiranga;Não informado;Não informado;;;;;
São Paulo;Tatuapé;Não informado;Não informado;;;;;
São Paulo;Sé;Não informado;Não informado;;;;;
São Paulo;Penha;São Paulo;Consolação;;;;;
São Paulo;Bela Vista;São Paulo;Sé;;;;;
São Paulo;Penha;São Paulo;Higienópolis;;;;;
São Paulo;Pinheiros;São Paulo;Bela Vista;;;;;
São Paulo;Jabaquara;São Paulo;Limão;;;;;
São Paulo;Penha;São Paulo;Jabaquara;;;;;
São Paulo;Consolação;Não informado;Não informado;;;;;
Freitas;Butantã;Não informado;Não informado;;;;;
São Paulo;Vila Prudente;São Paulo;Sé;;;;;
Correia dos Dourados;Ipiranga;São Paulo;Consolação;;;;;
São Paulo;Jabaquara;São Paulo;República;;;;;
São Paulo;Butantã;São Paulo;Bela Vista;;;;;
São Paulo;Jabaquara;São Paulo;Higienópolis;;;;;
São Paulo;Butantã;Não informado;Não informado;;;;;
São Paulo;Butantã;Não informado;Não informado;;;;;
São Paulo;Jabaquara;Não informado;Não informado;;;;;
São Paulo;Santana;São Paulo;Consolação;;;;;
São Paulo;Pinheiros;Não informado;Não informado;;;;;
São Paulo;Casa Verde;São Paulo;Sé;;;;;
São Paulo;Santana;São Paulo;Limão;;;;;
São Paulo;Butantã;São Paulo;Higienópolis;;;;;
São Paulo;Campo Limpo;São Paulo;Casa Verde;;;;;
São Paulo;Pinheiros;São Paulo;Butantã;;;;;
São Paulo;Lapa;São Paulo;Higienópolis;;;;;
São Paulo;Itaquera;São Paulo;Consolação;;;;;
São Paulo;Limão;São Paulo;Consolação;;;;;
São Paulo;Sé;São Paulo;Sé;;;;;
São Paulo;Santo Amaro;Não informado;Não informado;;;;;
São Paulo;Santo Amaro;Não informado;Não informado;;;;;
São Paulo;Bela Vista;Não informado;Não informado;;;;;
Ribeirão Pires;Santo Amaro;Não informado;Não informado;;;;;
São Paulo;Consolação;São Paulo;Tucuruvi;;;;;
São Paulo;Santana;São Paulo;Tucuruvi;;;;;
São Paulo;Sé;Não informado;Não informado;;;;;
São Paulo;Lapa;São Paulo;Vila Prudente;;;;;
São Paulo;Santana;Não informado;Não informado;;;;;
São Paulo;Itaquera;Não informado;Não informado;;;;;
São Paulo;Campo Limpo;São Paulo;Santana;;;;;
São Paulo;Vila Prudente;São Paulo;Bela Vista;;;;;
Ribeirão Pires;Jabaquara;Não informado;Não informado;;;;;
São Paulo;Vila Prudente;São Paulo;Consolação;;;;;
São Paulo;Bela Vista;Não informado;Não informado;;;;;
São Paulo;Campo Limpo;São Paulo;Casa Verde;;;;;
Farias do Amparo;República;Não informado;Não informado;;;;;
São Paulo;Jabaquara;São Paulo;Consolação;;;;;
São Paulo;Casa Verde;São Paulo;República;;;;;
São Paulo;Tucuruvi;Não informado;Não informado;;;;;
São Paulo;Perdizes;Não informado;Não informado;;;;;
São Paulo;República;Não informado;Não informado;;;;;
São Paulo;Campo Limpo;Não informado;Não informado;;;;;
Correia;Higienópolis;São Paulo;Casa Verde;;;;;
São Paulo;Sé;Não informado;Não informado;;;;;
São Paulo;Penha;Não informado;Não informado;;;;;
São Paulo;Itaquera;São Paulo;Higienópolis;;;;;
São Paulo;Vila Prudente;São Paulo;Bela Vista;;;;;
São Paulo;Casa Verde;São Paulo;Sé;;;;;
São Paulo;Jabaquara;Não informado;Não informado;;;;;
São Paulo;Higienópolis;Não informado;Não informado;;;;;
São Paulo;Butantã;São Paulo;Santana;;;;;
São Paulo;Pinheiros;São Paulo;República;;;;;
São Paulo;Jabaquara;Não informado;Não informado;;;;;
São Paulo;Casa Verde;São Paulo;Casa Verde;;;;;
São Paulo;Santo Amaro;Não informado;Não informado;;;;;
Osasco;Consolação;Não informado;Não informado;;;;;
São Paulo;Itaquera;São Paulo;Tucuruvi;;;;;
São Paulo;Tatuapé;São Paulo;República;;;;;
São Paulo;Penha;São Paulo;Higienópolis;;;;;
São Paulo;Ipiranga;São Paulo;Bela Vista;;;;;
São Paulo;Penha;Não informado;Não informado;;;;;
São Paulo;Higienópolis;Não informado;Não informado;;;;;
São Paulo;Itaquera;São Paulo;Santana;;;;;
São Paulo;Lapa;Não informado;Não informado;;;;;
São Paulo;Higienópolis;São Paulo;República;;;;;
São Paulo;Campo Limpo;Não informado;Não informado;;;;;
São Paulo;Casa Verde;São Paulo;Sé;;;;;
São Paulo;Perdizes;São Paulo;Tatuapé;;;;;
Rezende de Rodrigues;Santo Amaro;São Paulo;Casa Verde;;;;;
São Paulo;Itaquera;São Paulo;Santana;;;;;
São Paulo;Jabaquara;São Paulo;República;;;;;
São Paulo;Bela Vista;São Paulo;Perdizes;;;;;
São Paulo;Vila Prudente;São Paulo;Consolação;;;;;
São Paulo;Consolação;São Paulo;Consolação;;;;;
São Paulo;Consolação;São Paulo;Casa Verde;;;;;
São Paulo;Lapa;São Paulo;Pinheiros;;;;;
São Paulo;Perdizes;São Paulo;Santana;;;;;
São Paulo;Santana;São Paulo;Bela Vista;;;;;
Lima;Jabaquara;Não informado;Não informado;;;;;
São Paulo;Casa Verde;Não informado;Não informado;;;;;
São Paulo;Jabaquara;Não informado;Não informado;;;;;
São Paulo;Tucuruvi;São Paulo;Ipiranga;;;;;
São Paulo;Santana;São Paulo;Tucuruvi;;;;;
São Paulo;Perdizes;São Paulo;República;;;;;
São Paulo;Lapa;Não informado;Não informado;;;;;
São Paulo;Ipiranga;São Paulo;República;;;;;
São Paulo;Vila Prudente;São Paulo;Tucuruvi;;;;;
São Paulo;Sé;Não informado;Não informado;;;;;
São Paulo;Campo Limpo;São Paulo;República;;;;;
São Paulo;Perdizes;São Paulo;Higienópolis;;;;;
Correia;Tucuruvi;São Paulo;Santana;;;;;
São Paulo;Higienópolis;Não informado;Não informado;;;;;
Campos;Sé;São Paulo;Bela Vista;;;;;
São Paulo;Santana;São Paulo;Sé;;;;;
São Paulo;Santo Amaro;São Paulo;Itaquera;;;;;
São Paulo;Penha;Não informado;Não informado;;;;;
São Paulo;Lapa;São Paulo;República;;;;;
São Paulo;Santana;São Paulo;República;;;;;
São Paulo;Penha;Não informado;Não informado;;;;;
São Paulo;Penha;Não informado;Não informado;;;;;
São Paulo;Bela Vista;São Paulo;República;;;;;
São Paulo;Butantã;São Paulo;Higienópolis;;;;;
São Paulo;Santana;São Paulo;República;;;;;
São Paulo;Santana;São Paulo;Consolação;;;;;
São Paulo;Higienópolis;Não informado;Não informado;;;;;
São Paulo;Campo Limpo;Não informado;Não informado;;;;;
São Paulo;Pinheiros;São Paulo;Casa Verde;;;;;
São Paulo;Casa Verde;Não informado;Não informado;;;;;
São Paulo;Perdizes;Não informado;Não informado;;;;;
São Paulo;República;São Paulo;Higienópolis;;;;;
São Paulo;Consolação;São Paulo;República;;;;;
Pires;Consolação;São Paulo;Limão;;;;;
São Paulo;Santana;São Paulo;Tucuruvi;;;;;
Duarte do Norte;Santo Amaro;São Paulo;Sé;;;;;
São Paulo;Sé;Não informado;Não informado;;;;;
Osasco;Jabaquara;Não informado;Não informado;;;;;
Diadema;Santo Amaro;São Paulo;República;;;;;
São Paulo;Itaquera;Não informado;Não informado;;;;;
São Paulo;Consolação;Não informado;Não informado;;;;;
São Paulo;Limão;São Paulo;Bela Vista;;;;;
São Paulo;Casa Verde;São Paulo;Consolação;;;;;
São Paulo;Limão;Não informado;Não informado;;;;;
São Paulo;Lapa;Não informado;Não informado;;;;;
São Paulo;Campo Limpo;Não informado;Não informado;;;;;
São Paulo;República;São Paulo;Sé;;;;;
São Paulo;República;Não informado;Não informado;;;;;
São Paulo;Butantã;São Paulo;Higienópolis;;;;;
São Paulo;Santana;São Paulo;Higienópolis;;;;;
São Paulo;Casa Verde;Não informado;Não informado;;;;;
São Paulo;Consolação;Não informado;Não informado;;;;;
São Paulo;Perdizes;São Paulo;Consolação;;;;;
São Paulo;Limão;São Paulo;Bela Vista;;;;;
São Paulo;Casa Verde;Não informado;Não informado;;;;;
São Paulo;Itaquera;Não informado;Não informado;;;;;
São Paulo;República;São Paulo;Bela Vista;;;;;
São Paulo;Vila Prudente;São Paulo;Casa Verde;;;;;
São Paulo;Itaquera;São Paulo;Tatuapé;;;;;
São Paulo;Lapa;São Paulo;Penha;;;;;
Dias do Norte;Lapa;São Paulo;Consolação;;;;;
São Paulo;Tatuapé;Não informado;Não informado;;;;;
São Paulo;Bela Vista;Não informado;Não informado;;;;;
São Paulo;Penha;São Paulo;República;;;;;
São Paulo;Vila Prudente;São Paulo;Bela Vista;;;;;
Diadema;Campo Limpo;Não informado;Não informado;;;;;
São Paulo;Casa Verde;Não informado;Não informado;;;;;
São Paulo;Penha;São Paulo;República;;;;;
São Paulo;Campo Limpo;São Paulo;Sé;;;;;
São Paulo;Campo Limpo;São Paulo;Limão;;;;;
São Paulo;Penha;São Paulo;Butantã;;;;;
Ferreira;Santana;Não informado;Não informado;;;;;
São Paulo;Pinheiros;São Paulo;Santana;;;;;
São Paulo;Pinheiros;São Paulo;Bela Vista;;;;;
São Paulo;Tucuruvi;São Paulo;Sé;;;;;
São Paulo;Lapa;Não informado;Não informado;;;;;
São Paulo;Jabaquara;São Paulo;Consolação;;;;;
São Paulo;Ipiranga;São Paulo;Bela Vista;;;;;
São Paulo;Pinheiros;Não informado;Não informado;;;;;
São Paulo;Ipiranga;Não informado;Não informado;;;;;
São Paulo;Santana;Não informado;Não informado;;;;;
São Paulo;Pinheiros;São Paulo;Higienópolis;;;;;
São Paulo;Consolação;Não informado;Não informado;;;;;
São Paulo;Jabaquara;São Paulo;Consolação;;;;;
São Paulo;Santo Amaro;Não informado;Não informado;;;;;
São Paulo;Jabaquara;Não informado;Não informado;;;;;
São Paulo;Vila Prudente;São Paulo;Consolação;;;;;
Rodrigues Verde;Itaquera;Não informado;Não informado;;;;;
São Paulo;Higienópolis;São Paulo;Bela Vista;;;;;
São Paulo;Higienópolis;São Paulo;Sé;;;;;
São Paulo;Tatuapé;São Paulo;Tatuapé;;;;;
Barbosa;Limão;São Paulo;Sé;;;;;
São Paulo;Perdizes;São Paulo;República;;;;;
São Paulo;Butantã;Não informado;Não informado;;;;;
São Paulo;Campo Limpo;São Paulo;Vila Prudente;;;;;
São Paulo;Sé;São Paulo;Itaquera;;;;;
São Paulo;Perdizes;Não informado;Não informado;;;;;
São Paulo;Limão;São Paulo;Santana;;;;;
São Paulo;Ipiranga;Não informado;Não informado;;;;;
São Paulo;Pinheiros;São Paulo;Limão;;;;;
São Paulo;Perdizes;Não informado;Não informado;;;;;
São Paulo;Ipiranga;São Paulo;Butantã;;;;;
São Paulo;Casa Verde;São Paulo;República;;;;;
São Paulo;Butantã;São Paulo;Higienópolis;;;;;
São Paulo;Perdizes;São Paulo;Sé;;;;;
São Paulo;Butantã;Não informado;Não informado;;;;;
São Paulo;Pinheiros;Não informado;Não informado;;;;;
São Paulo;Vila Prudente;São Paulo;Santana;;;;;
São Paulo;Tatuapé;São Paulo;Sé;;;;;
São Paulo;Ipiranga;Não informado;Não informado;;;;;
Jesus;Campo Limpo;São Paulo;Higienópolis;;;;;
São Caetano;Sé;Não informado;Não informado;;;;;
São Paulo;Consolação;São Paulo;Sé;;;;;
São Paulo;Consolação;São Paulo;República;;;;;
São Paulo;Bela Vista;São Paulo;Consolação;;;;;
São Paulo;Higienópolis;Não informado;Não informado;;;;;
São Paulo;Consolação;São Paulo;Pinheiros;;;;;
São Paulo;Bela Vista;Não informado;Não informado;;;;;
São Paulo;Sé;São Paulo;Bela Vista;;;;;
São Paulo;Sé;São Paulo;Consolação;;;;;
São Paulo;Sé;São Paulo;Tatuapé;;;;;
São Paulo;Itaquera;São Paulo;República;;;;;
São Paulo;Limão;Não informado;Não informado;;;;;
São Paulo;Limão;Não informado;Não informado;;;;;
São Paulo;Campo Limpo;Não informado;Não informado;;;;;
São Paulo;Tucuruvi;Não informado;Não informado;;;;;
São Paulo;Jabaquara;São Paulo;Consolação;;;;;
São Paulo;Casa Verde;São Paulo;Sé;;;;;
São Paulo;Perdizes;São Paulo;Limão;;;;;
São Paulo;Campo Limpo;São Paulo;Higienópolis;;;;;
São Paulo;Santo Amaro;São Paulo;Bela Vista;;;;;
São Paulo;Lapa;São Paulo;Vila Prudente;;;;;
Diadema;Centro;Não informado;Não informado;;;;;
São Paulo;Itaquera;Não informado;Não informado;;;;;
São Paulo;Tatuapé;São Paulo;Higienópolis;;;;;
São Paulo;Itaquera;Não informado;Não informado;;;;;
São Paulo;Tatuapé;Não informado;Não informado;;;;;
São Paulo;Perdizes;São Paulo;Higienópolis;;;;;
Ribeirão Pires;Penha;Não informado;Não informado;;;;;
São Paulo;Limão;São Paulo;República;;;;;
São Paulo;Jabaquara;Não informado;Não informado;;;;;
São Paulo;Perdizes;Não informado;Não informado;;;;;
São Paulo;Higienópolis;São Paulo;Bela Vista;;;;;
São Paulo;Perdizes;São Paulo;Higienópolis;;;;;
São Paulo;República;São Paulo;Bela Vista;;;;;
São Paulo;Limão;Não informado;Não informado;;;;;
São Paulo;Vila Prudente;Não informado;Não informado;;;;;
São Paulo;Ipiranga;Não informado;Não informado;;;;;
São Paulo;Tatuapé;Não informado;Não informado;;;;;
Diadema;Campo Limpo;Não informado;Não informado;;;;;
Martins de Foga√ßa;Tatuapé;São Paulo;Santana;;;;;
São Paulo;Lapa;Não informado;Não informado;;;;;
São Paulo;Perdizes;São Paulo;Higienópolis;;;;;
São Paulo;Casa Verde;Não informado;Não informado;;;;;
São Paulo;Tucuruvi;São Paulo;Itaquera;;;;;
São Paulo;Tucuruvi;São Paulo;Itaquera;;;;;
São Paulo;Sé;Não informado;Não informado;;;;;
São Paulo;Higienópolis;Não informado;Não informado;;;;;
São Paulo;Tatuapé;São Paulo;Higienópolis;;;;;
São Paulo;Ipiranga;Não informado;Não informado;;;;;
São Paulo;Campo Limpo;São Paulo;República;;;;;
São Paulo;Higienópolis;Não informado;Não informado;;;;;
São Paulo;Campo Limpo;São Paulo;Consolação;;;;;
Pinto;Consolação;Não informado;Não informado;;;;;
Ribeiro Verde;Vila Prudente;São Paulo;República;;;;;
São Paulo;Perdizes;Não informado;Não informado;;;;;
São Paulo;Bela Vista;Não informado;Não informado;;;;;
São Paulo;Itaquera;Não informado;Não informado;;;;;
São Paulo;Casa Verde;Não informado;Não informado;;;;;
São Paulo;Limão;São Paulo;Tatuapé;;;;;
São Paulo;Tatuapé;Não informado;Não informado;;;;;
São Paulo;Tucuruvi;Não informado;Não informado;;;;;
São Paulo;Jabaquara;Não informado;Não informado;;;;;
Nogueira;Santana;Não informado;Não informado;;;;;
São Paulo;Vila Prudente;São Paulo;Santana;;;;;
São Paulo;Butantã;São Paulo;Consolação;;;;;
São Paulo;Limão;São Paulo;Casa Verde;;;;;
São Paulo;República;São Paulo;Santana;;;;;
São Paulo;Tucuruvi;Não informado;Não informado;;;;;
São Paulo;Casa Verde;São Paulo;Vila Prudente;;;;;
São Paulo;República;São Paulo;Sé;;;;;
São Paulo;Itaquera;Não informado;Não informado;;;;;
São Paulo;Vila Prudente;Não informado;Não informado;;;;;
São Paulo;Butantã;Não informado;Não informado;;;;;
São Paulo;Campo Limpo;Não informado;Não informado;;;;;
São Paulo;Campo Limpo;São Paulo;Bela Vista;;;;;
São Paulo;Butantã;São Paulo;Bela Vista;;;;;
São Paulo;Tucuruvi;São Paulo;República;;;;;
Suzano;Jabaquara;São Paulo;República;;;;;
São Paulo;Campo Limpo;São Paulo;Lapa;;;;;
São Paulo;Penha;São Paulo;Casa Verde;;;;;
São Paulo;Lapa;Não informado;Não informado;;;;;
São Paulo;República;São Paulo;República;;;;;
São Paulo;Penha;Não informado;Não informado;;;;;
São Paulo;Santana;Não informado;Não informado;;;;;
São Paulo;Vila Prudente;São Paulo;Limão;;;;;
São Paulo;Sé;São Paulo;Pinheiros;;;;;
São Paulo;Itaquera;Não informado;Não informado;;;;;
São Paulo;Higienópolis;Não informado;Não informado;;;;;
São Paulo;Santo Amaro;Não informado;Não informado;;;;;
Diadema;Centro;São Paulo;República;;;;;
São Paulo;Campo Limpo;São Paulo;Higienópolis;;;;;
São Paulo;Santana;Não informado;Não informado;;;;;
São Paulo;Tucuruvi;Não informado;Não informado;;;;;
Rocha de Goi√°s;Butantã;São Paulo;Bela Vista;;;;;
São Caetano;Limão;São Paulo;Consolação;;;;;
São Paulo;Lapa;São Paulo;Sé;;;;;
São Paulo;Consolação;São Paulo;Higienópolis;;;;;
São Paulo;Jabaquara;São Paulo;Bela Vista;;;;;
São Caetano;Casa Verde;Não informado;Não informado;;;;;São Caetano
São Paulo;Consolação;São Paulo;Santana;;;;;
São Paulo;Tucuruvi;São Paulo;Consolação;;;;;
São Paulo;República;São Paulo;Santana;;;;;
São Paulo;Campo Limpo;Não informado;Não informado;;;;;
São Paulo;Campo Limpo;São Paulo;Itaquera;;;;;
São Paulo;Casa Verde;São Paulo;Bela Vista;;;;;
São Paulo;Perdizes;São Paulo;Limão;;;;;
São Paulo;Santo Amaro;Não informado;Não informado;;;;;
São Paulo;Jabaquara;São Paulo;Higienópolis;;;;;
São Paulo;Campo Limpo;São Paulo;Vila Prudente;;;;;
São Paulo;Tatuapé;São Paulo;República;;;;;
São Paulo;Ipiranga;Não informado;Não informado;;;;;
São Paulo;Pinheiros;São Paulo;Casa Verde;;;;;
São Paulo;Tucuruvi;Não informado;Não informado;;;;;
São Paulo;Campo Limpo;São Paulo;Casa Verde;;;;;
São Paulo;Santo Amaro;São Paulo;Higienópolis;;;;;
São Paulo;Santo Amaro;São Paulo;Casa Verde;;;;;
São Paulo;Jabaquara;São Paulo;Higienópolis;;;;;
São Paulo;Tucuruvi;Não informado;Não informado;;;;;
São Paulo;Ipiranga;Não informado;Não informado;;;;;
São Paulo;Casa Verde;Não informado;Não informado;;;;;
São Paulo;Tucuruvi;São Paulo;Itaquera;;;;;
São Paulo;Jabaquara;São Paulo;Vila Prudente;;;;;
São Paulo;Itaquera;São Paulo;Itaquera;;;;;
São Paulo;Ipiranga;São Paulo;Campo Limpo;;;;;
São Paulo;Butantã;Não informado;Não informado;;;;;
São Paulo;Consolação;São Paulo;Sé;;;;;
São Paulo;República;São Paulo;Higienópolis;;;;;
São Paulo;Campo Limpo;São Paulo;Tucuruvi;;;;;
São Paulo;Pinheiros;Não informado;Não informado;;;;;
São Paulo;Sé;Não informado;Não informado;;;;;
São Paulo;Penha;Não informado;Não informado;;;;;
São Paulo;Ipiranga;São Paulo;Consolação;;;;;
São Paulo;Bela Vista;São Paulo;Limão;;;;;
São Paulo;Itaquera;São Paulo;Bela Vista;;;;;
São Paulo;Tatuapé;Não informado;Não informado;;;;;
São Paulo;Campo Limpo;Não informado;Não informado;;;;;
São Paulo;Tatuapé;Não informado;Não informado;;;;;
Diadema;Centro;São Paulo;Sé;;;;;
São Paulo;Santo Amaro;Não informado;Não informado;;;;;
São Paulo;Butantã;Não informado;Não informado;;;;;
São Paulo;Consolação;São Paulo;Santana;;;;;
São Paulo;Santana;Não informado;Não informado;;;;;
São Paulo;Higienópolis;São Paulo;Casa Verde;;;;;
São Paulo;Tucuruvi;São Paulo;Higienópolis;;;;;
São Paulo;Santo Amaro;São Paulo;Santana;;;;;
São Paulo;Campo Limpo;São Paulo;Santana;;;;;
São Paulo;Itaquera;São Paulo;Higienópolis;;;;;
São Paulo;Casa Verde;São Paulo;Casa Verde;;;;;
Ribeirão Pires;Sé;São Paulo;Sé;;;;;
Ribeirão Pires;República;São Paulo;Bela Vista;;;;;
São Paulo;Butantã;Não informado;Não informado;;;;;
São Paulo;Ipiranga;São Paulo;Sé;;;;;
São Paulo;Sé;São Paulo;Itaquera;;;;;
São Paulo;Vila Prudente;São Paulo;República;;;;;
São Paulo;Pinheiros;Não informado;Não informado;;;;;
São Paulo;Higienópolis;Não informado;Não informado;;;;;
São Paulo;Lapa;Não informado;Não informado;;;;;
São Paulo;Limão;São Paulo;Campo Limpo;;;;;
São Paulo;Santo Amaro;Não informado;Não informado;;;;;
São Paulo;Pinheiros;São Paulo;Butantã;;;;;
São Paulo;Tucuruvi;Não informado;Não informado;;;;;
São Paulo;Consolação;Não informado;Não informado;;;;;
São Paulo;Penha;Não informado;Não informado;;;;;
São Paulo;Consolação;Não informado;Não informado;;;;;
São Paulo;Pinheiros;Não informado;Não informado;;;;;
São Paulo;Ipiranga;Não informado;Não informado;;;;;
São Paulo;Itaquera;São Paulo;Bela Vista;;;;;
São Paulo;Penha;São Paulo;Casa Verde;;;;;
São Paulo;Butantã;Não informado;Não informado;;;;;
Silveira Alegre;Higienópolis;São Paulo;Tatuapé;;;;;
São Paulo;Butantã;Não informado;Não informado;;;;;
São Paulo;Vila Prudente;São Paulo;Bela Vista;;;;;
São Paulo;Tucuruvi;São Paulo;Bela Vista;;;;;
São Paulo;Tatuapé;São Paulo;Itaquera;;;;;
São Paulo;Santo Amaro;São Paulo;Penha;;;;;
São Paulo;Tucuruvi;Não informado;Não informado;;;;;
São Paulo;Bela Vista;Não informado;Não informado;;;;;
São Paulo;Campo Limpo;São Paulo;Tatuapé;;;;;
São Paulo;República;São Paulo;República;;;;;
São Paulo;Higienópolis;São Paulo;República;;;;;
São Paulo;Perdizes;Não informado;Não informado;;;;;
Ribeirão Pires;Santana;São Paulo;Vila Prudente;;;;;
Freitas Alegre;República;São Paulo;Consolação;;;;;
São Paulo;Campo Limpo;São Paulo;Bela Vista;;;;;
São Paulo;Lapa;São Paulo;República;;;;;
São Paulo;Jabaquara;São Paulo;Bela Vista;;;;;
São Paulo;República;São Paulo;Higienópolis;;;;;
Lima;Tatuapé;Não informado;Não informado;;;;;
São Paulo;Bela Vista;São Paulo;Santana;;;;;
São Paulo;Consolação;São Paulo;Sé;;;;;
São Paulo;Itaquera;São Paulo;Itaquera;;;;;
São Paulo;Penha;São Paulo;Itaquera;;;;;
São Paulo;Lapa;São Paulo;República;;;;;
São Paulo;Consolação;Não informado;Não informado;;;;;
São Paulo;Bela Vista;Não informado;Não informado;;;;;
São Paulo;República;Não informado;Não informado;;;;;
São Paulo;Tatuapé;Não informado;Não informado;;;;;
São Paulo;Tucuruvi;São Paulo;Higienópolis;;;;;
São Paulo;Campo Limpo;São Paulo;Consolação;;;;;
São Paulo;Santana;São Paulo;Casa Verde;;;;;
São Paulo;Jabaquara;São Paulo;Bela Vista;;;;;
São Paulo;Perdizes;Não informado;Não informado;;;;;
São Paulo;Itaquera;São Paulo;Casa Verde;;;;;
São Paulo;Butantã;São Paulo;Consolação;;;;;
São Paulo;Tucuruvi;Não informado;Não informado;;;;;
São Paulo;Tatuapé;Não informado;Não informado;;;;;
São Paulo;Sé;Não informado;Não informado;;;;;
São Paulo;República;São Paulo;Bela Vista;;;;;
São Paulo;Santo Amaro;São Paulo;Consolação;;;;;
São Paulo;Perdizes;São Paulo;Tucuruvi;;;;;
São Paulo;Butantã;São Paulo;Sé;;;;;
São Paulo;Butantã;São Paulo;Higienópolis;;;;;
São Paulo;Consolação;São Paulo;Tucuruvi;;;;;
São Paulo;Pinheiros;São Paulo;República;;;;;
São Paulo;Tucuruvi;São Paulo;Higienópolis;;;;;
São Paulo;Pinheiros;São Paulo;Ipiranga;;;;;
Santo André;Sé;Não informado;Não informado;;;;;
São Paulo;Casa Verde;Não informado;Não informado;;;;;
São Paulo;Itaquera;São Paulo;Consolação;;;;;
São Paulo;Consolação;São Paulo;Limão;;;;;
São Paulo;Limão;São Paulo;Consolação;;;;;
São Paulo;Butantã;São Paulo;Higienópolis;;;;;
São Paulo;Penha;São Paulo;Bela Vista;;;;;
São Paulo;Pinheiros;Não informado;Não informado;;;;;
São Paulo;Tucuruvi;Não informado;Não informado;;;;;
São Paulo;Limão;Não informado;Não informado;;;;;
Dias;Bela Vista;Não informado;Não informado;;;;;
São Paulo;Butantã;São Paulo;República;;;;;
São Paulo;Casa Verde;Não informado;Não informado;;;;;
São Paulo;Santana;São Paulo;Sé;;;;;
São Paulo;Vila Prudente;São Paulo;República;;;;;
São Paulo;Lapa;Não informado;Não informado;;;;;
São Paulo;Santo Amaro;São Paulo;Higienópolis;;;;;
Ribeirão Pires;Santana;Não informado;Não informado;;;;;
São Paulo;Jabaquara;São Paulo;Sé;;;;;
São Paulo;Campo Limpo;São Paulo;Bela Vista;;;;;
São Paulo;Campo Limpo;São Paulo;República;;;;;
São Paulo;Penha;São Paulo;Consolação;;;;;
São Paulo;Vila Prudente;São Paulo;Penha;;;;;
Barros;Penha;São Paulo;Consolação;;;;;
São Paulo;Santo Amaro;São Paulo;Consolação;;;;;
São Paulo;Vila Prudente;Não informado;Não informado;;;;;
São Paulo;Tucuruvi;São Paulo;Casa Verde;;;;;
São Paulo;Tucuruvi;Não informado;Não informado;;;;;
São Paulo;Santo Amaro;São Paulo;República;;;;;
Diadema;Vila Prudente;São Paulo;Butantã;;;;;
Pereira;Ipiranga;São Paulo;Vila Prudente;;;;;
São Paulo;Tucuruvi;Não informado;Não informado;;;;;
São Paulo;Butantã;Não informado;Não informado;;;;;
Nogueira;Vila Prudente;Não informado;Não informado;;;;;
Itapevi;Campo Limpo;Não informado;Não informado;;;;;
São Paulo;Tucuruvi;São Paulo;Tucuruvi;;;;;
São Paulo;Perdizes;Não informado;Não informado;;;;;
São Paulo;Tatuapé;Não informado;Não informado;;;;;
Diadema;Centro;Não informado;Não informado;;;;;
São Paulo;Santo Amaro;São Paulo;Consolação;;;;;
São Paulo;Bela Vista;São Paulo;Bela Vista;;;;;
São Paulo;Jabaquara;São Paulo;Higienópolis;;;;;
São Paulo;Casa Verde;São Paulo;Limão;;;;;
São Paulo;Perdizes;São Paulo;Higienópolis;;;;;
São Paulo;Lapa;Não informado;Não informado;;;;;
São Paulo;Casa Verde;São Paulo;Consolação;;;;;
São Paulo;Butantã;São Paulo;Limão;;;;;
São Paulo;Jabaquara;São Paulo;Higienópolis;;;;;
São Paulo;Vila Prudente;Não informado;Não informado;;;;;
São Paulo;Ipiranga;São Paulo;Consolação;;;;;
São Paulo;Sé;São Paulo;Tucuruvi;;;;;
São Paulo;Perdizes;São Paulo;República;;;;;
Ferreira de Goi√°s;Jabaquara;São Paulo;Consolação;;;;;
São Paulo;Tatuapé;São Paulo;Vila Prudente;;;;;
São Paulo;Perdizes;São Paulo;Ipiranga;;;;;
São Paulo;Itaquera;Não informado;Não informado;;;;;
São Paulo;Itaquera;São Paulo;Santana;;;;;
São Paulo;Higienópolis;São Paulo;Itaquera;;;;;
São Paulo;Sé;São Paulo;Casa Verde;;;;;
São Paulo;Santana;Não informado;Não informado;;;;;
São Paulo;Itaquera;Não informado;Não informado;;;;;
São Paulo;Vila Prudente;São Paulo;República;;;;;
São Paulo;Consolação;São Paulo;Itaquera;;;;;
São Paulo;Higienópolis;São Paulo;Higienópolis;;;;;
São Paulo;República;São Paulo;Itaquera;;;;;
São Paulo;República;São Paulo;Penha;;;;;
São Paulo;Sé;São Paulo;Casa Verde;;;;;
São Paulo;Limão;Não informado;Não informado;;;;;
São Paulo;Casa Verde;São Paulo;Santo Amaro;;;;;
São Paulo;Casa Verde;São Paulo;Bela Vista;;;;;
São Paulo;Vila Prudente;Não informado;Não informado;;;;;
São Paulo;Pinheiros;Não informado;Não informado;;;;;
São Paulo;República;São Paulo;Higienópolis;;;;;
São Paulo;Penha;São Paulo;Penha;;;;;
São Paulo;Vila Prudente;São Paulo;Santana;;;;;
São Paulo;Santana;Não informado;Não informado;;;;;
Melo;Casa Verde;Não informado;Não informado;;;;;
São Paulo;Perdizes;São Paulo;Vila Prudente;;;;;
São Paulo;Penha;São Paulo;Campo Limpo;;;;;
São Paulo;Sé;Não informado;Não informado;;;;;
São Paulo;Bela Vista;Não informado;Não informado;;;;;
São Paulo;Santana;Não informado;Não informado;;;;;
São Paulo;República;São Paulo;Tucuruvi;;;;;
São Paulo;Perdizes;São Paulo;Pinheiros;;;;;
São Paulo;Campo Limpo;São Paulo;Bela Vista;;;;;
São Paulo;Tucuruvi;São Paulo;Bela Vista;;;;;
São Paulo;Itaquera;São Paulo;Tucuruvi;;;;;
São Paulo;Consolação;São Paulo;Santo Amaro;;;;;
São Paulo;Santo Amaro;Não informado;Não informado;;;;;
Souza;Santo Amaro;São Paulo;Limão;;;;;
São Paulo;Santo Amaro;Não informado;Não informado;;;;;
São Paulo;Pinheiros;Não informado;Não informado;;;;;
São Paulo;Limão;São Paulo;Sé;;;;;
São Paulo;Itaquera;São Paulo;República;;;;;
São Paulo;Vila Prudente;São Paulo;Butantã;;;;;
São Paulo;Jabaquara;Não informado;Não informado;;;;;
São Paulo;Butantã;Não informado;Não informado;;;;;
São Paulo;República;Não informado;Não informado;;;;;
São Paulo;Tucuruvi;Não informado;Não informado;;;;;
São Paulo;Ipiranga;Não informado;Não informado;;;;;
Diadema;Santana;Não informado;Não informado;;;;;
São Paulo;Santo Amaro;São Paulo;Consolação;;;;;
São Paulo;República;São Paulo;República;;;;;
São Paulo;Higienópolis;São Paulo;Pinheiros;;;;;
São Paulo;Limão;São Paulo;Sé;;;;;
São Paulo;Santana;São Paulo;Consolação;;;;;
São Paulo;Bela Vista;São Paulo;Sé;;;;;
São Paulo;Higienópolis;Não informado;Não informado;;;;;
São Paulo;Campo Limpo;Não informado;Não informado;;;;;
Diadema;Tatuapé;São Paulo;Higienópolis;;;;;
São Paulo;Perdizes;Não informado;Não informado;;;;;
São Paulo;Tatuapé;São Paulo;Tucuruvi;;;;;
São Paulo;Higienópolis;São Paulo;Consolação;;;;;
São Paulo;Perdizes;São Paulo;Sé;;;;;
São Paulo;República;Não informado;Não informado;;;;;
São Paulo;Lapa;Não informado;Não informado;;;;;
São Paulo;Tatuapé;Não informado;Não informado;;;;;
São Paulo;República;São Paulo;Sé;;;;;
São Paulo;Higienópolis;São Paulo;Itaquera;;;;;
São Paulo;Santo Amaro;Não informado;Não informado;;;;;
São Paulo;Sé;São Paulo;Casa Verde;;;;;
São Paulo;Santana;São Paulo;Consolação;;;;;
São Paulo;Tucuruvi;Não informado;Não informado;;;;;
São Paulo;Tucuruvi;Não informado;Não informado;;;;;
São Paulo;Pinheiros;São Paulo;Butantã;;;;;
São Paulo;Tucuruvi;São Paulo;Higienópolis;;;;;
São Paulo;Limão;Não informado;Não informado;;;;;
São Paulo;Jabaquara;Não informado;Não informado;;;;;
São Paulo;Consolação;Não informado;Não informado;;;;;
São Paulo;Vila Prudente;Não informado;Não informado;;;;;
São Paulo;Itaquera;São Paulo;Higienópolis;;;;;
São Paulo;Casa Verde;São Paulo;Casa Verde;;;;;
São Paulo;Lapa;Não informado;Não informado;;;;;
São Paulo;República;São Paulo;Consolação;;;;;
São Paulo;Itaquera;São Paulo;Sé;;;;;
São Paulo;Jabaquara;São Paulo;Higienópolis;;;;;
São Paulo;Jabaquara;São Paulo;Consolação;;;;;
Diadema;Centro;São Paulo;Consolação;;;;;
São Paulo;Penha;São Paulo;Bela Vista;;;;;
São Paulo;Tucuruvi;São Paulo;Bela Vista;;;;;
São Paulo;Tucuruvi;São Paulo;República;;;;;
São Paulo;Butantã;Não informado;Não informado;;;;;
São Paulo;Tatuapé;Não informado;Não informado;;;;;
São Paulo;Sé;São Paulo;Limão;;;;;
São Paulo;Tatuapé;São Paulo;Limão;;;;;
São Paulo;Sé;Não informado;Não informado;;;;;
São Paulo;Higienópolis;São Paulo;Limão;;;;;
São Paulo;Sé;Não informado;Não informado;;;;;
São Paulo;Santo Amaro;Não informado;Não informado;;;;;
São Paulo;Itaquera;São Paulo;Santana;;;;;
São Paulo;Casa Verde;São Paulo;Higienópolis;;;;;
São Paulo;Consolação;Não informado;Não informado;;;;;
São Paulo;Pinheiros;São Paulo;República;;;;;
São Paulo;República;Não informado;Não informado;;;;;
São Paulo;Penha;Não informado;Não informado;;;;;
São Paulo;Vila Prudente;São Paulo;Sé;;;;;
São Paulo;Tucuruvi;São Paulo;República;;;;;
São Paulo;Consolação;Não informado;Não informado;;;;;
Rodrigues do Amparo;Santo Amaro;Não informado;Não informado;;;;;
São Paulo;Vila Prudente;Não informado;Não informado;;;;;
São Paulo;Tatuapé;São Paulo;Bela Vista;;;;;
São Paulo;Limão;São Paulo;Sé;;;;;
São Paulo;Santana;Não informado;Não informado;;;;;
São Paulo;Campo Limpo;São Paulo;Sé;;;;;
São Paulo;Butantã;São Paulo;Perdizes;;;;;
São Paulo;Lapa;São Paulo;Sé;;;;;
São Paulo;Penha;Não informado;Não informado;;;;;
São Paulo;Tucuruvi;São Paulo;Jabaquara;;;;;
São Paulo;Pinheiros;São Paulo;Higienópolis;;;;;
São Paulo;Penha;Não informado;Não informado;;;;;
São Paulo;Santana;Não informado;Não informado;;;;;
São Paulo;Campo Limpo;Não informado;Não informado;;;;;
São Paulo;Lapa;São Paulo;Tucuruvi;;;;;
São Paulo;Butantã;Não informado;Não informado;;;;;
São Paulo;Butantã;Não informado;Não informado;;;;;
São Paulo;Santana;São Paulo;Bela Vista;;;;;
São Paulo;Casa Verde;São Paulo;Consolação;;;;;
São Paulo;Santo Amaro;Não informado;Não informado;;;;;
São Paulo;Itaquera;Não informado;Não informado;;;;;
São Paulo;Lapa;Não informado;Não informado;;;;;
São Paulo;Tucuruvi;Não informado;Não informado;;;;;
São Paulo;Casa Verde;São Paulo;Bela Vista;;;;;
Barros do Campo;Pinheiros;São Paulo;Higienópolis;;;;;
São Paulo;Tucuruvi;São Paulo;Consolação;;;;;
São Paulo;Sé;São Paulo;Bela Vista;;;;;
São Paulo;Limão;São Paulo;Santana;;;;;
São Paulo;República;São Paulo;Consolação;;;;;
São Paulo;Casa Verde;Não informado;Não informado;;;;;
São Paulo;Campo Limpo;Não informado;Não informado;;;;;
São Paulo;Tatuapé;São Paulo;Bela Vista;;;;;
São Bernardo;Butantã;Não informado;Não informado;;;;;
São Paulo;Sé;Não informado;Não informado;;;;;
Pereira;Higienópolis;Não informado;Não informado;;;;;
São Paulo;Lapa;São Paulo;Itaquera;;;;;
São Paulo;Lapa;Não informado;Não informado;;;;;
São Paulo;Vila Prudente;São Paulo;Campo Limpo;;;;;
Nascimento de Ribeiro;Butantã;Não informado;Não informado;;;;;
Mauá;Itaquera;São Paulo;Itaquera;;;;;
São Paulo;Tatuapé;Não informado;Não informado;;;;;
São Paulo;Jabaquara;São Paulo;Penha;;;;;
São Paulo;Tucuruvi;São Paulo;Sé;;;;;
Ferreira Grande;Santana;São Paulo;Penha;;;;;
São Paulo;Tucuruvi;São Paulo;Limão;;;;;
São Paulo;Perdizes;São Paulo;Tucuruvi;;;;;
São Paulo;Pinheiros;Não informado;Não informado;;;;;
São Paulo;Perdizes;São Paulo;Consolação;;;;;
São Paulo;Vila Prudente;Não informado;Não informado;;;;;
São Paulo;Casa Verde;São Paulo;Sé;;;;;
São Paulo;Sé;São Paulo;Tucuruvi;;;;;
São Paulo;Bela Vista;São Paulo;Bela Vista;;;;;
São Paulo;Tatuapé;São Paulo;Tatuapé;;;;;
São Paulo;Penha;São Paulo;Consolação;;;;;
São Paulo;Tatuapé;Não informado;Não informado;;;;;
São Paulo;Santo Amaro;Não informado;Não informado;;;;;
São Paulo;Santana;Não informado;Não informado;;;;;
São Paulo;Limão;São Paulo;Vila Prudente;;;;;
São Paulo;Itaquera;São Paulo;Campo Limpo;;;;;
São Paulo;Bela Vista;São Paulo;Tucuruvi;;;;;
Nogueira;Butantã;São Paulo;Limão;;;;;
São Paulo;Butantã;Não informado;Não informado;;;;;
São Paulo;Sé;São Paulo;Bela Vista;;;;;
São Paulo;Higienópolis;Não informado;Não informado;;;;;
São Paulo;Campo Limpo;Não informado;Não informado;;;;;
Ribeirão Pires;Tucuruvi;São Paulo;Consolação;;;;;
São Paulo;Santo Amaro;São Paulo;Sé;;;;;
São Paulo;Butantã;Não informado;Não informado;;;;;
São Paulo;Penha;São Paulo;Jabaquara;;;;;
São Paulo;Tatuapé;Não informado;Não informado;;;;;
São Paulo;Jabaquara;Não informado;Não informado;;;;;
São Paulo;Higienópolis;São Paulo;Consolação;;;;;
São Paulo;Tucuruvi;São Paulo;Penha;;;;;
Dias;Higienópolis;São Paulo;Itaquera;;;;;
São Paulo;Itaquera;São Paulo;Consolação;;;;;
São Paulo;Limão;São Paulo;Bela Vista;;;;;
São Paulo;Lapa;São Paulo;Limão;;;;;
São Paulo;Higienópolis;São Paulo;Itaquera;;;;;
São Paulo;Limão;São Paulo;Santana;;;;;
São Paulo;Bela Vista;São Paulo;Consolação;;;;;
São Paulo;Ipiranga;São Paulo;Perdizes;;;;;
São Paulo;Pinheiros;Não informado;Não informado;;;;;
São Paulo;Santana;São Paulo;Consolação;;;;;
São Paulo;Limão;São Paulo;Bela Vista;;;;;
São Paulo;Bela Vista;São Paulo;Tucuruvi;;;;;
São Paulo;Butantã;Não informado;Não informado;;;;;
São Paulo;Santana;São Paulo;Sé;;;;;
São Paulo;Penha;São Paulo;República;;;;;
São Paulo;Itaquera;São Paulo;Consolação;;;;;
São Paulo;Sé;São Paulo;República;;;;;
São Paulo;Campo Limpo;São Paulo;Bela Vista;;;;;
São Paulo;Tucuruvi;São Paulo;Consolação;;;;;
São Paulo;Santana;Não informado;Não informado;;;;;
São Paulo;Lapa;São Paulo;Limão;;;;;
São Paulo;Vila Prudente;Não informado;Não informado;;;;;
São Paulo;Itaquera;Não informado;Não informado;;;;;
São Paulo;Jabaquara;São Paulo;República;;;;;
São Paulo;Butantã;São Paulo;Santana;;;;;
São Paulo;Vila Prudente;Não informado;Não informado;;;;;
São Paulo;Limão;São Paulo;Santana;;;;;
São Paulo;Casa Verde;São Paulo;República;;;;;
São Paulo;Perdizes;Não informado;Não informado;;;;;
São Paulo;Tatuapé;Não informado;Não informado;;;;;
São Paulo;Limão;São Paulo;Bela Vista;;;;;
São Paulo;República;São Paulo;Higienópolis;;;;;
Foga√ßa;Tucuruvi;São Paulo;Consolação;;;;;
São Paulo;Itaquera;São Paulo;Bela Vista;;;;;
São Paulo;Sé;São Paulo;Higienópolis;;;;;
São Paulo;Itaquera;São Paulo;Higienópolis;;;;;
São Paulo;Itaquera;São Paulo;Consolação;;;;;
São Paulo;Sé;São Paulo;Limão;;;;;
São Paulo;Tucuruvi;São Paulo;Santana;;;;;
Diadema;Pinheiros;São Paulo;Santana;;;;;
São Paulo;Ipiranga;Não informado;Não informado;;;;;
São Paulo;Higienópolis;Não informado;Não informado;;;;;
São Paulo;Limão;São Paulo;República;;;;;
São Paulo;Limão;São Paulo;Santo Amaro;;;;;
São Paulo;Perdizes;São Paulo;Vila Prudente;;;;;
São Paulo;Butantã;São Paulo;Tucuruvi;;;;;
São Paulo;Penha;Não informado;Não informado;;;;;
São Paulo;Lapa;São Paulo;República;;;;;
São Paulo;Campo Limpo;São Paulo;Consolação;;;;;
São Paulo;Higienópolis;São Paulo;Limão;;;;;
Itapevi;Bela Vista;São Paulo;Perdizes;;;;;
São Paulo;Itaquera;Não informado;Não informado;;;;;
São Paulo;Higienópolis;Não informado;Não informado;;;;;
São Paulo;Vila Prudente;São Paulo;Sé;;;;;
São Paulo;Ipiranga;São Paulo;Itaquera;;;;;
São Paulo;Ipiranga;São Paulo;Jabaquara;;;;;
São Bernardo;Jabaquara;Não informado;Não informado;;;;;
Ribeirão Pires;Santana;São Paulo;Santana;;;;;
São Paulo;República;Não informado;Não informado;;;;;
São Paulo;Tucuruvi;São Paulo;Tatuapé;;;;;
São Paulo;Perdizes;São Paulo;Sé;;;;;
São Paulo;Jabaquara;Não informado;Não informado;;;;;
São Paulo;Perdizes;Não informado;Não informado;;;;;
São Paulo;Higienópolis;São Paulo;Lapa;;;;;
São Paulo;Penha;Não informado;Não informado;;;;;
São Paulo;Higienópolis;Não informado;Não informado;;;;;
São Paulo;Campo Limpo;São Paulo;Bela Vista;;;;;
São Paulo;Casa Verde;São Paulo;Higienópolis;;;;;
São Paulo;Santana;Não informado;Não informado;;;;;
São Paulo;Pinheiros;Não informado;Não informado;;;;;
São Paulo;Ipiranga;São Paulo;Consolação;;;;;
São Paulo;Pinheiros;São Paulo;Ipiranga;;;;;
São Paulo;Vila Prudente;São Paulo;República;;;;;
São Paulo;República;São Paulo;Casa Verde;;;;;
São Paulo;Ipiranga;São Paulo;Tatuapé;;;;;
São Paulo;Tatuapé;São Paulo;Casa Verde;;;;;
Diadema;República;Não informado;Não informado;;;;;
São Paulo;Consolação;São Paulo;Higienópolis;;;;;
Santo André;Higienópolis;São Paulo;Casa Verde;;;;;
São Paulo;Bela Vista;Não informado;Não informado;;;;;
Ribeirão Pires;Jabaquara;São Paulo;Higienópolis;;;;;
São Paulo;Itaquera;Não informado;Não informado;;;;;
Rezende do Oeste;Ipiranga;Não informado;Não informado;;;;;
São Paulo;Butantã;São Paulo;República;;;;;
São Paulo;República;São Paulo;Higienópolis;;;;;
São Paulo;Santana;São Paulo;Tatuapé;;;;;
São Paulo;Limão;São Paulo;Consolação;;;;;
São Paulo;Itaquera;São Paulo;Bela Vista;;;;;
São Paulo;República;São Paulo;República;;;;;
Cunha dos Dourados;Higienópolis;Não informado;Não informado;;;;;
Diadema;Centro;São Paulo;Vila Prudente;;;;;
São Paulo;Jabaquara;São Paulo;Santana;;;;;
São Paulo;Tatuapé;São Paulo;República;;;;;
São Paulo;Penha;São Paulo;Bela Vista;;;;;
São Paulo;Consolação;São Paulo;Limão;;;;;
São Paulo;Limão;Não informado;Não informado;;;;;
Moreira;Santana;São Paulo;Penha;;;;;
São Paulo;Penha;São Paulo;Lapa;;;;;
São Paulo;Lapa;São Paulo;Lapa;;;;;
São Paulo;Bela Vista;São Paulo;República;;;;;
São Paulo;Itaquera;São Paulo;Sé;;;;;
São Paulo;Santana;São Paulo;Consolação;;;;;
São Paulo;Tatuapé;Não informado;Não informado;;;;;
Farias Alegre;Ipiranga;São Paulo;República;;;;;
São Paulo;Jabaquara;São Paulo;Casa Verde;;;;;
São Paulo;Lapa;Não informado;Não informado;;;;;
São Paulo;Perdizes;São Paulo;Santana;;;;;
São Paulo;Vila Prudente;Não informado;Não informado;;;;;
Osasco;Perdizes;Não informado;Não informado;;;;;
São Paulo;Jabaquara;São Paulo;Consolação;;;;;
São Paulo;Jabaquara;São Paulo;Sé;;;;;
São Paulo;Campo Limpo;São Paulo;República;;;;;
São Paulo;Santana;São Paulo;Bela Vista;;;;;
São Paulo;República;Não informado;Não informado;;;;;
São Paulo;Santo Amaro;São Paulo;República;;;;;
São Paulo;Limão;São Paulo;Tucuruvi;;;;;
São Paulo;Penha;São Paulo;Limão;;;;;
São Paulo;Santana;São Paulo;Penha;;;;;
São Paulo;Santana;São Paulo;Consolação;;;;;
Santo André;Casa Verde;São Paulo;Butantã;;;;;
São Paulo;Perdizes;São Paulo;Higienópolis;;;;;
São Paulo;Limão;São Paulo;Ipiranga;;;;;
São Paulo;Sé;Não informado;Não informado;;;;;
São Paulo;Itaquera;São Paulo;Sé;;;;;
São Paulo;Higienópolis;São Paulo;Bela Vista;;;;;
São Paulo;Perdizes;São Paulo;Tucuruvi;;;;;
São Paulo;Higienópolis;São Paulo;Consolação;;;;;
São Paulo;Tucuruvi;Não informado;Não informado;;;;;
São Paulo;Higienópolis;São Paulo;Vila Prudente;;;;;
São Paulo;Lapa;Não informado;Não informado;;;;;
São Paulo;Tatuapé;São Paulo;Vila Prudente;;;;;
São Paulo;Sé;São Paulo;República;;;;;
São Paulo;Tatuapé;São Paulo;Sé;;;;;
São Paulo;Santana;Não informado;Não informado;;;;;
São Paulo;Penha;Não informado;Não informado;;;;;
São Paulo;Consolação;São Paulo;Higienópolis;;;;;
São Paulo;Ipiranga;São Paulo;Sé;;;;;
São Paulo;Casa Verde;São Paulo;Higienópolis;;;;;
São Paulo;Tatuapé;Não informado;Não informado;;;;;
São Paulo;Consolação;São Paulo;Tucuruvi;;;;;
São Paulo;Jabaquara;São Paulo;Sé;;;;;
São Paulo;Bela Vista;São Paulo;República;;;;;
São Paulo;Consolação;Não informado;Não informado;;;;;
Monteiro;Campo Limpo;Não informado;Não informado;;;;;
São Paulo;Santana;Não informado;Não informado;;;;;
São Paulo;Casa Verde;São Paulo;Vila Prudente;;;;;
São Paulo;Tucuruvi;São Paulo;Tatuapé;;;;;
São Paulo;Higienópolis;Não informado;Não informado;;;;;
São Paulo;Pinheiros;São Paulo;Limão;;;;;
São Paulo;Perdizes;São Paulo;Vila Prudente;;;;;
São Paulo;Pinheiros;São Paulo;Tatuapé;;;;;
São Paulo;Tucuruvi;Não informado;Não informado;;;;;
São Paulo;Pinheiros;São Paulo;Sé;;;;;
São Paulo;Sé;São Paulo;Bela Vista;;;;;
São Paulo;Casa Verde;São Paulo;Higienópolis;;;;;
São Paulo;Casa Verde;São Paulo;Sé;;;;;
São Paulo;Santana;São Paulo;Lapa;;;;;
São Paulo;Santo Amaro;São Paulo;Limão;;;;;
São Paulo;Tatuapé;Não informado;Não informado;;;;;
São Paulo;Pinheiros;São Paulo;Limão;;;;;
São Paulo;Vila Prudente;Não informado;Não informado;;;;;
São Paulo;Bela Vista;São Paulo;Santana;;;;;
São Paulo;Campo Limpo;São Paulo;Pinheiros;;;;;
São Paulo;Limão;São Paulo;Bela Vista;;;;;
São Paulo;Higienópolis;São Paulo;Butantã;;;;;
Rio Grande da Serra;Santana;São Paulo;Jabaquara;;;;;
São Paulo;Jabaquara;São Paulo;República;;;;;
São Paulo;Vila Prudente;São Paulo;República;;;;;
São Paulo;Campo Limpo;São Paulo;Tucuruvi;;;;;
São Paulo;Pinheiros;São Paulo;Bela Vista;;;;;
São Paulo;Itaquera;São Paulo;Casa Verde;;;;;
São Paulo;Sé;Não informado;Não informado;;;;;
São Paulo;República;São Paulo;Bela Vista;;;;;
São Paulo;Tucuruvi;Não informado;Não informado;;;;;
São Paulo;Tucuruvi;São Paulo;Penha;;;;;
São Paulo;Sé;São Paulo;Tatuapé;;;;;
São Paulo;Ipiranga;São Paulo;Campo Limpo;;;;;
Santo André;Sé;São Paulo;Consolação;;;;;
São Paulo;Itaquera;São Paulo;Campo Limpo;;;;;
São Paulo;Tatuapé;Não informado;Não informado;;;;;
São Paulo;Pinheiros;São Paulo;Sé;;;;;
São Paulo;Tucuruvi;São Paulo;Butantã;;;;;
São Paulo;Campo Limpo;Não informado;Não informado;;;;;
Duarte;Sé;São Paulo;Bela Vista;;;;;
São Paulo;Itaquera;São Paulo;Penha;;;;;
São Paulo;Itaquera;Não informado;Não informado;;;;;
São Paulo;Ipiranga;Não informado;Não informado;;;;;
São Paulo;Limão;São Paulo;Santana;;;;;
Mendes de Cunha;República;Não informado;Não informado;;;;;
São Paulo;Vila Prudente;São Paulo;República;;;;;
São Paulo;Campo Limpo;São Paulo;Santana;;;;;
São Paulo;Lapa;São Paulo;Limão;;;;;
São Paulo;Ipiranga;Não informado;Não informado;;;;;
São Paulo;Itaquera;São Paulo;Consolação;;;;;
São Paulo;Penha;São Paulo;Pinheiros;;;;;
São Paulo;República;Não informado;Não informado;;;;;
São Paulo;Penha;São Paulo;Lapa;;;;;
São Paulo;Limão;Não informado;Não informado;;;;;
São Paulo;Santana;São Paulo;Higienópolis;;;;;
São Paulo;Tatuapé;São Paulo;Jabaquara;;;;;
São Paulo;Limão;São Paulo;Bela Vista;;;;;
São Paulo;Santo Amaro;São Paulo;Vila Prudente;;;;;
São Paulo;Lapa;Não informado;Não informado;;;;;
São Paulo;Butantã;Não informado;Não informado;;;;;
São Paulo;Lapa;São Paulo;Butantã;;;;;
São Paulo;Sé;São Paulo;Higienópolis;;;;;
São Paulo;Campo Limpo;Não informado;Não informado;;;;;
Monteiro de Moreira;Vila Prudente;São Paulo;República;;;;;
São Paulo;Casa Verde;São Paulo;Consolação;;;;;
São Paulo;Sé;São Paulo;Sé;;;;;
São Paulo;Tucuruvi;Não informado;Não informado;;;;;
São Paulo;Penha;Não informado;Não informado;;;;;
Correia;Lapa;Não informado;Não informado;;;;;
Ferreira de Teixeira;República;Não informado;Não informado;;;;;
São Paulo;Butantã;Não informado;Não informado;;;;;
São Paulo;República;São Paulo;Consolação;;;;;
São Paulo;Perdizes;São Paulo;Itaquera;;;;;
São Paulo;Penha;São Paulo;Bela Vista;;;;;
São Paulo;Itaquera;Não informado;Não informado;;;;;
São Paulo;Perdizes;São Paulo;Bela Vista;;;;;
São Paulo;Higienópolis;Não informado;Não informado;;;;;
São Paulo;Limão;Não informado;Não informado;;;;;
São Paulo;Pinheiros;Não informado;Não informado;;;;;
São Paulo;Campo Limpo;São Paulo;Consolação;;;;;
São Paulo;Tucuruvi;São Paulo;República;;;;;
São Paulo;Tucuruvi;São Paulo;Consolação;;;;;
São Paulo;Santo Amaro;São Paulo;Bela Vista;;;;;
São Paulo;Consolação;São Paulo;Bela Vista;;;;;
São Paulo;Consolação;São Paulo;Higienópolis;;;;;
São Paulo;Campo Limpo;Não informado;Não informado;;;;;
São Paulo;Tatuapé;São Paulo;Sé;;;;;
São Paulo;Tatuapé;São Paulo;Consolação;;;;;
São Paulo;Santo Amaro;Não informado;Não informado;;;;;
São Paulo;Consolação;Não informado;Não informado;;;;;
São Paulo;República;Não informado;Não informado;;;;;
São Paulo;Santana;São Paulo;Consolação;;;;;
São Paulo;Penha;São Paulo;Tucuruvi;;;;;
Jesus;Itaquera;Não informado;Não informado;;;;;
Santo André;Perdizes;Não informado;Não informado;;;;;
São Paulo;Pinheiros;São Paulo;Bela Vista;;;;;
Moura;Perdizes;São Paulo;Itaquera;;;;;
São Paulo;Vila Prudente;São Paulo;Campo Limpo;;;;;
Jesus;Butantã;Não informado;Não informado;;;;;
São Paulo;Bela Vista;São Paulo;Higienópolis;;;;;
São Paulo;Santo Amaro;São Paulo;Casa Verde;;;;;
São Paulo;Penha;Não informado;Não informado;;;;;
São Paulo;Limão;São Paulo;Limão;;;;;
São Paulo;Lapa;Não informado;Não informado;;;;;
São Paulo;Casa Verde;São Paulo;Butantã;;;;;
São Paulo;Tucuruvi;Não informado;Não informado;;;;;
São Paulo;Tucuruvi;Não informado;Não informado;;;;;
São Paulo;Vila Prudente;São Paulo;Tatuapé;;;;;
São Paulo;Pinheiros;São Paulo;Jabaquara;;;;;
São Paulo;Pinheiros;São Paulo;Lapa;;;;;
São Paulo;Casa Verde;São Paulo;Tatuapé;;;;;
São Paulo;Campo Limpo;São Paulo;Sé;;;;;
São Paulo;República;São Paulo;Consolação;;;;;
São Paulo;Jabaquara;Não informado;Não informado;;;;;
São Paulo;Consolação;São Paulo;Sé;;;;;
São Paulo;Higienópolis;São Paulo;Consolação;;;;;
São Paulo;Lapa;São Paulo;República;;;;;
São Paulo;Limão;São Paulo;Vila Prudente;;;;;
São Paulo;Jabaquara;Não informado;Não informado;;;;;
Fernandes;Santo Amaro;São Paulo;Lapa;;;;;
São Paulo;Vila Prudente;Não informado;Não informado;;;;;
São Paulo;Campo Limpo;Não informado;Não informado;;;;;
São Paulo;Santana;Não informado;Não informado;;;;;
São Paulo;Limão;São Paulo;Santo Amaro;;;;;
São Paulo;Consolação;São Paulo;Sé;;;;;
São Paulo;Butantã;Não informado;Não informado;;;;;
São Paulo;Casa Verde;Não informado;Não informado;;;;;
São Paulo;Vila Prudente;São Paulo;República;;;;;
São Paulo;Vila Prudente;São Paulo;Perdizes;;;;;
São Paulo;Sé;São Paulo;Higienópolis;;;;;
São Paulo;República;Não informado;Não informado;;;;;
São Paulo;Campo Limpo;São Paulo;Consolação;;;;;
São Paulo;Casa Verde;São Paulo;Consolação;;;;;
São Paulo;Sé;São Paulo;Consolação;;;;;
São Paulo;Lapa;São Paulo;República;;;;;
São Paulo;Tatuapé;São Paulo;Sé;;;;;
São Paulo;Santana;Não informado;Não informado;;;;;
São Paulo;Casa Verde;São Paulo;Limão;;;;;
São Paulo;Santo Amaro;Não informado;Não informado;;;;;
São Paulo;Sé;São Paulo;Bela Vista;;;;;
São Paulo;Jabaquara;Não informado;Não informado;;;;;
São Paulo;Limão;São Paulo;Higienópolis;;;;;
Suzano;Tatuapé;São Paulo;Consolação;;;;;
São Paulo;Ipiranga;São Paulo;Tucuruvi;;;;;
São Paulo;Limão;São Paulo;Higienópolis;;;;;
São Paulo;Sé;Não informado;Não informado;;;;;
São Paulo;Casa Verde;São Paulo;Higienópolis;;;;;
São Paulo;Jabaquara;São Paulo;Butantã;;;;;
São Paulo;Lapa;Não informado;Não informado;;;;;
Ribeirão Pires;Ipiranga;Não informado;Não informado;;;;;
São Paulo;Perdizes;São Paulo;Sé;;;;;
São Paulo;Ipiranga;Não informado;Não informado;;;;;
São Paulo;Butantã;São Paulo;República;;;;;
São Paulo;Santo Amaro;São Paulo;Higienópolis;;;;;
São Paulo;Ipiranga;São Paulo;Ipiranga;;;;;
São Paulo;Butantã;São Paulo;Consolação;;;;;
São Paulo;Tucuruvi;São Paulo;Tucuruvi;;;;;
São Paulo;Tucuruvi;Não informado;Não informado;;;;;
São Paulo;República;São Paulo;Higienópolis;;;;;
São Paulo;Itaquera;São Paulo;Consolação;;;;;
São Paulo;Higienópolis;Não informado;Não informado;;;;;
São Paulo;Lapa;São Paulo;Bela Vista;;;;;
São Paulo;República;São Paulo;Sé;;;;;
São Paulo;Penha;São Paulo;Higienópolis;;;;;
São Paulo;Bela Vista;Não informado;Não informado;;;;;
Martins;Campo Limpo;Não informado;Não informado;;;;;
São Paulo;Santo Amaro;São Paulo;Tucuruvi;;;;;
São Paulo;Bela Vista;Não informado;Não informado;;;;;
São Paulo;Consolação;São Paulo;Santana;;;;;
São Paulo;Pinheiros;São Paulo;Bela Vista;;;;;
São Paulo;Butantã;São Paulo;República;;;;;
Diadema;Consolação;Não informado;Não informado;;;;;
São Paulo;Higienópolis;Não informado;Não informado;;;;;
São Paulo;República;Não informado;Não informado;;;;;
São Paulo;Limão;São Paulo;Sé;;;;;
São Paulo;Campo Limpo;São Paulo;Consolação;;;;;
Ribeirão Pires;Butantã;Não informado;Não informado;;;;;
Teixeira dos Dourados;Bela Vista;Não informado;Não informado;;;;;
São Paulo;Tucuruvi;São Paulo;Jabaquara;;;;;
São Paulo;Jabaquara;Não informado;Não informado;;;;;
São Paulo;Jabaquara;Não informado;Não informado;;;;;
São Paulo;Campo Limpo;São Paulo;Santana;;;;;
Monteiro de Goi√°s;Penha;Não informado;Não informado;;;;;
São Paulo;Pinheiros;São Paulo;Tatuapé;;;;;
Barros de Lopes;Tatuapé;Não informado;Não informado;;;;;
São Paulo;Consolação;São Paulo;Casa Verde;;;;;
São Paulo;Tatuapé;São Paulo;Vila Prudente;;;;;
São Paulo;Ipiranga;Não informado;Não informado;;;;;
Santo André;Consolação;São Paulo;Santana;;;;;
São Paulo;Jabaquara;São Paulo;República;;;;;
São Paulo;Vila Prudente;Não informado;Não informado;;;;;
São Paulo;Sé;Não informado;Não informado;;;;;
São Paulo;Tatuapé;Não informado;Não informado;;;;;
São Paulo;Tucuruvi;Não informado;Não informado;;;;;
São Paulo;Penha;São Paulo;Sé;;;;;
São Paulo;Limão;Não informado;Não informado;;;;;
São Paulo;Ipiranga;São Paulo;Penha;;;;;
São Paulo;Pinheiros;São Paulo;República;;;;;
São Paulo;Tucuruvi;Não informado;Não informado;;;;;
São Paulo;Butantã;São Paulo;Consolação;;;;;
São Paulo;Jabaquara;Não informado;Não informado;;;;;
São Paulo;Casa Verde;Não informado;Não informado;;;;;
São Paulo;Penha;São Paulo;Tucuruvi;;;;;
São Paulo;Itaquera;São Paulo;Perdizes;;;;;
São Paulo;Campo Limpo;Não informado;Não informado;;;;;
São Paulo;Santana;São Paulo;República;;;;;
Rocha;Penha;São Paulo;Bela Vista;;;;;
São Paulo;Lapa;São Paulo;Higienópolis;;;;;
São Paulo;Santana;São Paulo;Tucuruvi;;;;;
São Paulo;Jabaquara;São Paulo;República;;;;;
São Paulo;Butantã;São Paulo;Higienópolis;;;;;
São Paulo;Casa Verde;São Paulo;Consolação;;;;;
São Paulo;Bela Vista;São Paulo;Bela Vista;;;;;
São Paulo;Santana;São Paulo;Consolação;;;;;
Diadema;Centro;Não informado;Não informado;;;;;
São Paulo;Ipiranga;Não informado;Não informado;;;;;
São Paulo;Ipiranga;São Paulo;Limão;;;;;
São Paulo;Higienópolis;São Paulo;Higienópolis;;;;;
São Paulo;Santana;São Paulo;Consolação;;;;;
São Paulo;Tatuapé;São Paulo;República;;;;;
São Paulo;Casa Verde;São Paulo;Higienópolis;;;;;
São Paulo;República;São Paulo;Tucuruvi;;;;;
São Paulo;Limão;São Paulo;Bela Vista;;;;;
São Paulo;Tatuapé;Não informado;Não informado;;;;;
São Paulo;Itaquera;São Paulo;Limão;;;;;
São Paulo;Pinheiros;São Paulo;República;;;;;
São Paulo;Pinheiros;Não informado;Não informado;;;;;
São Paulo;Jabaquara;São Paulo;Casa Verde;;;;;
São Paulo;Tucuruvi;Não informado;Não informado;;;;;
São Paulo;Santana;São Paulo;Bela Vista;;;;;
São Paulo;Limão;São Paulo;Limão;;;;;
São Paulo;Tatuapé;Não informado;Não informado;;;;;
São Paulo;Casa Verde;São Paulo;Higienópolis;;;;;
Farias do Sul;Butantã;Não informado;Não informado;;;;;
São Paulo;Itaquera;Não informado;Não informado;;;;;
São Paulo;República;Não informado;Não informado;;;;;
São Paulo;Lapa;São Paulo;Consolação;;;;;
São Paulo;Campo Limpo;Não informado;Não informado;;;;;
São Paulo;Santo Amaro;São Paulo;República;;;;;
São Paulo;Santana;São Paulo;Higienópolis;;;;;
São Paulo;Santo Amaro;São Paulo;Bela Vista;;;;;
São Paulo;Lapa;São Paulo;República;;;;;
São Paulo;Santo Amaro;São Paulo;Tatuapé;;;;;
São Paulo;Perdizes;São Paulo;Itaquera;;;;;
São Paulo;Vila Prudente;São Paulo;Vila Prudente;;;;;
São Paulo;Casa Verde;Não informado;Não informado;;;;;
São Paulo;Bela Vista;Não informado;Não informado;;;;;
São Paulo;Higienópolis;Não informado;Não informado;;;;;
São Paulo;Perdizes;Não informado;Não informado;;;;;
São Paulo;República;São Paulo;Consolação;;;;;
Itapevi;Santana;Não informado;Não informado;;;;;
São Paulo;Santo Amaro;Não informado;Não informado;;;;;
São Paulo;Tucuruvi;São Paulo;Consolação;;;;;
São Paulo;República;São Paulo;Casa Verde;;;;;
São Paulo;Limão;Não informado;Não informado;;;;;
São Paulo;Butantã;São Paulo;Sé;;;;;
São Paulo;Limão;Não informado;Não informado;;;;;
São Paulo;Sé;Não informado;Não informado;;;;;
São Paulo;Santana;São Paulo;Consolação;;;;;
São Paulo;Casa Verde;São Paulo;Bela Vista;;;;;
São Paulo;Santana;Não informado;Não informado;;;;;
São Paulo;Tucuruvi;São Paulo;República;;;;;
São Paulo;Butantã;São Paulo;Higienópolis;;;;;
São Paulo;Butantã;Não informado;Não informado;;;;;
São Paulo;Bela Vista;São Paulo;Consolação;;;;;
São Paulo;Lapa;Não informado;Não informado;;;;;
São Paulo;Limão;São Paulo;Bela Vista;;;;;
Nunes;Consolação;Não informado;Não informado;;;;;
São Paulo;Bela Vista;São Paulo;Sé;;;;;
Ribeirão Pires;Pinheiros;Não informado;Não informado;;;;;
São Paulo;Santana;Não informado;Não informado;;;;;
São Paulo;Ipiranga;São Paulo;Bela Vista;;;;;
São Paulo;Bela Vista;Não informado;Não informado;;;;;
São Paulo;Pinheiros;Não informado;Não informado;;;;;
São Paulo;Ipiranga;São Paulo;Consolação;;;;;
São Paulo;Campo Limpo;São Paulo;Santana;;;;;
Porto;República;São Paulo;Bela Vista;;;;;
São Paulo;Vila Prudente;Não informado;Não informado;;;;;
São Paulo;Vila Prudente;São Paulo;Sé;;;;;
São Paulo;Santana;São Paulo;Santana;;;;;
São Bernardo;Lapa;São Paulo;Tucuruvi;;;;;
São Paulo;Consolação;São Paulo;Perdizes;;;;;
São Paulo;Ipiranga;São Paulo;Casa Verde;;;;;
São Paulo;Pinheiros;São Paulo;Tucuruvi;;;;;
São Paulo;Pinheiros;Não informado;Não informado;;;;;
São Paulo;Santo Amaro;Não informado;Não informado;;;;;
São Paulo;Butantã;Não informado;Não informado;;;;;
São Paulo;Itaquera;Não informado;Não informado;;;;;
São Paulo;Pinheiros;Não informado;Não informado;;;;;
São Paulo;Jabaquara;Não informado;Não informado;;;;;
São Paulo;Limão;São Paulo;Tatuapé;;;;;
São Paulo;Butantã;São Paulo;Higienópolis;;;;;
São Paulo;Vila Prudente;São Paulo;Campo Limpo;;;;;
São Paulo;Butantã;São Paulo;Ipiranga;;;;;
São Paulo;Santana;Não informado;Não informado;;;;;
São Paulo;Higienópolis;São Paulo;Bela Vista;;;;;
São Paulo;Casa Verde;São Paulo;Higienópolis;;;;;
São Paulo;Campo Limpo;São Paulo;Consolação;;;;;
São Paulo;Perdizes;Não informado;Não informado;;;;;
São Paulo;República;São Paulo;Bela Vista;;;;;
São Paulo;Butantã;Não informado;Não informado;;;;;
São Paulo;Campo Limpo;São Paulo;Consolação;;;;;
São Paulo;Jabaquara;São Paulo;Lapa;;;;;
São Paulo;Consolação;São Paulo;Casa Verde;;;;;
São Paulo;Tatuapé;São Paulo;Tucuruvi;;;;;
São Paulo;Sé;São Paulo;Itaquera;;;;;
São Paulo;Tatuapé;São Paulo;Ipiranga;;;;;
São Paulo;Butantã;São Paulo;Limão;;;;;
São Paulo;Bela Vista;São Paulo;Consolação;;;;;
São Paulo;Campo Limpo;São Paulo;Sé;;;;;
São Paulo;Bela Vista;Não informado;Não informado;;;;;
São Paulo;Higienópolis;Não informado;Não informado;;;;;
São Paulo;Santo Amaro;Não informado;Não informado;;;;;
São Paulo;Consolação;São Paulo;Itaquera;;;;;
São Paulo;Sé;São Paulo;Limão;;;;;
São Paulo;Casa Verde;São Paulo;Limão;;;;;
São Paulo;Butantã;Não informado;Não informado;;;;;
São Paulo;Butantã;Não informado;Não informado;;;;;
São Paulo;Ipiranga;São Paulo;Tucuruvi;;;;;
São Paulo;Santo Amaro;Não informado;Não informado;;;;;
São Paulo;Consolação;São Paulo;Consolação;;;;;
Ribeirão Pires;Pinheiros;São Paulo;Itaquera;;;;;
São Paulo;Limão;São Paulo;Ipiranga;;;;;
São Paulo;Santana;São Paulo;República;;;;;
São Paulo;Tatuapé;São Paulo;Bela Vista;;;;;
São Paulo;Casa Verde;São Paulo;Bela Vista;;;;;
São Paulo;Itaquera;Não informado;Não informado;;;;;
Ribeirão Pires;Santana;São Paulo;República;;;;;
Carvalho;Higienópolis;São Paulo;Penha;;;;;
São Paulo;Bela Vista;Não informado;Não informado;;;;;
São Paulo;Santana;Não informado;Não informado;;;;;
Osasco;Campo Limpo;São Paulo;Sé;;;;;
São Paulo;Santana;São Paulo;Penha;;;;;
São Paulo;Sé;Não informado;Não informado;;;;;
São Paulo;República;São Paulo;Consolação;;;;;
São Paulo;Jabaquara;Não informado;Não informado;;;;;
São Paulo;Santo Amaro;Não informado;Não informado;;;;;
São Paulo;Santo Amaro;Não informado;Não informado;;;;;
São Paulo;Santo Amaro;São Paulo;Santana;;;;;
São Paulo;Campo Limpo;São Paulo;Higienópolis;;;;;
São Paulo;Sé;Não informado;Não informado;;;;;
São Paulo;Higienópolis;São Paulo;República;;;;;
São Paulo;Pinheiros;São Paulo;República;;;;;
São Paulo;Tatuapé;São Paulo;Penha;;;;;
São Paulo;Jabaquara;São Paulo;Sé;;;;;
São Paulo;Higienópolis;Não informado;Não informado;;;;;
São Paulo;Vila Prudente;Não informado;Não informado;;;;;
São Paulo;Ipiranga;São Paulo;Casa Verde;;;;;
São Paulo;República;Não informado;Não informado;;;;;
São Paulo;Perdizes;Não informado;Não informado;;;;;
Barbosa;Tatuapé;Não informado;Não informado;;;;;
São Paulo;Butantã;Não informado;Não informado;;;;;
São Paulo;Casa Verde;São Paulo;Itaquera;;;;;
São Paulo;Tucuruvi;São Paulo;Bela Vista;;;;;
São Paulo;Sé;Não informado;Não informado;;;;;
São Paulo;Butantã;Não informado;Não informado;;;;;
São Paulo;Vila Prudente;São Paulo;Bela Vista;;;;;
São Paulo;Tucuruvi;São Paulo;República;;;;;
São Paulo;Higienópolis;Não informado;Não informado;;;;;
São Paulo;Campo Limpo;Não informado;Não informado;;;;;
São Paulo;Bela Vista;São Paulo;Consolação;;;;;
São Paulo;Santo Amaro;São Paulo;Pinheiros;;;;;
São Paulo;Santo Amaro;São Paulo;Bela Vista;;;;;
São Paulo;Perdizes;Não informado;Não informado;;;;;
São Paulo;Santana;São Paulo;Pinheiros;;;;;
São Paulo;Penha;São Paulo;Sé;;;;;
São Paulo;República;Não informado;Não informado;;;;;
Farias;Jabaquara;São Paulo;Itaquera;;;;;
São Paulo;Vila Prudente;São Paulo;Perdizes;;;;;
Osasco;Lapa;São Paulo;Bela Vista;;;;;
São Paulo;Pinheiros;São Paulo;Sé;;;;;
São Paulo;Consolação;Não informado;Não informado;;;;;
São Paulo;Butantã;Não informado;Não informado;;;;;
São Paulo;Sé;São Paulo;Sé;;;;;
São Paulo;Ipiranga;São Paulo;Bela Vista;;;;;
São Paulo;Lapa;Não informado;Não informado;;;;;
São Paulo;Limão;Não informado;Não informado;;;;;
São Paulo;Consolação;Não informado;Não informado;;;;;
São Paulo;Tucuruvi;Não informado;Não informado;;;;;
São Paulo;República;Não informado;Não informado;;;;;
São Paulo;Santana;São Paulo;Limão;;;;;
São Paulo;Ipiranga;Não informado;Não informado;;;;;
São Paulo;Penha;São Paulo;Limão;;;;;
São Paulo;Santana;Não informado;Não informado;;;;;
São Paulo;Lapa;Não informado;Não informado;;;;;
Nunes;Perdizes;Não informado;Não informado;;;;;
São Paulo;Campo Limpo;São Paulo;Consolação;;;;;
São Paulo;Pinheiros;São Paulo;Higienópolis;;;;;
São Paulo;Casa Verde;Não informado;Não informado;;;;;
São Paulo;República;São Paulo;Higienópolis;;;;;
São Paulo;Consolação;São Paulo;Vila Prudente;;;;;
Diadema;Jabaquara;Não informado;Não informado;;;;;
São Paulo;Casa Verde;Não informado;Não informado;;;;;
Mauá;Casa Verde;São Paulo;Casa Verde;;;;;
São Caetano;Casa Verde;São Paulo;Consolação;;;;;
São Paulo;Ipiranga;Não informado;Não informado;;;;;
São Paulo;Pinheiros;São Paulo;Higienópolis;;;;;
São Paulo;Higienópolis;Não informado;Não informado;;;;;
Santos de Carvalho;Pinheiros;São Paulo;Sé;;;;;
São Paulo;Sé;São Paulo;Santo Amaro;;;;;
São Paulo;Tatuapé;São Paulo;Tucuruvi;;;;;
São Paulo;Butantã;São Paulo;República;;;;;
São Paulo;Casa Verde;Não informado;Não informado;;;;;
São Paulo;Ipiranga;Não informado;Não informado;;;;;
São Paulo;Jabaquara;São Paulo;Sé;;;;;
São Paulo;Ipiranga;São Paulo;Higienópolis;;;;;
São Paulo;Penha;Não informado;Não informado;;;;;
Lopes;Butantã;São Paulo;Consolação;;;;;
São Paulo;Ipiranga;Não informado;Não informado;;;;;
São Paulo;Tatuapé;São Paulo;Sé;;;;;
São Paulo;Vila Prudente;Não informado;Não informado;;;;;
São Paulo;Butantã;Não informado;Não informado;;;;;
São Paulo;Limão;Não informado;Não informado;;;;;
São Paulo;Ipiranga;São Paulo;Bela Vista;;;;;
São Paulo;Perdizes;São Paulo;Consolação;;;;;
São Paulo;Itaquera;São Paulo;Itaquera;;;;;
São Paulo;República;São Paulo;Itaquera;;;;;
São Paulo;Pinheiros;São Paulo;Pinheiros;;;;;
São Paulo;Casa Verde;Não informado;Não informado;;;;;
São Paulo;Santana;São Paulo;República;;;;;
São Paulo;Bela Vista;Não informado;Não informado;;;;;
São Paulo;Higienópolis;Não informado;Não informado;;;;;
São Paulo;Bela Vista;São Paulo;Bela Vista;;;;;
São Paulo;Itaquera;São Paulo;Consolação;;;;;
São Paulo;Tucuruvi;São Paulo;Casa Verde;;;;;
Barros;Campo Limpo;São Paulo;Bela Vista;;;;;
São Paulo;Perdizes;São Paulo;Bela Vista;;;;;
São Paulo;Sé;São Paulo;Consolação;;;;;
São Paulo;Santo Amaro;Não informado;Não informado;;;;;
São Paulo;Campo Limpo;São Paulo;Campo Limpo;;;;;
São Paulo;Higienópolis;Não informado;Não informado;;;;;
São Paulo;Campo Limpo;São Paulo;Santo Amaro;;;;;
São Paulo;Pinheiros;São Paulo;Bela Vista;;;;;
São Paulo;Ipiranga;Não informado;Não informado;;;;;
São Paulo;Limão;São Paulo;Sé;;;;;
São Paulo;República;São Paulo;Bela Vista;;;;;
São Paulo;Penha;São Paulo;Higienópolis;;;;;
São Paulo;Higienópolis;Não informado;Não informado;;;;;
Diadema;Centro;Não informado;Não informado;;;;;
São Paulo;Casa Verde;Não informado;Não informado;;;;;
São Paulo;Ipiranga;São Paulo;Sé;;;;;
São Paulo;Casa Verde;Não informado;Não informado;;;;;
São Paulo;Tatuapé;São Paulo;Campo Limpo;;;;;
São Paulo;Vila Prudente;Não informado;Não informado;;;;;
São Paulo;Consolação;São Paulo;Tucuruvi;;;;;
Diadema;Centro;São Paulo;Itaquera;;;;;
São Paulo;Perdizes;São Paulo;Ipiranga;;;;;
São Paulo;Consolação;Não informado;Não informado;;;;;
São Paulo;Ipiranga;São Paulo;Bela Vista;;;;;
São Paulo;Lapa;São Paulo;Consolação;;;;;
São Paulo;Sé;São Paulo;República;;;;;
São Paulo;Tucuruvi;Não informado;Não informado;;;;;
Carvalho;Tucuruvi;São Paulo;Sé;;;;;
São Paulo;Lapa;São Paulo;República;;;;;
São Paulo;República;Não informado;Não informado;;;;;
São Paulo;Tucuruvi;Não informado;Não informado;;;;;
São Paulo;Pinheiros;Não informado;Não informado;;;;;
São Paulo;Santo Amaro;Não informado;Não informado;;;;;
Fernandes;Santo Amaro;São Paulo;Consolação;;;;;
São Paulo;Limão;São Paulo;Higienópolis;;;;;
São Paulo;Tatuapé;São Paulo;Consolação;;;;;
São Paulo;Penha;São Paulo;Consolação;;;;;
São Paulo;Butantã;São Paulo;Limão;;;;;
São Paulo;Sé;Não informado;Não informado;;;;;
São Paulo;Higienópolis;São Paulo;Sé;;;;;
São Paulo;Consolação;Não informado;Não informado;;;;;
São Paulo;Ipiranga;São Paulo;Campo Limpo;;;;;
São Paulo;Casa Verde;São Paulo;Perdizes;;;;;
São Paulo;Tatuapé;São Paulo;Santana;;;;;
São Paulo;Jabaquara;São Paulo;Limão;;;;;
São Paulo;Tatuapé;São Paulo;Higienópolis;;;;;
São Paulo;Perdizes;São Paulo;Butantã;;;;;
São Paulo;Santo Amaro;São Paulo;República;;;;;
São Paulo;Ipiranga;Não informado;Não informado;;;;;
São Paulo;Tucuruvi;São Paulo;Higienópolis;;;;;
São Paulo;Santana;Não informado;Não informado;;;;;
São Paulo;Limão;São Paulo;Sé;;;;;
São Paulo;Itaquera;São Paulo;Bela Vista;;;;;
São Paulo;Lapa;São Paulo;Bela Vista;;;;;
São Paulo;Santana;São Paulo;República;;;;;
São Paulo;Tatuapé;São Paulo;Bela Vista;;;;;
São Paulo;Santana;São Paulo;Sé;;;;;
São Paulo;Limão;Não informado;Não informado;;;;;
São Paulo;Tucuruvi;São Paulo;República;;;;;
São Bernardo;Penha;Não informado;Não informado;;;;;
São Paulo;Vila Prudente;São Paulo;Consolação;;;;;
Ribeirão Pires;Santana;Não informado;Não informado;;;;;
São Paulo;República;São Paulo;Santana;;;;;
São Paulo;Casa Verde;São Paulo;Tatuapé;;;;;
São Paulo;Vila Prudente;Não informado;Não informado;;;;;
São Paulo;Lapa;Não informado;Não informado;;;;;
São Paulo;Jabaquara;Não informado;Não informado;;;;;
São Paulo;Santo Amaro;São Paulo;Limão;;;;;
São Paulo;Tucuruvi;Não informado;Não informado;;;;;
São Paulo;Consolação;São Paulo;Penha;;;;;
São Paulo;Pinheiros;São Paulo;Higienópolis;;;;;
São Paulo;Ipiranga;Não informado;Não informado;;;;;
São Paulo;Jabaquara;Não informado;Não informado;;;;;
São Paulo;Tucuruvi;Não informado;Não informado;;;;;
São Paulo;Casa Verde;Não informado;Não informado;;;;;
São Paulo;Pinheiros;Não informado;Não informado;;;;;
São Paulo;Jabaquara;Não informado;Não informado;;;;;
São Paulo;Vila Prudente;Não informado;Não informado;;;;;
Silveira;Higienópolis;São Paulo;Campo Limpo;;;;;
São Paulo;Higienópolis;São Paulo;Bela Vista;;;;;
Santo André;Campo Limpo;São Paulo;Sé;;;;;
São Paulo;Ipiranga;Não informado;Não informado;;;;;
São Paulo;Jabaquara;Não informado;Não informado;;;;;
São Paulo;República;Não informado;Não informado;;;;;
São Paulo;Jabaquara;São Paulo;Higienópolis;;;;;
Diadema;Campo Limpo;São Paulo;Sé;;;;;
São Paulo;Limão;São Paulo;Consolação;;;;;
Rodrigues do Oeste;Campo Limpo;Não informado;Não informado;;;;;
São Paulo;Lapa;São Paulo;Higienópolis;;;;;
Souza;Sé;São Paulo;Higienópolis;;;;;
São Paulo;Campo Limpo;Não informado;Não informado;;;;;
Itapevi;Sé;São Paulo;Higienópolis;;;;;
São Paulo;Santana;São Paulo;Limão;;;;;
São Paulo;Jabaquara;São Paulo;Limão;;;;;
São Paulo;República;Não informado;Não informado;;;;;
São Paulo;Sé;Não informado;Não informado;;;;;
Peixoto do Sul;Vila Prudente;Não informado;Não informado;;;;;
São Paulo;Campo Limpo;São Paulo;Bela Vista;;;;;
São Paulo;Limão;São Paulo;República;;;;;
São Paulo;Sé;Não informado;Não informado;;;;;
São Paulo;República;São Paulo;Sé;;;;;
São Paulo;Tatuapé;Não informado;Não informado;;;;;
São Paulo;Higienópolis;Não informado;Não informado;;;;;
Dias;Vila Prudente;Não informado;Não informado;;;;;
São Paulo;Lapa;São Paulo;Consolação;;;;;
São Paulo;Lapa;São Paulo;Penha;;;;;
São Paulo;Ipiranga;Não informado;Não informado;;;;;
São Paulo;Limão;Não informado;Não informado;;;;;
São Paulo;República;Não informado;Não informado;;;;;
São Paulo;Butantã;Não informado;Não informado;;;;;
São Paulo;Vila Prudente;Não informado;Não informado;;;;;
São Paulo;Sé;São Paulo;República;;;;;
São Paulo;Limão;Não informado;Não informado;;;;;
São Paulo;Bela Vista;São Paulo;Consolação;;;;;
São Paulo;Butantã;Não informado;Não informado;;;;;
Moraes Alegre;Campo Limpo;São Paulo;Sé;;;;;
São Paulo;República;São Paulo;República;;;;;
Ribeirão Pires;Penha;São Paulo;Campo Limpo;;;;;
São Paulo;Tucuruvi;Não informado;Não informado;;;;;
São Paulo;Limão;São Paulo;Santana;;;;;
São Paulo;República;São Paulo;Bela Vista;;;;;
São Paulo;Tatuapé;São Paulo;Tatuapé;;;;;
São Paulo;Pinheiros;São Paulo;República;;;;;
São Paulo;Casa Verde;São Paulo;República;;;;;
São Paulo;Butantã;São Paulo;Bela Vista;;;;;
São Paulo;Vila Prudente;São Paulo;Higienópolis;;;;;
São Paulo;Vila Prudente;São Paulo;Penha;;;;;
Vieira;Limão;São Paulo;Sé;;;;;
São Paulo;Sé;Não informado;Não informado;;;;;
Rio Grande da Serra;Limão;São Paulo;Bela Vista;;;;;
São Paulo;Itaquera;Não informado;Não informado;;;;;
São Paulo;Itaquera;Não informado;Não informado;;;;;
São Paulo;Butantã;São Paulo;Penha;;;;;
São Paulo;Tucuruvi;São Paulo;Ipiranga;;;;;
São Paulo;Tatuapé;São Paulo;Bela Vista;;;;;
São Paulo;Jabaquara;Não informado;Não informado;;;;;
São Paulo;Penha;Não informado;Não informado;;;;;
São Paulo;Tatuapé;São Paulo;Bela Vista;;;;;
São Paulo;Santana;Não informado;Não informado;;;;;
São Paulo;Consolação;São Paulo;Consolação;;;;;
São Paulo;Higienópolis;Não informado;Não informado;;;;;
Lima do Galho;Ipiranga;Não informado;Não informado;;;;;
São Paulo;Bela Vista;Não informado;Não informado;;;;;
São Paulo;Butantã;Não informado;Não informado;;;;;
São Paulo;Tatuapé;São Paulo;Lapa;;;;;
São Paulo;Lapa;São Paulo;Itaquera;;;;;
São Paulo;Pinheiros;São Paulo;República;;;;;
São Paulo;Lapa;Não informado;Não informado;;;;;
São Paulo;Santana;Não informado;Não informado;;;;;
São Paulo;República;Não informado;Não informado;;;;;
São Paulo;Campo Limpo;Não informado;Não informado;;;;;
São Paulo;Vila Prudente;São Paulo;Itaquera;;;;;
São Paulo;Jabaquara;Não informado;Não informado;;;;;
São Paulo;Higienópolis;São Paulo;Campo Limpo;;;;;
São Paulo;Santo Amaro;Não informado;Não informado;;;;;
São Paulo;Jabaquara;São Paulo;Penha;;;;;
São Paulo;Penha;São Paulo;Consolação;;;;;
São Paulo;Pinheiros;São Paulo;República;;;;;
São Paulo;Ipiranga;Não informado;Não informado;;;;;
São Paulo;Lapa;São Paulo;República;;;;;
São Paulo;Bela Vista;Não informado;Não informado;;;;;
São Paulo;Butantã;Não informado;Não informado;;;;;
São Paulo;Santo Amaro;Não informado;Não informado;;;;;
São Paulo;Campo Limpo;São Paulo;Tucuruvi;;;;;
São Paulo;Ipiranga;São Paulo;Sé;;;;;
Fernandes de Ribeiro;República;São Paulo;República;;;;;
São Paulo;Jabaquara;São Paulo;Sé;;;;;
São Paulo;Casa Verde;São Paulo;Higienópolis;;;;;
São Paulo;Consolação;São Paulo;Campo Limpo;;;;;
Caldeira;Sé;São Paulo;Penha;;;;;
Cunha do Campo;Pinheiros;Não informado;Não informado;;;;;
Diadema;Centro;Não informado;Não informado;;;;;
São Paulo;Itaquera;Não informado;Não informado;;;;;
São Paulo;Consolação;Não informado;Não informado;;;;;
São Paulo;Campo Limpo;Não informado;Não informado;;;;;
São Paulo;Santo Amaro;São Paulo;Bela Vista;;;;;
São Paulo;Pinheiros;Não informado;Não informado;;;;;
São Paulo;Tucuruvi;Não informado;Não informado;;;;;
São Paulo;Tatuapé;São Paulo;República;;;;;
São Paulo;Sé;São Paulo;Tucuruvi;;;;;
São Paulo;Casa Verde;São Paulo;Vila Prudente;;;;;
São Paulo;Vila Prudente;São Paulo;Vila Prudente;;;;;
São Paulo;Santana;Não informado;Não informado;;;;;
São Paulo;Pinheiros;São Paulo;Higienópolis;;;;;
São Paulo;Campo Limpo;São Paulo;Butantã;;;;;
São Paulo;República;São Paulo;Higienópolis;;;;;
São Paulo;Casa Verde;São Paulo;Bela Vista;;;;;
São Paulo;Casa Verde;Não informado;Não informado;;;;;
Ribeirão Pires;República;São Paulo;Santana;;;;;
São Paulo;Higienópolis;São Paulo;Itaquera;;;;;
São Paulo;Ipiranga;São Paulo;Sé;;;;;
São Paulo;Jabaquara;São Paulo;República;;;;;
São Paulo;Penha;São Paulo;Bela Vista;;;;;
São Paulo;Lapa;Não informado;Não informado;;;;;
São Paulo;Bela Vista;Não informado;Não informado;;;;;
São Paulo;Lapa;São Paulo;Higienópolis;;;;;
São Paulo;Campo Limpo;São Paulo;Vila Prudente;;;;;
São Bernardo;Higienópolis;São Paulo;Santo Amaro;;;;;
São Paulo;Jabaquara;Não informado;Não informado;;;;;
São Paulo;Penha;Não informado;Não informado;;;;;
São Paulo;Campo Limpo;São Paulo;Limão;;;;;
Ribeirão Pires;Sé;São Paulo;Vila Prudente;;;;;
São Paulo;Ipiranga;São Paulo;República;;;;;
São Paulo;Itaquera;Não informado;Não informado;;;;;
São Paulo;Casa Verde;São Paulo;República;;;;;
São Paulo;Penha;Não informado;Não informado;;;;;
São Paulo;Tucuruvi;São Paulo;Limão;;;;;
São Paulo;Casa Verde;São Paulo;Sé;;;;;
São Paulo;Ipiranga;São Paulo;Penha;;;;;
São Paulo;Ipiranga;São Paulo;Consolação;;;;;
São Paulo;Butantã;São Paulo;Perdizes;;;;;
Diadema;Santo Amaro;Não informado;Não informado;;;;;
São Paulo;Tatuapé;Não informado;Não informado;;;;;
São Paulo;Butantã;Não informado;Não informado;;;;;
São Paulo;Lapa;São Paulo;Sé;;;;;
São Paulo;Casa Verde;São Paulo;Bela Vista;;;;;
São Paulo;Tatuapé;Não informado;Não informado;;;;;
São Paulo;Itaquera;São Paulo;Tucuruvi;;;;;
São Paulo;Santo Amaro;São Paulo;Bela Vista;;;;;
São Paulo;Butantã;São Paulo;Higienópolis;;;;;
São Paulo;República;São Paulo;Higienópolis;;;;;
São Paulo;Santana;São Paulo;Sé;;;;;
São Paulo;Santana;São Paulo;Higienópolis;;;;;
São Paulo;Ipiranga;São Paulo;Casa Verde;;;;;
Diadema;Perdizes;Não informado;Não informado;;;;;
São Paulo;Higienópolis;Não informado;Não informado;;;;;
São Paulo;Tatuapé;Não informado;Não informado;;;;;
São Paulo;Higienópolis;Não informado;Não informado;;;;;
São Paulo;República;São Paulo;Vila Prudente;;;;;
São Paulo;Casa Verde;São Paulo;Consolação;;;;;
Correia do Oeste;Santo Amaro;São Paulo;Santana;;;;;
São Paulo;República;São Paulo;Higienópolis;;;;;
São Paulo;Perdizes;Não informado;Não informado;;;;;
São Paulo;Ipiranga;São Paulo;Higienópolis;;;;;
Peixoto Verde;Perdizes;Não informado;Não informado;;;;;
São Paulo;Pinheiros;São Paulo;Perdizes;;;;;
São Paulo;Lapa;São Paulo;Sé;;;;;
São Paulo;Lapa;São Paulo;Santana;;;;;
Diadema;Higienópolis;Não informado;Não informado;;;;;
São Paulo;Pinheiros;São Paulo;Tucuruvi;;;;;
São Paulo;Ipiranga;São Paulo;Santana;;;;;
São Paulo;Jabaquara;São Paulo;Itaquera;;;;;
São Paulo;Consolação;São Paulo;Sé;;;;;
São Paulo;Vila Prudente;São Paulo;Santana;;;;;
São Paulo;Consolação;São Paulo;Bela Vista;;;;;
São Paulo;Penha;São Paulo;Itaquera;;;;;
São Paulo;Limão;São Paulo;Penha;;;;;
São Paulo;Itaquera;São Paulo;Sé;;;;;
São Paulo;Bela Vista;Não informado;Não informado;;;;;
São Paulo;Butantã;Não informado;Não informado;;;;;
São Paulo;Tatuapé;Não informado;Não informado;;;;;
São Paulo;Tucuruvi;São Paulo;Penha;;;;;
São Paulo;Tatuapé;Não informado;Não informado;;;;;
São Paulo;Bela Vista;Não informado;Não informado;;;;;
São Paulo;Itaquera;Não informado;Não informado;;;;;
São Paulo;Itaquera;São Paulo;Higienópolis;;;;;
São Paulo;República;São Paulo;Higienópolis;;;;;
São Paulo;Jabaquara;Não informado;Não informado;;;;;
São Paulo;Jabaquara;São Paulo;Bela Vista;;;;;
São Paulo;Higienópolis;São Paulo;Casa Verde;;;;;
São Paulo;Vila Prudente;Não informado;Não informado;;;;;
São Paulo;Sé;São Paulo;Limão;;;;;
São Paulo;Casa Verde;São Paulo;Bela Vista;;;;;
São Paulo;Lapa;Não informado;Não informado;;;;;
São Paulo;Pinheiros;São Paulo;Consolação;;;;;
São Paulo;Ipiranga;São Paulo;República;;;;;
São Paulo;Bela Vista;Não informado;Não informado;;;;;
São Paulo;Bela Vista;São Paulo;Sé;;;;;
Martins do Galho;Tucuruvi;São Paulo;Limão;;;;;
São Paulo;Bela Vista;São Paulo;Jabaquara;;;;;
São Paulo;Higienópolis;São Paulo;Consolação;;;;;
São Paulo;Itaquera;São Paulo;Itaquera;;;;;
São Paulo;Ipiranga;Não informado;Não informado;;;;;
São Paulo;Bela Vista;São Paulo;Lapa;;;;;
São Paulo;Tatuapé;São Paulo;Higienópolis;;;;;
São Paulo;Consolação;Não informado;Não informado;;;;;
São Paulo;Itaquera;São Paulo;Bela Vista;;;;;
Freitas;Itaquera;São Paulo;Consolação;;;;;
São Paulo;Jabaquara;São Paulo;Tatuapé;;;;;
São Paulo;Casa Verde;São Paulo;Penha;;;;;
São Paulo;Ipiranga;São Paulo;República;;;;;
São Paulo;Itaquera;Não informado;Não informado;;;;;
São Paulo;Vila Prudente;São Paulo;Bela Vista;;;;;
São Paulo;Santana;Não informado;Não informado;;;;;
São Paulo;Santana;Não informado;Não informado;;;;;
Ribeirão Pires;Ipiranga;Não informado;Não informado;;;;;
São Paulo;Butantã;São Paulo;Tatuapé;;;;;
São Paulo;República;São Paulo;Casa Verde;;;;;
Lopes de Gon√ßalves;Casa Verde;Não informado;Não informado;;;;;
São Paulo;República;São Paulo;Bela Vista;;;;;
São Paulo;Santo Amaro;Não informado;Não informado;;;;;
São Paulo;Pinheiros;São Paulo;Vila Prudente;;;;;
São Paulo;Campo Limpo;São Paulo;Tucuruvi;;;;;
Santo André;Higienópolis;São Paulo;Butantã;;;;;
São Paulo;República;Não informado;Não informado;;;;;
São Paulo;Lapa;São Paulo;Consolação;;;;;
São Paulo;Vila Prudente;São Paulo;Vila Prudente;;;;;
São Paulo;Higienópolis;Não informado;Não informado;;;;;
São Paulo;Vila Prudente;Não informado;Não informado;;;;;
São Paulo;Perdizes;São Paulo;Higienópolis;;;;;
São Paulo;Pinheiros;São Paulo;Santo Amaro;;;;;
São Paulo;Sé;São Paulo;Bela Vista;;;;;
São Paulo;Tucuruvi;São Paulo;Limão;;;;;
São Paulo;Santana;Não informado;Não informado;;;;;
São Paulo;Limão;São Paulo;Consolação;;;;;
São Paulo;Limão;Não informado;Não informado;;;;;
Rocha;Lapa;Não informado;Não informado;;;;;
São Paulo;Butantã;São Paulo;Tucuruvi;;;;;
São Paulo;Ipiranga;São Paulo;Casa Verde;;;;;
São Paulo;Santo Amaro;Não informado;Não informado;;;;;
São Paulo;Vila Prudente;Não informado;Não informado;;;;;
Diadema;Itaquera;Não informado;Não informado;;;;;
São Paulo;Ipiranga;São Paulo;Vila Prudente;;;;;
São Paulo;Perdizes;São Paulo;Bela Vista;;;;;
São Paulo;Consolação;São Paulo;República;;;;;
Ribeirão Pires;Jabaquara;Não informado;Não informado;;;;;
São Paulo;Campo Limpo;Não informado;Não informado;;;;;
São Paulo;Itaquera;Não informado;Não informado;;;;;
São Paulo;Vila Prudente;São Paulo;Bela Vista;;;;;
São Paulo;Santana;São Paulo;Sé;;;;;
Mendes do Amparo;Ipiranga;Não informado;Não informado;;;;;
São Paulo;República;São Paulo;Consolação;;;;;
São Paulo;Consolação;São Paulo;República;;;;;
São Paulo;Pinheiros;Não informado;Não informado;;;;;
São Paulo;Campo Limpo;São Paulo;Butantã;;;;;
São Paulo;Tucuruvi;Não informado;Não informado;;;;;
São Paulo;Sé;Não informado;Não informado;;;;;
São Paulo;Itaquera;Não informado;Não informado;;;;;
Duarte;Campo Limpo;Não informado;Não informado;;;;;
Mendes;Jabaquara;Não informado;Não informado;;;;;
São Paulo;Santana;São Paulo;Jabaquara;;;;;
São Paulo;Limão;Não informado;Não informado;;;;;
Correia Grande;Santo Amaro;São Paulo;Santana;;;;;
São Paulo;Bela Vista;São Paulo;Consolação;;;;;
São Paulo;Casa Verde;Não informado;Não informado;;;;;
São Paulo;Pinheiros;Não informado;Não informado;;;;;
São Paulo;República;São Paulo;Higienópolis;;;;;
São Paulo;Perdizes;Não informado;Não informado;;;;;
São Paulo;Vila Prudente;Não informado;Não informado;;;;;
São Paulo;Ipiranga;São Paulo;Sé;;;;;
Ribeirão Pires;Itaquera;Não informado;Não informado;;;;;
São Paulo;Limão;Não informado;Não informado;;;;;
São Paulo;Tucuruvi;São Paulo;Consolação;;;;;
São Paulo;Pinheiros;Não informado;Não informado;;;;;
São Paulo;Sé;São Paulo;Tucuruvi;;;;;
São Paulo;Penha;Não informado;Não informado;;;;;
São Paulo;República;São Paulo;Vila Prudente;;;;;
São Paulo;Casa Verde;São Paulo;Casa Verde;;;;;
São Paulo;Tucuruvi;São Paulo;Itaquera;;;;;
São Paulo;Limão;Não informado;Não informado;;;;;
São Paulo;República;São Paulo;Bela Vista;;;;;
São Paulo;Jabaquara;São Paulo;Butantã;;;;;
São Paulo;Campo Limpo;São Paulo;Bela Vista;;;;;
São Paulo;Jabaquara;São Paulo;República;;;;;
Ribeirão Pires;República;São Paulo;Casa Verde;;;;;
São Paulo;República;São Paulo;Santana;;;;;
São Paulo;Vila Prudente;São Paulo;República;;;;;
São Paulo;Tucuruvi;Não informado;Não informado;;;;;
São Paulo;Higienópolis;São Paulo;Campo Limpo;;;;;
São Paulo;Casa Verde;São Paulo;Bela Vista;;;;;
São Paulo;Tucuruvi;Não informado;Não informado;;;;;
São Paulo;Higienópolis;Não informado;Não informado;;;;;
São Paulo;Tatuapé;Não informado;Não informado;;;;;
São Paulo;Santana;São Paulo;República;;;;;
São Paulo;Campo Limpo;Não informado;Não informado;;;;;
São Paulo;Jabaquara;Não informado;Não informado;;;;;
São Paulo;Ipiranga;Não informado;Não informado;;;;;
Ribeirão Pires;Lapa;São Paulo;Casa Verde;;;;;
São Paulo;Limão;São Paulo;Higienópolis;;;;;
São Paulo;Tucuruvi;Não informado;Não informado;;;;;
São Paulo;Perdizes;São Paulo;Perdizes;;;;;
São Paulo;Tatuapé;São Paulo;Tucuruvi;;;;;
São Paulo;Jabaquara;São Paulo;Bela Vista;;;;;
São Paulo;Vila Prudente;Não informado;Não informado;;;;;
Moraes;República;São Paulo;Santana;;;;;
São Paulo;Higienópolis;São Paulo;República;;;;;
São Paulo;Itaquera;Não informado;Não informado;;;;;
São Paulo;Bela Vista;São Paulo;Bela Vista;;;;;
São Paulo;Campo Limpo;Não informado;Não informado;;;;;
São Paulo;Butantã;São Paulo;Consolação;;;;;
Diadema;Campo Limpo;São Paulo;Sé;;;;;
Caldeira;Higienópolis;Não informado;Não informado;;;;;
Moura;Sé;São Paulo;Higienópolis;;;;;
São Paulo;Sé;São Paulo;Ipiranga;;;;;
Peixoto;Ipiranga;São Paulo;Tucuruvi;;;;;
São Paulo;Lapa;São Paulo;Consolação;;;;;
São Paulo;Consolação;Não informado;Não informado;;;;;
São Paulo;Tucuruvi;São Paulo;Higienópolis;;;;;
São Paulo;Perdizes;São Paulo;Limão;;;;;
São Paulo;Ipiranga;São Paulo;Bela Vista;;;;;
Ribeirão Pires;Tucuruvi;Não informado;Não informado;;;;;
São Paulo;Tatuapé;São Paulo;Bela Vista;;;;;
São Paulo;Butantã;São Paulo;Consolação;;;;;
São Paulo;Santana;São Paulo;Consolação;;;;;
São Paulo;Santana;Não informado;Não informado;;;;;
São Paulo;Higienópolis;São Paulo;Sé;;;;;
São Paulo;Santo Amaro;Não informado;Não informado;;;;;
São Caetano;Jabaquara;São Paulo;Penha;;;;;
São Paulo;Higienópolis;Não informado;Não informado;;;;;
Ferreira Verde;Campo Limpo;Não informado;Não informado;;;;;
São Paulo;Pinheiros;São Paulo;Higienópolis;;;;;
Ribeiro Alegre;Higienópolis;São Paulo;Higienópolis;;;;;
São Paulo;Santana;Não informado;Não informado;;;;;
São Paulo;Santo Amaro;São Paulo;Tatuapé;;;;;
Diadema;Tatuapé;São Paulo;Bela Vista;;;;;
São Paulo;Perdizes;São Paulo;Santo Amaro;;;;;
São Paulo;Penha;Não informado;Não informado;;;;;
São Paulo;Casa Verde;São Paulo;Bela Vista;;;;;
São Paulo;Campo Limpo;São Paulo;Higienópolis;;;;;
São Paulo;Vila Prudente;Não informado;Não informado;;;;;
São Paulo;Ipiranga;São Paulo;Sé;;;;;
São Paulo;Butantã;Não informado;Não informado;;;;;
São Paulo;Campo Limpo;São Paulo;Tucuruvi;;;;;
São Paulo;Tucuruvi;Não informado;Não informado;;;;;
São Paulo;Campo Limpo;São Paulo;República;;;;;
São Paulo;Santana;Não informado;Não informado;;;;;
São Paulo;Pinheiros;São Paulo;Sé;;;;;
São Paulo;Itaquera;Não informado;Não informado;;;;;
São Paulo;Tucuruvi;São Paulo;Sé;;;;;
São Paulo;Limão;São Paulo;Bela Vista;;;;;
São Paulo;Consolação;São Paulo;Consolação;;;;;
São Paulo;Bela Vista;São Paulo;Consolação;;;;;
São Paulo;Campo Limpo;São Paulo;Sé;;;;;
São Paulo;Limão;São Paulo;Higienópolis;;;;;
São Paulo;Campo Limpo;Não informado;Não informado;;;;;
São Paulo;Butantã;São Paulo;Tucuruvi;;;;;
São Paulo;República;São Paulo;Bela Vista;;;;;
São Paulo;Pinheiros;Não informado;Não informado;;;;;
São Paulo;Penha;Não informado;Não informado;;;;;
São Paulo;Tatuapé;São Paulo;Higienópolis;;;;;
São Paulo;Jabaquara;São Paulo;Higienópolis;;;;;
Foga√ßa de Nogueira;Lapa;Não informado;Não informado;;;;;
São Paulo;Penha;Não informado;Não informado;;;;;
São Paulo;Limão;São Paulo;Santana;;;;;
São Paulo;Santo Amaro;Não informado;Não informado;;;;;
São Paulo;República;Não informado;Não informado;;;;;
São Paulo;Butantã;Não informado;Não informado;;;;;
São Paulo;Santana;São Paulo;Higienópolis;;;;;
São Paulo;Santo Amaro;São Paulo;Bela Vista;;;;;
São Paulo;Perdizes;São Paulo;Tucuruvi;;;;;
Mauá;Pinheiros;Não informado;Não informado;;;;;
São Paulo;Tucuruvi;Não informado;Não informado;;;;;
São Paulo;Jabaquara;Não informado;Não informado;;;;;
São Paulo;Jabaquara;São Paulo;Higienópolis;;;;;
São Paulo;Tatuapé;São Paulo;Penha;;;;;
São Paulo;Jabaquara;Não informado;Não informado;;;;;
São Paulo;Casa Verde;São Paulo;Tatuapé;;;;;
São Paulo;Pinheiros;São Paulo;Perdizes;;;;;
São Paulo;Casa Verde;São Paulo;Consolação;;;;;
Ribeirão Pires;Consolação;São Paulo;Tucuruvi;;;;;
São Paulo;Penha;Não informado;Não informado;;;;;
São Paulo;Sé;São Paulo;Sé;;;;;
Cavalcanti do Galho;Jabaquara;São Paulo;Vila Prudente;;;;;
São Paulo;Casa Verde;São Paulo;Higienópolis;;;;;
Diadema;Centro;Não informado;Não informado;;;;;
São Paulo;Tatuapé;Não informado;Não informado;;;;;
São Paulo;Santana;São Paulo;Consolação;;;;;
São Paulo;Pinheiros;Não informado;Não informado;;;;;
São Paulo;Butantã;São Paulo;Sé;;;;;
São Paulo;Tucuruvi;São Paulo;Sé;;;;;
São Paulo;Jabaquara;Não informado;Não informado;;;;;
São Paulo;Jabaquara;Não informado;Não informado;;;;;
Diadema;Perdizes;São Paulo;República;;;;;
São Paulo;Lapa;São Paulo;Itaquera;;;;;
São Paulo;Jabaquara;Não informado;Não informado;;;;;
São Paulo;Santo Amaro;Não informado;Não informado;;;;;
São Paulo;Jabaquara;Não informado;Não informado;;;;;
São Paulo;Santana;São Paulo;Vila Prudente;;;;;
São Paulo;Casa Verde;Não informado;Não informado;;;;;
Diadema;Penha;São Paulo;Tatuapé;;;;;
São Paulo;Higienópolis;São Paulo;Bela Vista;;;;;
São Paulo;Santo Amaro;Não informado;Não informado;;;;;
São Paulo;Santo Amaro;Não informado;Não informado;;;;;
São Paulo;Jabaquara;São Paulo;Higienópolis;;;;;
São Paulo;Sé;São Paulo;Tatuapé;;;;;
São Paulo;Butantã;São Paulo;Limão;;;;;
Diadema;República;São Paulo;Consolação;;;;;
São Paulo;Penha;São Paulo;Sé;;;;;
São Paulo;Santo Amaro;São Paulo;Higienópolis;;;;;
São Paulo;Ipiranga;São Paulo;Casa Verde;;;;;
São Paulo;Santo Amaro;São Paulo;Casa Verde;;;;;
São Paulo;Ipiranga;São Paulo;Sé;;;;;
São Paulo;Bela Vista;São Paulo;Sé;;;;;
São Paulo;Jabaquara;São Paulo;Lapa;;;;;
São Paulo;Bela Vista;Não informado;Não informado;;;;;
Moreira;Itaquera;Não informado;Não informado;;;;;
São Paulo;Ipiranga;São Paulo;Sé;;;;;
São Paulo;Lapa;São Paulo;Sé;;;;;
São Paulo;República;Não informado;Não informado;;;;;
São Paulo;Higienópolis;São Paulo;Bela Vista;;;;;
São Paulo;Consolação;São Paulo;Tucuruvi;;;;;
São Paulo;República;Não informado;Não informado;;;;;
São Paulo;Lapa;São Paulo;Tucuruvi;;;;;
São Paulo;Santana;Não informado;Não informado;;;;;
São Paulo;Santo Amaro;São Paulo;Sé;;;;;
São Paulo;Sé;São Paulo;Higienópolis;;;;;
São Paulo;Santana;São Paulo;Bela Vista;;;;;
São Paulo;Campo Limpo;Não informado;Não informado;;;;;
São Paulo;Pinheiros;São Paulo;Higienópolis;;;;;
São Paulo;Butantã;São Paulo;Higienópolis;;;;;
São Paulo;Sé;São Paulo;Casa Verde;;;;;
São Paulo;Ipiranga;São Paulo;República;;;;;
São Paulo;Pinheiros;Não informado;Não informado;;;;;
São Paulo;Jabaquara;São Paulo;Bela Vista;;;;;
São Paulo;Tatuapé;São Paulo;Casa Verde;;;;;
Martins do Sul;Tatuapé;São Paulo;Pinheiros;;;;;
São Paulo;Tatuapé;São Paulo;Perdizes;;;;;
Diadema;Centro;São Paulo;Higienópolis;;;;;
São Paulo;Consolação;São Paulo;Consolação;;;;;
São Bernardo;Campo Limpo;São Paulo;Lapa;;;;;
São Paulo;Campo Limpo;São Paulo;Sé;;;;;
São Paulo;Perdizes;São Paulo;Tucuruvi;;;;;
São Paulo;Limão;Não informado;Não informado;;;;;
São Paulo;República;Não informado;Não informado;;;;;
São Paulo;Santana;São Paulo;Butantã;;;;;
São Paulo;Higienópolis;São Paulo;Limão;;;;;
São Paulo;Jabaquara;São Paulo;Bela Vista;;;;;
São Paulo;Butantã;Não informado;Não informado;;;;;
São Paulo;Tucuruvi;Não informado;Não informado;;;;;
São Paulo;República;São Paulo;Bela Vista;;;;;
São Paulo;Vila Prudente;Não informado;Não informado;;;;;
São Paulo;Campo Limpo;São Paulo;Santana;;;;;
São Paulo;Perdizes;Não informado;Não informado;;;;;
São Paulo;Consolação;Não informado;Não informado;;;;;
São Paulo;Higienópolis;São Paulo;Sé;;;;;
São Paulo;Pinheiros;Não informado;Não informado;;;;;
São Paulo;Santo Amaro;Não informado;Não informado;;;;;
São Paulo;Santo Amaro;São Paulo;Consolação;;;;;
São Paulo;Ipiranga;São Paulo;Tucuruvi;;;;;
São Paulo;Vila Prudente;Não informado;Não informado;;;;;
Diadema;Casa Verde;Não informado;Não informado;;;;;
São Paulo;Vila Prudente;Não informado;Não informado;;;;;
São Paulo;Sé;Não informado;Não informado;;;;;
São Paulo;Higienópolis;São Paulo;República;;;;;
São Paulo;Ipiranga;São Paulo;Bela Vista;;;;;
São Paulo;Tucuruvi;Não informado;Não informado;;;;;
São Paulo;Ipiranga;São Paulo;Tucuruvi;;;;;
São Paulo;Higienópolis;São Paulo;Sé;;;;;
São Paulo;Perdizes;São Paulo;República;;;;;
São Paulo;Bela Vista;São Paulo;Tucuruvi;;;;;
São Paulo;Casa Verde;São Paulo;Higienópolis;;;;;
Diadema;Vila Prudente;São Paulo;Itaquera;;;;;
São Paulo;Bela Vista;São Paulo;Consolação;;;;;
São Paulo;República;São Paulo;Campo Limpo;;;;;
São Paulo;Ipiranga;São Paulo;Limão;;;;;
São Paulo;Limão;São Paulo;Higienópolis;;;;;
São Paulo;Itaquera;Não informado;Não informado;;;;;
Moraes Alegre;Itaquera;São Paulo;República;;;;;
São Paulo;Tatuapé;São Paulo;República;;;;;
São Paulo;Itaquera;Não informado;Não informado;;;;;
São Paulo;Penha;Não informado;Não informado;;;;;
São Paulo;Butantã;São Paulo;Higienópolis;;;;;
São Paulo;Vila Prudente;São Paulo;Consolação;;;;;
São Paulo;Sé;Não informado;Não informado;;;;;
São Paulo;Perdizes;Não informado;Não informado;;;;;
São Paulo;Santo Amaro;São Paulo;Santana;;;;;
São Paulo;Itaquera;Não informado;Não informado;;;;;
São Paulo;Santana;São Paulo;Sé;;;;;
São Paulo;Higienópolis;Não informado;Não informado;;;;;
São Paulo;Campo Limpo;Não informado;Não informado;;;;;
São Paulo;Consolação;Não informado;Não informado;;;;;
Rio Grande da Serra;Campo Limpo;São Paulo;Tatuapé;;;;;
São Paulo;Tatuapé;São Paulo;República;;;;;
São Paulo;Consolação;São Paulo;Higienópolis;;;;;
São Paulo;Vila Prudente;São Paulo;Lapa;;;;;
São Paulo;República;São Paulo;República;;;;;
São Paulo;Tatuapé;São Paulo;Higienópolis;;;;;
São Paulo;Itaquera;São Paulo;Sé;;;;;
São Paulo;Ipiranga;Não informado;Não informado;;;;;
Rio Grande da Serra;Higienópolis;São Paulo;Sé;;;;;
Duarte;Santo Amaro;Não informado;Não informado;;;;;
São Paulo;Perdizes;São Paulo;República;;;;;
São Paulo;Butantã;São Paulo;Santana;;;;;
São Paulo;Higienópolis;Não informado;Não informado;;;;;
Ribeirão Pires;Penha;Não informado;Não informado;;;;;
São Paulo;Santo Amaro;São Paulo;Bela Vista;;;;;
São Paulo;Casa Verde;Não informado;Não informado;;;;;
São Paulo;Limão;Não informado;Não informado;;;;;
São Paulo;Lapa;Não informado;Não informado;;;;;
São Paulo;Itaquera;Não informado;Não informado;;;;;
São Paulo;Lapa;São Paulo;Higienópolis;;;;;
São Paulo;Consolação;São Paulo;Higienópolis;;;;;
São Paulo;Santo Amaro;São Paulo;Casa Verde;;;;;
São Paulo;Santo Amaro;São Paulo;Santana;;;;;
São Paulo;República;São Paulo;Consolação;;;;;
São Paulo;Higienópolis;São Paulo;Tucuruvi;;;;;
São Paulo;Tatuapé;São Paulo;Sé;;;;;
São Paulo;Pinheiros;São Paulo;Sé;;;;;
São Paulo;Jabaquara;São Paulo;Consolação;;;;;
São Paulo;Tucuruvi;Não informado;Não informado;;;;;
Diadema;Tatuapé;São Paulo;Sé;;;;;
Mauá;Casa Verde;São Paulo;Consolação;;;;;
São Paulo;Tatuapé;São Paulo;Vila Prudente;;;;;
Diadema;República;Não informado;Não informado;;;;;
São Paulo;Tatuapé;São Paulo;Casa Verde;;;;;
São Paulo;Ipiranga;São Paulo;Sé;;;;;
São Paulo;Bela Vista;São Paulo;Bela Vista;;;;;
São Paulo;Lapa;São Paulo;Bela Vista;;;;;
Costela dos Dourados;Jabaquara;São Paulo;Higienópolis;;;;;
Barros;Pinheiros;Não informado;Não informado;;;;;
São Paulo;Bela Vista;São Paulo;Sé;;;;;
São Paulo;República;Não informado;Não informado;;;;;
São Paulo;Sé;Não informado;Não informado;;;;;
São Paulo;Lapa;Não informado;Não informado;;;;;
São Paulo;Pinheiros;Não informado;Não informado;;;;;
São Paulo;Jabaquara;São Paulo;Bela Vista;;;;;
São Paulo;Santo Amaro;São Paulo;Sé;;;;;
São Paulo;Tucuruvi;São Paulo;Limão;;;;;
São Paulo;Campo Limpo;São Paulo;Tatuapé;;;;;
São Paulo;Penha;São Paulo;Santo Amaro;;;;;
São Paulo;Ipiranga;Não informado;Não informado;;;;;
São Paulo;Ipiranga;São Paulo;Bela Vista;;;;;
São Paulo;Penha;Não informado;Não informado;;;;;
São Paulo;Limão;Não informado;Não informado;;;;;
São Paulo;Consolação;São Paulo;Itaquera;;;;;
São Paulo;Itaquera;São Paulo;Bela Vista;;;;;
São Paulo;Ipiranga;São Paulo;República;;;;;
São Paulo;Consolação;Não informado;Não informado;;;;;
São Paulo;Jabaquara;Não informado;Não informado;;;;;
São Paulo;Tucuruvi;Não informado;Não informado;;;;;
São Paulo;Itaquera;São Paulo;Sé;;;;;
São Paulo;Santana;Não informado;Não informado;;;;;
Barbosa dos Dourados;Lapa;Não informado;Não informado;;;;;
São Paulo;Itaquera;Não informado;Não informado;;;;;
São Paulo;Consolação;São Paulo;Bela Vista;;;;;
São Paulo;Tatuapé;São Paulo;Tatuapé;;;;;
São Paulo;Santo Amaro;São Paulo;Casa Verde;;;;;
São Paulo;Campo Limpo;São Paulo;Ipiranga;;;;;
Campos;Campo Limpo;Não informado;Não informado;;;;;
São Paulo;Perdizes;São Paulo;Penha;;;;;
São Paulo;Penha;São Paulo;Tucuruvi;;;;;
São Paulo;Limão;São Paulo;Casa Verde;;;;;
São Paulo;Penha;Não informado;Não informado;;;;;
São Paulo;Santo Amaro;São Paulo;República;;;;;
São Paulo;Ipiranga;Não informado;Não informado;;;;;
Caldeira;Bela Vista;São Paulo;Bela Vista;;;;;
São Paulo;Santana;São Paulo;Limão;;;;;
São Paulo;Consolação;Não informado;Não informado;;;;;
São Paulo;Ipiranga;Não informado;Não informado;;;;;
São Paulo;Tucuruvi;São Paulo;Sé;;;;;
São Paulo;Santo Amaro;Não informado;Não informado;;;;;
São Paulo;Limão;São Paulo;Tucuruvi;;;;;
São Paulo;Santana;Não informado;Não informado;;;;;
São Paulo;Butantã;Não informado;Não informado;;;;;
São Paulo;Santo Amaro;São Paulo;Itaquera;;;;;
São Paulo;Jabaquara;São Paulo;República;;;;;
São Paulo;Vila Prudente;São Paulo;Consolação;;;;;
São Paulo;Penha;São Paulo;Itaquera;;;;;
São Paulo;Ipiranga;São Paulo;Santana;;;;;
São Paulo;Itaquera;São Paulo;Jabaquara;;;;;
São Paulo;Higienópolis;São Paulo;República;;;;;
São Paulo;Tatuapé;Não informado;Não informado;;;;;
São Paulo;Itaquera;Não informado;Não informado;;;;;
Pinto Paulista;Jabaquara;São Paulo;Limão;;;;;
São Paulo;Perdizes;São Paulo;Bela Vista;;;;;
São Paulo;Campo Limpo;São Paulo;Bela Vista;;;;;
São Paulo;Ipiranga;São Paulo;Bela Vista;;;;;
São Paulo;Tucuruvi;Não informado;Não informado;;;;;
São Paulo;Santana;Não informado;Não informado;;;;;
São Paulo;Ipiranga;São Paulo;República;;;;;
São Paulo;Higienópolis;São Paulo;Bela Vista;;;;;
São Paulo;Ipiranga;São Paulo;Tucuruvi;;;;;
Diadema;Perdizes;São Paulo;Vila Prudente;;;;;
São Paulo;Tatuapé;São Paulo;Sé;;;;;
São Paulo;Tatuapé;Não informado;Não informado;;;;;
São Paulo;Itaquera;Não informado;Não informado;;;;;
São Paulo;Limão;Não informado;Não informado;;;;;
São Paulo;Consolação;São Paulo;Limão;;;;;
São Paulo;Sé;Não informado;Não informado;;;;;
São Paulo;Campo Limpo;São Paulo;Consolação;;;;;
São Paulo;Campo Limpo;Não informado;Não informado;;;;;
São Paulo;Consolação;São Paulo;Sé;;;;;
São Paulo;Jabaquara;São Paulo;Bela Vista;;;;;
São Paulo;Itaquera;São Paulo;Consolação;;;;;
São Paulo;Consolação;São Paulo;Vila Prudente;;;;;
São Paulo;Tatuapé;São Paulo;Tatuapé;;;;;
São Paulo;Itaquera;São Paulo;Tucuruvi;;;;;
São Paulo;Tatuapé;Não informado;Não informado;;;;;
São Paulo;Butantã;São Paulo;Casa Verde;;;;;
São Paulo;Campo Limpo;São Paulo;Santana;;;;;
São Paulo;Ipiranga;São Paulo;Casa Verde;;;;;
São Paulo;Campo Limpo;São Paulo;Sé;;;;;
Ribeirão Pires;Pinheiros;São Paulo;Bela Vista;;;;;
São Paulo;Perdizes;São Paulo;Bela Vista;;;;;
São Paulo;Perdizes;Não informado;Não informado;;;;;
Souza;Vila Prudente;São Paulo;Limão;;;;;
São Paulo;Itaquera;São Paulo;Lapa;;;;;
São Paulo;Tatuapé;Não informado;Não informado;;;;;
São Paulo;Pinheiros;Não informado;Não informado;;;;;
São Paulo;Vila Prudente;Não informado;Não informado;;;;;
São Paulo;Consolação;São Paulo;Consolação;;;;;
São Paulo;Tatuapé;São Paulo;Higienópolis;;;;;
São Paulo;Tatuapé;Não informado;Não informado;;;;;
São Paulo;Tatuapé;Não informado;Não informado;;;;;
São Paulo;Pinheiros;São Paulo;República;;;;;
São Paulo;Santo Amaro;São Paulo;Penha;;;;;
São Paulo;Casa Verde;São Paulo;Santana;;;;;
São Paulo;Consolação;São Paulo;Itaquera;;;;;
São Paulo;Sé;São Paulo;Higienópolis;;;;;
São Paulo;Higienópolis;Não informado;Não informado;;;;;
São Paulo;Santo Amaro;Não informado;Não informado;;;;;
São Paulo;Lapa;Não informado;Não informado;;;;;
São Paulo;Butantã;Não informado;Não informado;;;;;
São Paulo;Ipiranga;Não informado;Não informado;;;;;
São Paulo;Campo Limpo;Não informado;Não informado;;;;;
São Paulo;Butantã;São Paulo;Lapa;;;;;
São Paulo;Tucuruvi;São Paulo;Higienópolis;;;;;
São Paulo;Limão;São Paulo;República;;;;;
São Paulo;Butantã;São Paulo;Limão;;;;;
São Paulo;Campo Limpo;São Paulo;Consolação;;;;;
São Paulo;Sé;Não informado;Não informado;;;;;
São Paulo;Lapa;Não informado;Não informado;;;;;
São Paulo;Penha;Não informado;Não informado;;;;;
São Paulo;Consolação;São Paulo;Consolação;;;;;
Rocha;Casa Verde;São Paulo;República;;;;;
São Paulo;Tatuapé;São Paulo;Casa Verde;;;;;
São Paulo;Santana;São Paulo;Sé;;;;;
Farias de Pinto;Vila Prudente;São Paulo;República;;;;;
Osasco;Perdizes;São Paulo;Santana;;;;;
São Paulo;Sé;São Paulo;Tatuapé;;;;;
São Paulo;Santo Amaro;São Paulo;Ipiranga;;;;;
São Paulo;Bela Vista;São Paulo;Tucuruvi;;;;;
Ribeirão Pires;Jabaquara;São Paulo;Vila Prudente;;;;;
São Paulo;Consolação;São Paulo;Sé;;;;;
São Paulo;Casa Verde;Não informado;Não informado;;;;;
São Paulo;Tatuapé;São Paulo;Higienópolis;;;;;
São Paulo;Consolação;São Paulo;República;;;;;
São Paulo;Butantã;São Paulo;Consolação;;;;;
São Paulo;República;São Paulo;Higienópolis;;;;;
São Paulo;Ipiranga;São Paulo;Santana;;;;;
São Paulo;Penha;São Paulo;Sé;;;;;
São Paulo;Tucuruvi;São Paulo;Vila Prudente;;;;;
São Paulo;Lapa;Não informado;Não informado;;;;;
São Paulo;Itaquera;São Paulo;Consolação;;;;;
São Paulo;Higienópolis;Não informado;Não informado;;;;;
São Paulo;Campo Limpo;São Paulo;Casa Verde;;;;;
São Paulo;Bela Vista;São Paulo;Tatuapé;;;;;
São Paulo;Ipiranga;Não informado;Não informado;;;;;
São Paulo;Penha;São Paulo;Santo Amaro;;;;;
São Paulo;Santo Amaro;São Paulo;Higienópolis;;;;;
São Paulo;Ipiranga;Não informado;Não informado;;;;;
São Paulo;Santo Amaro;São Paulo;Sé;;;;;
São Paulo;Perdizes;São Paulo;Butantã;;;;;
São Paulo;Ipiranga;São Paulo;Casa Verde;;;;;
São Paulo;Tucuruvi;Não informado;Não informado;;;;;
São Paulo;Vila Prudente;São Paulo;Tatuapé;;;;;
São Paulo;Butantã;São Paulo;Sé;;;;;
São Paulo;República;São Paulo;Bela Vista;;;;;
São Paulo;Tucuruvi;São Paulo;Itaquera;;;;;
São Paulo;Campo Limpo;Não informado;Não informado;;;;;
São Paulo;Campo Limpo;São Paulo;Higienópolis;;;;;
São Paulo;Consolação;Não informado;Não informado;;;;;
São Paulo;Casa Verde;Não informado;Não informado;;;;;
São Paulo;Penha;Não informado;Não informado;;;;;
São Paulo;Sé;Não informado;Não informado;;;;;
São Paulo;República;Não informado;Não informado;;;;;
São Paulo;Consolação;São Paulo;Tatuapé;;;;;
Souza;Lapa;São Paulo;República;;;;;
São Paulo;Campo Limpo;Não informado;Não informado;;;;;
São Paulo;Penha;Não informado;Não informado;;;;;
São Paulo;Sé;São Paulo;Tatuapé;;;;;
São Paulo;Sé;Não informado;Não informado;;;;;
São Paulo;Ipiranga;São Paulo;Higienópolis;;;;;
Ribeirão Pires;Tatuapé;Não informado;Não informado;;;;;
São Paulo;Campo Limpo;Não informado;Não informado;;;;;
São Paulo;Casa Verde;Não informado;Não informado;;;;;
Martins;Penha;Não informado;Não informado;;;;;
São Paulo;Penha;Não informado;Não informado;;;;;
São Paulo;Sé;São Paulo;Tatuapé;;;;;
São Paulo;Sé;São Paulo;Santana;;;;;
São Paulo;Santo Amaro;Não informado;Não informado;;;;;
São Paulo;Sé;São Paulo;Higienópolis;;;;;
São Paulo;Bela Vista;São Paulo;Sé;;;;;
São Paulo;Higienópolis;Não informado;Não informado;;;;;
São Paulo;Pinheiros;São Paulo;Higienópolis;;;;;
São Paulo;Santo Amaro;São Paulo;Itaquera;;;;;
São Paulo;Ipiranga;Não informado;Não informado;;;;;
São Paulo;Santana;São Paulo;Ipiranga;;;;;
São Paulo;Santana;Não informado;Não informado;;;;;
São Paulo;Tatuapé;São Paulo;Higienópolis;;;;;
Castro Alegre;Ipiranga;Não informado;Não informado;;;;;
Souza do Amparo;Tatuapé;Não informado;Não informado;;;;;
São Paulo;Perdizes;Não informado;Não informado;;;;;
São Paulo;Butantã;São Paulo;República;;;;;
São Paulo;Jabaquara;Não informado;Não informado;;;;;
São Paulo;Butantã;São Paulo;Santana;;;;;
Nascimento de Teixeira;Santo Amaro;Não informado;Não informado;;;;;
Diadema;Lapa;São Paulo;Limão;;;;;
São Paulo;Higienópolis;Não informado;Não informado;;;;;
São Paulo;Itaquera;Não informado;Não informado;;;;;
São Paulo;Santo Amaro;Não informado;Não informado;;;;;
São Paulo;Limão;São Paulo;Itaquera;;;;;
São Paulo;Penha;Não informado;Não informado;;;;;
Suzano;Higienópolis;São Paulo;Higienópolis;;;;;
São Paulo;Sé;São Paulo;Higienópolis;;;;;
São Paulo;Itaquera;Não informado;Não informado;;;;;
São Paulo;Limão;Não informado;Não informado;;;;;
São Paulo;República;São Paulo;Vila Prudente;;;;;
São Paulo;Higienópolis;São Paulo;República;;;;;
Barbosa de Farias;Tucuruvi;São Paulo;Consolação;;;;;
São Paulo;Pinheiros;São Paulo;Casa Verde;;;;;
São Paulo;Butantã;São Paulo;Sé;;;;;
São Paulo;Santo Amaro;São Paulo;Bela Vista;;;;;
Moreira de Cavalcanti;Pinheiros;Não informado;Não informado;;;;;
São Paulo;Tucuruvi;Não informado;Não informado;;;;;
Cavalcanti de Porto;Jabaquara;Não informado;Não informado;;;;;
São Paulo;Sé;Não informado;Não informado;;;;;
São Paulo;Jabaquara;São Paulo;Bela Vista;;;;;
São Paulo;Santana;Não informado;Não informado;;;;;
São Paulo;República;São Paulo;Vila Prudente;;;;;
São Paulo;Tatuapé;São Paulo;Casa Verde;;;;;
São Paulo;Ipiranga;Não informado;Não informado;;;;;
Itapevi;República;Não informado;Não informado;;;;;Itapevi
São Paulo;Campo Limpo;Não informado;Não informado;;;;;
São Paulo;Butantã;São Paulo;Tucuruvi;;;;;
São Paulo;Jabaquara;Não informado;Não informado;;;;;
São Paulo;Lapa;São Paulo;Higienópolis;;;;;
São Paulo;Campo Limpo;Não informado;Não informado;;;;;
Nascimento;Jabaquara;São Paulo;Consolação;;;;;
São Paulo;Ipiranga;São Paulo;Tucuruvi;;;;;
São Paulo;República;Não informado;Não informado;;;;;
São Paulo;República;São Paulo;Bela Vista;;;;;
São Paulo;Santana;São Paulo;Santana;;;;;
São Paulo;Casa Verde;São Paulo;Santana;;;;;
São Paulo;Bela Vista;Não informado;Não informado;;;;;
Diadema;Centro;Não informado;Não informado;;;;;
São Paulo;Bela Vista;São Paulo;Vila Prudente;;;;;
São Paulo;Limão;Não informado;Não informado;;;;;
São Paulo;Santo Amaro;Não informado;Não informado;;;;;
São Paulo;Campo Limpo;Não informado;Não informado;;;;;
São Paulo;Butantã;São Paulo;Consolação;;;;;
São Paulo;Bela Vista;São Paulo;Bela Vista;;;;;
São Paulo;Santo Amaro;Não informado;Não informado;;;;;
São Paulo;Bela Vista;Não informado;Não informado;;;;;
São Paulo;Lapa;São Paulo;Tatuapé;;;;;
São Paulo;Butantã;São Paulo;Penha;;;;;
São Paulo;Campo Limpo;São Paulo;Jabaquara;;;;;
São Paulo;Tatuapé;São Paulo;Higienópolis;;;;;
São Paulo;Vila Prudente;São Paulo;Lapa;;;;;
São Paulo;Casa Verde;São Paulo;República;;;;;
São Paulo;Casa Verde;Não informado;Não informado;;;;;
São Paulo;Lapa;Não informado;Não informado;;;;;
São Paulo;Campo Limpo;São Paulo;Santana;;;;;
São Paulo;Bela Vista;Não informado;Não informado;;;;;
São Paulo;Santo Amaro;São Paulo;Tucuruvi;;;;;
São Paulo;Vila Prudente;Não informado;Não informado;;;;;
São Paulo;Casa Verde;São Paulo;Sé;;;;;
São Paulo;Campo Limpo;São Paulo;Bela Vista;;;;;
São Paulo;Tatuapé;Não informado;Não informado;;;;;
São Paulo;Pinheiros;São Paulo;República;;;;;
São Paulo;Bela Vista;São Paulo;Bela Vista;;;;;
São Paulo;Butantã;São Paulo;Bela Vista;;;;;
São Paulo;Casa Verde;São Paulo;Bela Vista;;;;;
São Paulo;República;São Paulo;República;;;;;
São Paulo;Bela Vista;Não informado;Não informado;;;;;
São Paulo;Campo Limpo;São Paulo;Tatuapé;;;;;
São Paulo;Casa Verde;Não informado;Não informado;;;;;
São Paulo;Jabaquara;São Paulo;Jabaquara;;;;;
São Paulo;Penha;São Paulo;Sé;;;;;
São Paulo;Lapa;São Paulo;Itaquera;;;;;
São Paulo;Tatuapé;São Paulo;Bela Vista;;;;;
São Paulo;Casa Verde;Não informado;Não informado;;;;;
São Paulo;Vila Prudente;Não informado;Não informado;;;;;
São Paulo;Sé;São Paulo;República;;;;;
São Paulo;República;São Paulo;República;;;;;
Fernandes do Oeste;Lapa;São Paulo;Sé;;;;;
São Paulo;Jabaquara;Não informado;Não informado;;;;;
São Paulo;Vila Prudente;São Paulo;Higienópolis;;;;;
Lima;Campo Limpo;São Paulo;República;;;;;
São Paulo;Butantã;Não informado;Não informado;;;;;
Diadema;Santana;Não informado;Não informado;;;;;
São Paulo;Limão;São Paulo;Higienópolis;;;;;
Santo André;Pinheiros;São Paulo;Tucuruvi;;;;;
São Paulo;Consolação;São Paulo;Vila Prudente;;;;;
São Paulo;República;São Paulo;Sé;;;;;
São Paulo;Casa Verde;São Paulo;Casa Verde;;;;;
São Paulo;Tatuapé;São Paulo;Limão;;;;;
São Paulo;Consolação;São Paulo;Consolação;;;;;
São Paulo;Sé;Não informado;Não informado;;;;;
São Paulo;Casa Verde;São Paulo;Sé;;;;;
São Paulo;Jabaquara;São Paulo;Tucuruvi;;;;;
São Paulo;Lapa;São Paulo;Sé;;;;;
Correia do Amparo;República;São Paulo;Perdizes;;;;;
São Paulo;Tatuapé;São Paulo;Limão;;;;;
São Paulo;Sé;São Paulo;Bela Vista;;;;;
São Paulo;Jabaquara;Não informado;Não informado;;;;;
São Paulo;Pinheiros;Não informado;Não informado;;;;;
São Paulo;Sé;Não informado;Não informado;;;;;
São Paulo;Santana;Não informado;Não informado;;;;;
São Paulo;Casa Verde;São Paulo;República;;;;;
São Paulo;Santana;São Paulo;Higienópolis;;;;;
São Paulo;Butantã;Não informado;Não informado;;;;;
São Paulo;Butantã;Não informado;Não informado;;;;;
São Paulo;Tatuapé;São Paulo;Sé;;;;;
São Paulo;Ipiranga;São Paulo;Ipiranga;;;;;
São Paulo;Casa Verde;São Paulo;Penha;;;;;
São Paulo;Santana;Não informado;Não informado;;;;;
São Paulo;Jabaquara;São Paulo;Bela Vista;;;;;
Duarte Grande;Sé;Não informado;Não informado;;;;;
São Paulo;Vila Prudente;Não informado;Não informado;;;;;
São Paulo;Casa Verde;São Paulo;República;;;;;
São Paulo;Santana;São Paulo;Limão;;;;;
São Paulo;Jabaquara;São Paulo;Pinheiros;;;;;
São Paulo;Santana;São Paulo;Sé;;;;;
São Paulo;Vila Prudente;São Paulo;Higienópolis;;;;;
São Paulo;Santo Amaro;São Paulo;Itaquera;;;;;
São Paulo;Pinheiros;São Paulo;República;;;;;
São Paulo;Itaquera;São Paulo;Casa Verde;;;;;
São Paulo;Casa Verde;São Paulo;Itaquera;;;;;
São Paulo;Vila Prudente;São Paulo;Santo Amaro;;;;;
São Paulo;Pinheiros;São Paulo;Lapa;;;;;
Diadema;República;São Paulo;Tucuruvi;;;;;
São Paulo;Consolação;São Paulo;Santo Amaro;;;;;
São Paulo;Vila Prudente;São Paulo;Bela Vista;;;;;
São Paulo;Tucuruvi;São Paulo;Sé;;;;;
São Paulo;Santo Amaro;São Paulo;Sé;;;;;
São Paulo;Bela Vista;Não informado;Não informado;;;;;
São Paulo;Lapa;Não informado;Não informado;;;;;
São Paulo;Bela Vista;São Paulo;Bela Vista;;;;;
Fernandes;Penha;Não informado;Não informado;;;;;
São Paulo;Bela Vista;Não informado;Não informado;;;;;
Campos de Minas;Sé;Não informado;Não informado;;;;;
São Paulo;Santo Amaro;São Paulo;Sé;;;;;
São Paulo;Itaquera;Não informado;Não informado;;;;;
São Paulo;Tatuapé;São Paulo;Higienópolis;;;;;
Ribeirão Pires;República;São Paulo;República;;;;;
São Paulo;Pinheiros;São Paulo;Ipiranga;;;;;
São Paulo;Penha;São Paulo;Higienópolis;;;;;
Diadema;Penha;São Paulo;Consolação;;;;;
São Paulo;Santo Amaro;São Paulo;Higienópolis;;;;;
São Paulo;Bela Vista;São Paulo;Butantã;;;;;
São Paulo;Sé;São Paulo;Higienópolis;;;;;
Foga√ßa do Norte;Butantã;São Paulo;Consolação;;;;;
São Paulo;Jabaquara;São Paulo;Casa Verde;;;;;
São Paulo;Tatuapé;Não informado;Não informado;;;;;
São Paulo;Perdizes;Não informado;Não informado;;;;;
São Paulo;Ipiranga;São Paulo;Sé;;;;;
São Paulo;Bela Vista;Não informado;Não informado;;;;;
São Paulo;Penha;São Paulo;Penha;;;;;
Souza de Goi√°s;Consolação;São Paulo;Casa Verde;;;;;
Diadema;Higienópolis;Não informado;Não informado;;;;;
Martins dos Dourados;Santo Amaro;Não informado;Não informado;;;;;
São Paulo;Butantã;São Paulo;Higienópolis;;;;;
São Paulo;Lapa;Não informado;Não informado;;;;;
São Paulo;Campo Limpo;São Paulo;Sé;;;;;
São Paulo;Jabaquara;São Paulo;Consolação;;;;;
São Paulo;Limão;São Paulo;Sé;;;;;
São Paulo;Tatuapé;Não informado;Não informado;;;;;
São Paulo;Itaquera;Não informado;Não informado;;;;;
São Paulo;Tatuapé;São Paulo;Itaquera;;;;;
Ribeirão Pires;Tatuapé;Não informado;Não informado;;;;;
São Paulo;Lapa;São Paulo;Casa Verde;;;;;
São Paulo;Jabaquara;São Paulo;Higienópolis;;;;;
Osasco;Higienópolis;Não informado;Não informado;;;;;
São Paulo;Itaquera;Não informado;Não informado;;;;;
São Paulo;Vila Prudente;Não informado;Não informado;;;;;
São Paulo;Santana;São Paulo;Pinheiros;;;;;
São Paulo;Santo Amaro;Não informado;Não informado;;;;;
São Paulo;Lapa;São Paulo;República;;;;;
São Paulo;Jabaquara;São Paulo;Tucuruvi;;;;;
São Paulo;Lapa;São Paulo;Consolação;;;;;
Suzano;Ipiranga;Não informado;Não informado;;;;;
São Paulo;Ipiranga;São Paulo;Perdizes;;;;;
São Paulo;Perdizes;Não informado;Não informado;;;;;
São Paulo;República;São Paulo;Casa Verde;;;;;
São Paulo;Tatuapé;São Paulo;República;;;;;
São Paulo;Consolação;São Paulo;Tucuruvi;;;;;
São Paulo;Ipiranga;São Paulo;Santo Amaro;;;;;
São Paulo;Consolação;São Paulo;Sé;;;;;
São Paulo;Pinheiros;São Paulo;República;;;;;
São Paulo;Ipiranga;São Paulo;Consolação;;;;;
São Paulo;Vila Prudente;Não informado;Não informado;;;;;
São Paulo;Casa Verde;São Paulo;Tucuruvi;;;;;
São Paulo;Lapa;Não informado;Não informado;;;;;
São Paulo;Ipiranga;São Paulo;Sé;;;;;
São Paulo;Vila Prudente;Não informado;Não informado;;;;;
São Paulo;República;Não informado;Não informado;;;;;
São Paulo;Limão;Não informado;Não informado;;;;;
São Paulo;Sé;São Paulo;Higienópolis;;;;;
São Paulo;Perdizes;São Paulo;Sé;;;;;
São Paulo;Butantã;São Paulo;Higienópolis;;;;;
São Paulo;Sé;São Paulo;República;;;;;
São Paulo;Penha;São Paulo;República;;;;;
São Paulo;Penha;Não informado;Não informado;;;;;
São Paulo;Tatuapé;Não informado;Não informado;;;;;
São Paulo;Tucuruvi;São Paulo;Bela Vista;;;;;
São Paulo;Bela Vista;Não informado;Não informado;;;;;
São Paulo;Penha;São Paulo;Bela Vista;;;;;
São Paulo;Penha;Não informado;Não informado;;;;;
São Paulo;Consolação;São Paulo;Santana;;;;;
São Paulo;Tatuapé;Não informado;Não informado;;;;;
São Paulo;Bela Vista;Não informado;Não informado;;;;;
São Paulo;República;São Paulo;Sé;;;;;
Ribeirão Pires;Bela Vista;Não informado;Não informado;;;;;
Mauá;Santo Amaro;São Paulo;Tatuapé;;;;;
São Paulo;Higienópolis;São Paulo;Tatuapé;;;;;
São Paulo;Jabaquara;São Paulo;Itaquera;;;;;
São Paulo;República;São Paulo;Sé;;;;;
São Paulo;Lapa;São Paulo;Consolação;;;;;
São Paulo;Santana;Não informado;Não informado;;;;;
São Paulo;Consolação;Não informado;Não informado;;;;;
São Paulo;Butantã;São Paulo;Sé;;;;;
São Paulo;Butantã;São Paulo;Higienópolis;;;;;
Nunes;Tucuruvi;São Paulo;Bela Vista;;;;;
São Paulo;Perdizes;São Paulo;Higienópolis;;;;;
São Paulo;Santana;São Paulo;Bela Vista;;;;;
São Paulo;Casa Verde;São Paulo;Higienópolis;;;;;
São Paulo;Lapa;São Paulo;Itaquera;;;;;
São Paulo;Perdizes;São Paulo;República;;;;;
São Paulo;República;Não informado;Não informado;;;;;
São Paulo;Ipiranga;Não informado;Não informado;;;;;
São Paulo;Sé;São Paulo;Penha;;;;;
São Paulo;Perdizes;Não informado;Não informado;;;;;
São Paulo;Tatuapé;Não informado;Não informado;;;;;
São Paulo;Butantã;São Paulo;República;;;;;
São Paulo;República;São Paulo;Jabaquara;;;;;
Diadema;Centro;São Paulo;Casa Verde;;;;;
Freitas;Bela Vista;São Paulo;Tucuruvi;;;;;
São Paulo;Casa Verde;São Paulo;Santana;;;;;
São Paulo;Bela Vista;Não informado;Não informado;;;;;
São Paulo;Limão;Não informado;Não informado;;;;;
São Paulo;Ipiranga;São Paulo;Bela Vista;;;;;
São Paulo;Perdizes;Não informado;Não informado;;;;;
São Paulo;Santana;São Paulo;Tucuruvi;;;;;
São Paulo;Santana;Não informado;Não informado;;;;;
São Paulo;Tucuruvi;São Paulo;Sé;;;;;
São Paulo;Limão;Não informado;Não informado;;;;;
São Paulo;Bela Vista;Não informado;Não informado;;;;;
São Paulo;Bela Vista;Não informado;Não informado;;;;;
São Paulo;Tucuruvi;Não informado;Não informado;;;;;
São Paulo;Consolação;Não informado;Não informado;;;;;
São Paulo;Vila Prudente;Não informado;Não informado;;;;;
São Paulo;Penha;São Paulo;Santo Amaro;;;;;
Diadema;Perdizes;Não informado;Não informado;;;;;
São Paulo;Perdizes;São Paulo;Bela Vista;;;;;
São Paulo;Jabaquara;São Paulo;República;;;;;
São Paulo;República;São Paulo;Consolação;;;;;
São Paulo;Pinheiros;São Paulo;Sé;;;;;
São Paulo;Higienópolis;Não informado;Não informado;;;;;
São Paulo;Casa Verde;Não informado;Não informado;;;;;
São Paulo;Bela Vista;Não informado;Não informado;;;;;
São Paulo;Santana;São Paulo;Consolação;;;;;
Teixeira de Minas;Bela Vista;São Paulo;Bela Vista;;;;;
São Paulo;Penha;Não informado;Não informado;;;;;
Nogueira do Oeste;Perdizes;São Paulo;Consolação;;;;;
São Paulo;Lapa;São Paulo;Bela Vista;;;;;
São Paulo;Bela Vista;São Paulo;Higienópolis;;;;;
São Paulo;Jabaquara;São Paulo;Campo Limpo;;;;;
São Paulo;Pinheiros;Não informado;Não informado;;;;;
São Paulo;Pinheiros;Não informado;Não informado;;;;;
Rocha;Penha;Não informado;Não informado;;;;;
Carvalho;Consolação;São Paulo;Tatuapé;;;;;
São Paulo;Pinheiros;São Paulo;Consolação;;;;;
São Paulo;Santo Amaro;São Paulo;Limão;;;;;
São Paulo;Vila Prudente;Não informado;Não informado;;;;;
São Paulo;Campo Limpo;Não informado;Não informado;;;;;
São Paulo;Pinheiros;São Paulo;Jabaquara;;;;;
São Paulo;Casa Verde;São Paulo;Sé;;;;;
São Paulo;Tatuapé;São Paulo;Tucuruvi;;;;;
São Paulo;Jabaquara;Não informado;Não informado;;;;;
Diadema;Ipiranga;São Paulo;Santana;;;;;
São Paulo;Itaquera;São Paulo;Tucuruvi;;;;;
São Paulo;Pinheiros;São Paulo;Limão;;;;;
São Paulo;Jabaquara;São Paulo;Higienópolis;;;;;
São Paulo;Tatuapé;Não informado;Não informado;;;;;
São Paulo;Jabaquara;Não informado;Não informado;;;;;
São Paulo;Sé;São Paulo;Sé;;;;;
São Paulo;Jabaquara;Não informado;Não informado;;;;;
São Paulo;Casa Verde;São Paulo;Sé;;;;;
São Paulo;Lapa;Não informado;Não informado;;;;;
São Paulo;Higienópolis;São Paulo;Bela Vista;;;;;
São Paulo;Limão;São Paulo;Itaquera;;;;;
São Paulo;Pinheiros;Não informado;Não informado;;;;;
São Paulo;Consolação;São Paulo;Santana;;;;;
São Paulo;Tatuapé;São Paulo;Consolação;;;;;
São Paulo;Campo Limpo;São Paulo;Sé;;;;;
São Paulo;Santana;São Paulo;Sé;;;;;
São Paulo;Consolação;São Paulo;República;;;;;
São Paulo;Sé;São Paulo;Penha;;;;;
Caldeira;Penha;São Paulo;Higienópolis;;;;;
São Paulo;Santana;São Paulo;Limão;;;;;
São Paulo;Vila Prudente;São Paulo;Casa Verde;;;;;
São Paulo;Santo Amaro;Não informado;Não informado;;;;;
Mauá;Campo Limpo;Não informado;Não informado;;;;;
São Paulo;Tatuapé;São Paulo;Consolação;;;;;
São Paulo;Tatuapé;São Paulo;Higienópolis;;;;;
São Paulo;República;São Paulo;Consolação;;;;;
São Paulo;Butantã;São Paulo;Sé;;;;;
São Paulo;Perdizes;São Paulo;Perdizes;;;;;
São Paulo;Santo Amaro;São Paulo;Butantã;;;;;
Nascimento;Casa Verde;Não informado;Não informado;;;;;
São Paulo;Casa Verde;Não informado;Não informado;;;;;
São Paulo;Consolação;Não informado;Não informado;;;;;
São Paulo;Tucuruvi;São Paulo;Bela Vista;;;;;
São Paulo;Bela Vista;Não informado;Não informado;;;;;
Porto;Casa Verde;Não informado;Não informado;;;;;
São Paulo;Limão;Não informado;Não informado;;;;;
São Paulo;Ipiranga;Não informado;Não informado;;;;;
Ribeiro Alegre;Perdizes;São Paulo;Santana;;;;;
São Paulo;Tucuruvi;São Paulo;Sé;;;;;
São Paulo;Perdizes;São Paulo;Higienópolis;;;;;
São Paulo;Campo Limpo;Não informado;Não informado;;;;;
São Paulo;Bela Vista;São Paulo;Higienópolis;;;;;
São Paulo;Santo Amaro;São Paulo;Sé;;;;;
São Paulo;Perdizes;São Paulo;Limão;;;;;
São Paulo;Perdizes;São Paulo;Higienópolis;;;;;
Ribeirão Pires;Bela Vista;São Paulo;Higienópolis;;;;;
São Paulo;República;São Paulo;Santo Amaro;;;;;
São Paulo;Ipiranga;Não informado;Não informado;;;;;
São Paulo;Casa Verde;Não informado;Não informado;;;;;
São Paulo;Limão;Não informado;Não informado;;;;;
Mauá;Lapa;Não informado;Não informado;;;;;
São Paulo;Santana;São Paulo;Butantã;;;;;
São Paulo;Perdizes;São Paulo;Ipiranga;;;;;
São Paulo;Consolação;São Paulo;Higienópolis;;;;;
São Paulo;Itaquera;São Paulo;Consolação;;;;;
São Paulo;Tatuapé;Não informado;Não informado;;;;;
São Paulo;Butantã;São Paulo;República;;;;;
São Paulo;Vila Prudente;São Paulo;Bela Vista;;;;;
Barros;Casa Verde;Não informado;Não informado;;;;;
São Paulo;Jabaquara;Não informado;Não informado;;;;;
São Paulo;Ipiranga;São Paulo;Consolação;;;;;
São Caetano;Jabaquara;São Paulo;Bela Vista;;;;;
São Paulo;Pinheiros;Não informado;Não informado;;;;;
São Paulo;Itaquera;Não informado;Não informado;;;;;
São Paulo;Casa Verde;Não informado;Não informado;;;;;
São Paulo;Limão;Não informado;Não informado;;;;;
São Paulo;Santo Amaro;Não informado;Não informado;;;;;
São Paulo;Itaquera;São Paulo;Bela Vista;;;;;
São Paulo;Tucuruvi;São Paulo;Tatuapé;;;;;
São Paulo;Bela Vista;São Paulo;Vila Prudente;;;;;
São Paulo;Consolação;São Paulo;Lapa;;;;;
São Paulo;Pinheiros;Não informado;Não informado;;;;;
São Paulo;Perdizes;São Paulo;Bela Vista;;;;;
São Paulo;Tucuruvi;São Paulo;Tucuruvi;;;;;
São Paulo;República;São Paulo;Sé;;;;;
São Paulo;Penha;São Paulo;Limão;;;;;
São Paulo;Itaquera;São Paulo;Bela Vista;;;;;
São Paulo;Butantã;Não informado;Não informado;;;;;
São Paulo;Consolação;São Paulo;Consolação;;;;;
São Paulo;Penha;São Paulo;Itaquera;;;;;
São Paulo;Bela Vista;São Paulo;Casa Verde;;;;;
São Paulo;Itaquera;Não informado;Não informado;;;;;
São Paulo;Consolação;São Paulo;Bela Vista;;;;;
São Paulo;Itaquera;São Paulo;Higienópolis;;;;;
São Paulo;Santo Amaro;São Paulo;Limão;;;;;
São Paulo;Campo Limpo;Não informado;Não informado;;;;;
São Paulo;Tatuapé;São Paulo;Bela Vista;;;;;
São Paulo;Higienópolis;Não informado;Não informado;;;;;
São Paulo;Sé;Não informado;Não informado;;;;;
São Paulo;Pinheiros;Não informado;Não informado;;;;;
São Paulo;Santo Amaro;Não informado;Não informado;;;;;
São Paulo;Santana;Não informado;Não informado;;;;;
Rio Grande da Serra;Tatuapé;São Paulo;Pinheiros;;;;;
Nunes de Ferreira;Sé;Não informado;Não informado;;;;;
São Paulo;Tucuruvi;Não informado;Não informado;;;;;
São Paulo;Santana;Não informado;Não informado;;;;;
São Paulo;Campo Limpo;São Paulo;Casa Verde;;;;;
São Paulo;Butantã;São Paulo;Santana;;;;;
Martins do Amparo;Casa Verde;São Paulo;Tatuapé;;;;;
São Paulo;República;São Paulo;Vila Prudente;;;;;
São Paulo;Higienópolis;São Paulo;Santo Amaro;;;;;
São Paulo;Jabaquara;Não informado;Não informado;;;;;
São Paulo;Tatuapé;Não informado;Não informado;;;;;
Silveira;Santana;São Paulo;Tatuapé;;;;;
São Paulo;República;Não informado;Não informado;;;;;
São Paulo;Ipiranga;São Paulo;Bela Vista;;;;;
São Paulo;Vila Prudente;São Paulo;Sé;;;;;
São Paulo;Penha;São Paulo;Sé;;;;;
Diadema;República;São Paulo;Santo Amaro;;;;;
São Paulo;Limão;São Paulo;Campo Limpo;;;;;
São Paulo;Limão;São Paulo;Tucuruvi;;;;;
São Paulo;Tucuruvi;São Paulo;Bela Vista;;;;;
São Paulo;Higienópolis;São Paulo;Sé;;;;;
São Paulo;República;Não informado;Não informado;;;;;
São Paulo;República;Não informado;Não informado;;;;;
São Paulo;Itaquera;São Paulo;Lapa;;;;;
São Paulo;Pinheiros;São Paulo;Penha;;;;;
São Paulo;Sé;São Paulo;Sé;;;;;
São Paulo;Ipiranga;São Paulo;Vila Prudente;;;;;
São Paulo;Penha;Não informado;Não informado;;;;;
São Paulo;Santana;Não informado;Não informado;;;;;
São Paulo;República;São Paulo;Bela Vista;;;;;
São Paulo;Campo Limpo;São Paulo;Bela Vista;;;;;
São Paulo;Casa Verde;São Paulo;Bela Vista;;;;;
São Paulo;Ipiranga;Não informado;Não informado;;;;;
São Paulo;Limão;São Paulo;Bela Vista;;;;;
São Paulo;Perdizes;Não informado;Não informado;;;;;
São Paulo;Penha;São Paulo;República;;;;;
São Paulo;Jabaquara;Não informado;Não informado;;;;;
São Paulo;Pinheiros;Não informado;Não informado;;;;;
São Paulo;Ipiranga;São Paulo;Vila Prudente;;;;;
São Paulo;Penha;Não informado;Não informado;;;;;
São Paulo;Santana;São Paulo;Limão;;;;;
São Paulo;Santana;São Paulo;Ipiranga;;;;;
São Paulo;Limão;São Paulo;República;;;;;
São Paulo;Perdizes;São Paulo;Jabaquara;;;;;
São Paulo;Penha;Não informado;Não informado;;;;;
São Paulo;Tucuruvi;São Paulo;Itaquera;;;;;
São Paulo;Tatuapé;São Paulo;Higienópolis;;;;;
São Paulo;Santo Amaro;São Paulo;Limão;;;;;
São Paulo;Sé;Não informado;Não informado;;;;;
Diadema;Lapa;São Paulo;República;;;;;
São Paulo;Limão;São Paulo;Santana;;;;;
São Paulo;Jabaquara;São Paulo;Consolação;;;;;
Itapevi;Tatuapé;Não informado;Não informado;;;;;
São Paulo;Sé;São Paulo;Butantã;;;;;
São Paulo;Santana;Não informado;Não informado;;;;;
São Paulo;Perdizes;Não informado;Não informado;;;;;
Diadema;Penha;São Paulo;Sé;;;;;
Rodrigues;Lapa;Não informado;Não informado;;;;;
São Paulo;Sé;São Paulo;Consolação;;;;;
São Paulo;Perdizes;Não informado;Não informado;;;;;
São Paulo;Consolação;São Paulo;Tucuruvi;;;;;
São Paulo;Limão;São Paulo;Limão;;;;;
São Paulo;Limão;São Paulo;Sé;;;;;
São Paulo;Vila Prudente;São Paulo;Itaquera;;;;;
São Paulo;Vila Prudente;São Paulo;Higienópolis;;;;;
São Paulo;Campo Limpo;Não informado;Não informado;;;;;
São Paulo;Campo Limpo;São Paulo;Itaquera;;;;;
São Paulo;Casa Verde;Não informado;Não informado;;;;;
São Paulo;Ipiranga;São Paulo;Higienópolis;;;;;
São Paulo;Vila Prudente;São Paulo;Vila Prudente;;;;;
São Paulo;Higienópolis;São Paulo;República;;;;;
São Paulo;Perdizes;São Paulo;Consolação;;;;;
São Paulo;Santana;São Paulo;Higienópolis;;;;;
São Paulo;Pinheiros;São Paulo;Consolação;;;;;
Mauá;Ipiranga;São Paulo;Bela Vista;;;;;
São Paulo;Consolação;São Paulo;Bela Vista;;;;;
São Paulo;República;São Paulo;Limão;;;;;
São Paulo;República;São Paulo;Sé;;;;;
São Paulo;Casa Verde;São Paulo;Bela Vista;;;;;
São Paulo;Tucuruvi;São Paulo;Pinheiros;;;;;
São Paulo;Higienópolis;São Paulo;Higienópolis;;;;;
São Paulo;Perdizes;Não informado;Não informado;;;;;
São Paulo;Santana;São Paulo;Vila Prudente;;;;;
São Paulo;Penha;São Paulo;Sé;;;;;
São Paulo;Perdizes;Não informado;Não informado;;;;;
São Paulo;Lapa;São Paulo;Casa Verde;;;;;
São Paulo;Consolação;São Paulo;Pinheiros;;;;;
São Paulo;Casa Verde;São Paulo;Sé;;;;;
São Paulo;Tucuruvi;São Paulo;Tatuapé;;;;;
São Paulo;Sé;Não informado;Não informado;;;;;
São Paulo;Butantã;Não informado;Não informado;;;;;
São Paulo;Butantã;São Paulo;Higienópolis;;;;;
São Paulo;Lapa;Não informado;Não informado;;;;;
São Paulo;Santo Amaro;Não informado;Não informado;;;;;
São Paulo;Itaquera;São Paulo;Tatuapé;;;;;
São Paulo;Sé;São Paulo;Consolação;;;;;
São Paulo;Vila Prudente;São Paulo;Vila Prudente;;;;;
São Paulo;Jabaquara;São Paulo;Consolação;;;;;
São Paulo;Jabaquara;Não informado;Não informado;;;;;
São Paulo;Tatuapé;São Paulo;Santo Amaro;;;;;
São Paulo;Limão;Não informado;Não informado;;;;;
Fernandes Paulista;Campo Limpo;São Paulo;Casa Verde;;;;;
São Paulo;Itaquera;São Paulo;República;;;;;
Monteiro;Santana;São Paulo;Bela Vista;;;;;
São Paulo;Tatuapé;São Paulo;Bela Vista;;;;;
São Paulo;Butantã;São Paulo;Ipiranga;;;;;
São Paulo;Campo Limpo;Não informado;Não informado;;;;;
São Paulo;Higienópolis;Não informado;Não informado;;;;;
São Paulo;Bela Vista;São Paulo;Higienópolis;;;;;
São Paulo;Itaquera;São Paulo;Perdizes;;;;;
São Paulo;Tatuapé;São Paulo;Santana;;;;;
São Paulo;Lapa;São Paulo;Itaquera;;;;;
São Paulo;Campo Limpo;São Paulo;Itaquera;;;;;
São Paulo;Jabaquara;São Paulo;República;;;;;
São Paulo;Tatuapé;São Paulo;Consolação;;;;;
São Paulo;Consolação;São Paulo;Consolação;;;;;
São Paulo;Ipiranga;Não informado;Não informado;;;;;
São Paulo;Sé;Não informado;Não informado;;;;;
São Paulo;Higienópolis;São Paulo;Sé;;;;;
São Paulo;Butantã;São Paulo;Tucuruvi;;;;;
São Paulo;Limão;Não informado;Não informado;;;;;
São Paulo;Higienópolis;Não informado;Não informado;;;;;
São Paulo;Limão;São Paulo;Higienópolis;;;;;
São Paulo;Sé;São Paulo;Vila Prudente;;;;;
São Paulo;República;São Paulo;República;;;;;
Santos;Higienópolis;São Paulo;República;;;;;
São Paulo;Campo Limpo;São Paulo;Perdizes;;;;;
São Paulo;Penha;São Paulo;Higienópolis;;;;;
São Paulo;Itaquera;Não informado;Não informado;;;;;
São Paulo;Casa Verde;Não informado;Não informado;;;;;
São Paulo;Bela Vista;Não informado;Não informado;;;;;
São Paulo;Santana;São Paulo;Tucuruvi;;;;;
São Paulo;Higienópolis;São Paulo;Santana;;;;;
São Paulo;Lapa;Não informado;Não informado;;;;;
São Paulo;Pinheiros;Não informado;Não informado;;;;;
São Paulo;República;São Paulo;Butantã;;;;;
São Paulo;Penha;São Paulo;Penha;;;;;
São Paulo;Santana;São Paulo;Tucuruvi;;;;;
São Paulo;Pinheiros;Não informado;Não informado;;;;;
São Paulo;Lapa;São Paulo;Jabaquara;;;;;
São Paulo;Ipiranga;Não informado;Não informado;;;;;
São Paulo;Lapa;Não informado;Não informado;;;;;
São Paulo;Limão;São Paulo;Tucuruvi;;;;;
São Paulo;Santana;São Paulo;Santana;;;;;
São Paulo;Santana;São Paulo;Bela Vista;;;;;
São Paulo;Penha;Não informado;Não informado;;;;;
São Paulo;Santo Amaro;São Paulo;Limão;;;;;
São Paulo;Limão;São Paulo;Consolação;;;;;
São Paulo;Lapa;Não informado;Não informado;;;;;
São Paulo;Itaquera;São Paulo;Higienópolis;;;;;
São Paulo;Santana;Não informado;Não informado;;;;;
São Paulo;Ipiranga;Não informado;Não informado;;;;;
São Paulo;Santo Amaro;São Paulo;Consolação;;;;;
São Paulo;Sé;Não informado;Não informado;;;;;
São Paulo;Santo Amaro;Não informado;Não informado;;;;;
São Paulo;República;São Paulo;Sé;;;;;
São Paulo;Casa Verde;Não informado;Não informado;;;;;
São Paulo;Bela Vista;São Paulo;Bela Vista;;;;;
São Paulo;Tucuruvi;São Paulo;Casa Verde;;;;;
São Paulo;Perdizes;Não informado;Não informado;;;;;
São Paulo;Ipiranga;Não informado;Não informado;;;;;
São Paulo;Limão;São Paulo;Consolação;;;;;
São Paulo;Pinheiros;São Paulo;Limão;;;;;
São Paulo;Ipiranga;São Paulo;Consolação;;;;;
São Paulo;Consolação;São Paulo;Lapa;;;;;
São Paulo;Itaquera;São Paulo;Bela Vista;;;;;
São Paulo;Butantã;São Paulo;Higienópolis;;;;;
São Paulo;Lapa;São Paulo;República;;;;;
Fernandes de Goi√°s;Ipiranga;Não informado;Não informado;;;;;
São Paulo;Lapa;São Paulo;Consolação;;;;;
São Paulo;Higienópolis;Não informado;Não informado;;;;;
São Paulo;Penha;São Paulo;Limão;;;;;
São Paulo;Santo Amaro;Não informado;Não informado;;;;;
São Paulo;Itaquera;São Paulo;Sé;;;;;
Novaes de Goi√°s;Jabaquara;Não informado;Não informado;;;;;
São Paulo;Lapa;Não informado;Não informado;;;;;
São Paulo;Perdizes;São Paulo;República;;;;;
São Paulo;Bela Vista;São Paulo;Butantã;;;;;
São Paulo;Jabaquara;São Paulo;Jabaquara;;;;;
São Paulo;Santo Amaro;Não informado;Não informado;;;;;
São Paulo;Bela Vista;São Paulo;Casa Verde;;;;;
São Paulo;Bela Vista;São Paulo;Ipiranga;;;;;
São Paulo;Higienópolis;São Paulo;Tucuruvi;;;;;
São Paulo;Higienópolis;Não informado;Não informado;;;;;
São Paulo;Campo Limpo;Não informado;Não informado;;;;;
São Paulo;Ipiranga;São Paulo;República;;;;;
Nascimento;Penha;Não informado;Não informado;;;;;
São Paulo;Santo Amaro;São Paulo;Campo Limpo;;;;;
São Paulo;República;São Paulo;Consolação;;;;;
São Paulo;Tatuapé;São Paulo;Santo Amaro;;;;;
São Paulo;Santana;Não informado;Não informado;;;;;
São Paulo;Lapa;Não informado;Não informado;;;;;
São Paulo;Jabaquara;São Paulo;Tatuapé;;;;;
São Paulo;Higienópolis;São Paulo;Higienópolis;;;;;
São Paulo;Sé;São Paulo;Tatuapé;;;;;
São Paulo;Tatuapé;Não informado;Não informado;;;;;
Ribeirão Pires;Perdizes;Não informado;Não informado;;;;;
São Paulo;Pinheiros;Não informado;Não informado;;;;;
São Paulo;Lapa;Não informado;Não informado;;;;;
São Paulo;Santana;São Paulo;Sé;;;;;
São Paulo;República;São Paulo;Itaquera;;;;;
São Paulo;Santana;São Paulo;Bela Vista;;;;;
São Paulo;Lapa;Não informado;Não informado;;;;;
Diadema;Centro;Não informado;Não informado;;;;;
São Paulo;República;Não informado;Não informado;;;;;
São Paulo;Consolação;Não informado;Não informado;;;;;
São Paulo;Vila Prudente;Não informado;Não informado;;;;;
São Paulo;Campo Limpo;São Paulo;Lapa;;;;;
Diadema;Tucuruvi;São Paulo;Bela Vista;;;;;
São Paulo;Santana;São Paulo;Bela Vista;;;;;
São Paulo;Vila Prudente;São Paulo;Higienópolis;;;;;
São Paulo;Butantã;São Paulo;Consolação;;;;;
São Paulo;Consolação;São Paulo;Vila Prudente;;;;;
São Paulo;Bela Vista;São Paulo;Sé;;;;;
São Paulo;Limão;Não informado;Não informado;;;;;
São Paulo;Casa Verde;Não informado;Não informado;;;;;
São Paulo;Pinheiros;Não informado;Não informado;;;;;
São Paulo;Perdizes;São Paulo;Tucuruvi;;;;;
São Paulo;Consolação;Não informado;Não informado;;;;;
São Paulo;Santo Amaro;Não informado;Não informado;;;;;
São Paulo;Itaquera;São Paulo;Bela Vista;;;;;
São Paulo;Sé;Não informado;Não informado;;;;;
São Paulo;Jabaquara;São Paulo;Sé;;;;;
São Paulo;Penha;São Paulo;Sé;;;;;
São Paulo;Itaquera;São Paulo;Sé;;;;;
São Paulo;Higienópolis;São Paulo;Bela Vista;;;;;
São Paulo;Jabaquara;São Paulo;Limão;;;;;
Diadema;Santana;São Paulo;Consolação;;;;;
São Paulo;Butantã;Não informado;Não informado;;;;;
São Paulo;Perdizes;São Paulo;Tucuruvi;;;;;
São Paulo;Campo Limpo;Não informado;Não informado;;;;;
São Paulo;Casa Verde;Não informado;Não informado;;;;;
São Paulo;Butantã;Não informado;Não informado;;;;;
São Paulo;Santana;Não informado;Não informado;;;;;
São Paulo;Tucuruvi;São Paulo;Bela Vista;;;;;
São Paulo;Santana;São Paulo;República;;;;;
São Paulo;República;São Paulo;República;;;;;
São Paulo;Butantã;São Paulo;Sé;;;;;
São Paulo;Butantã;Não informado;Não informado;;;;;
Itapevi;Santana;São Paulo;Tucuruvi;;;;;
São Paulo;República;São Paulo;Butantã;;;;;
São Paulo;Bela Vista;Não informado;Não informado;;;;;
São Paulo;Campo Limpo;São Paulo;Higienópolis;;;;;
São Paulo;Tucuruvi;São Paulo;Bela Vista;;;;;
São Paulo;Sé;São Paulo;Sé;;;;;
São Paulo;Consolação;São Paulo;Bela Vista;;;;;
São Paulo;Bela Vista;Não informado;Não informado;;;;;
São Paulo;Lapa;São Paulo;Bela Vista;;;;;
São Paulo;Penha;Não informado;Não informado;;;;;
São Paulo;Consolação;São Paulo;Tatuapé;;;;;
São Paulo;Butantã;Não informado;Não informado;;;;;
São Paulo;Sé;São Paulo;Higienópolis;;;;;
São Paulo;Limão;São Paulo;Sé;;;;;
São Paulo;Casa Verde;São Paulo;Bela Vista;;;;;
São Paulo;Bela Vista;Não informado;Não informado;;;;;
São Paulo;Perdizes;Não informado;Não informado;;;;;
São Paulo;Itaquera;São Paulo;Casa Verde;;;;;
São Paulo;Tucuruvi;Não informado;Não informado;;;;;
Diadema;Limão;Não informado;Não informado;;;;;
São Paulo;Bela Vista;São Paulo;Santana;;;;;
São Paulo;Jabaquara;Não informado;Não informado;;;;;
São Paulo;Consolação;São Paulo;Sé;;;;;
São Paulo;Sé;São Paulo;Limão;;;;;
São Paulo;Bela Vista;São Paulo;Tucuruvi;;;;;
São Paulo;Higienópolis;São Paulo;Sé;;;;;
São Paulo;Penha;Não informado;Não informado;;;;;
São Paulo;Vila Prudente;Não informado;Não informado;;;;;
São Paulo;Campo Limpo;Não informado;Não informado;;;;;
São Paulo;Santana;São Paulo;Higienópolis;;;;;
São Paulo;Ipiranga;São Paulo;Limão;;;;;
São Paulo;Butantã;São Paulo;Limão;;;;;
São Paulo;Butantã;São Paulo;Vila Prudente;;;;;
Barbosa Alegre;Perdizes;São Paulo;Sé;;;;;
São Paulo;Penha;São Paulo;Bela Vista;;;;;
São Paulo;Pinheiros;São Paulo;Tatuapé;;;;;
São Paulo;Vila Prudente;Não informado;Não informado;;;;;
São Paulo;Campo Limpo;São Paulo;República;;;;;
São Paulo;Campo Limpo;São Paulo;Vila Prudente;;;;;
São Paulo;Vila Prudente;São Paulo;Tucuruvi;;;;;
São Paulo;República;São Paulo;Bela Vista;;;;;
São Paulo;Vila Prudente;São Paulo;Sé;;;;;
São Paulo;Perdizes;São Paulo;Consolação;;;;;
São Paulo;Bela Vista;São Paulo;Santana;;;;;
Diadema;Perdizes;São Paulo;Limão;;;;;
São Paulo;Perdizes;São Paulo;República;;;;;
São Paulo;Consolação;Não informado;Não informado;;;;;
São Paulo;Santana;São Paulo;Higienópolis;;;;;
São Paulo;Consolação;São Paulo;Tucuruvi;;;;;
São Paulo;Perdizes;Não informado;Não informado;;;;;
São Paulo;Butantã;São Paulo;Bela Vista;;;;;
São Paulo;Santo Amaro;Não informado;Não informado;;;;;
São Paulo;Sé;Não informado;Não informado;;;;;
São Paulo;Jabaquara;Não informado;Não informado;;;;;
São Paulo;Itaquera;Não informado;Não informado;;;;;
São Paulo;Perdizes;Não informado;Não informado;;;;;
São Paulo;Pinheiros;Não informado;Não informado;;;;;
São Paulo;Penha;São Paulo;Bela Vista;;;;;
São Paulo;Sé;São Paulo;Consolação;;;;;
São Paulo;República;São Paulo;Tucuruvi;;;;;
São Paulo;República;Não informado;Não informado;;;;;
São Paulo;Itaquera;Não informado;Não informado;;;;;
São Paulo;Vila Prudente;São Paulo;Penha;;;;;
São Paulo;Itaquera;São Paulo;Higienópolis;;;;;
São Paulo;Butantã;Não informado;Não informado;;;;;
Ferreira do Norte;Casa Verde;São Paulo;Butantã;;;;;
São Paulo;Santo Amaro;São Paulo;República;;;;;
São Paulo;Pinheiros;Não informado;Não informado;;;;;
Ribeirão Pires;Lapa;São Paulo;Campo Limpo;;;;;
São Paulo;Jabaquara;São Paulo;Perdizes;;;;;
São Paulo;Casa Verde;São Paulo;Consolação;;;;;
São Paulo;Limão;São Paulo;Consolação;;;;;
São Paulo;Ipiranga;São Paulo;Santana;;;;;
São Paulo;Pinheiros;São Paulo;Sé;;;;;
São Paulo;Ipiranga;Não informado;Não informado;;;;;
São Paulo;Casa Verde;São Paulo;Sé;;;;;
São Paulo;Limão;Não informado;Não informado;;;;;
Rezende do Galho;Consolação;Não informado;Não informado;;;;;
São Paulo;Ipiranga;São Paulo;Santana;;;;;
São Paulo;Sé;São Paulo;Consolação;;;;;
Pereira;Limão;Não informado;Não informado;;;;;
São Paulo;Higienópolis;São Paulo;Consolação;;;;;
São Paulo;Penha;São Paulo;Consolação;;;;;
São Paulo;Consolação;Não informado;Não informado;;;;;
São Paulo;Tucuruvi;Não informado;Não informado;;;;;
São Paulo;Butantã;São Paulo;Vila Prudente;;;;;
São Paulo;República;São Paulo;Higienópolis;;;;;
São Paulo;Higienópolis;São Paulo;Bela Vista;;;;;
São Paulo;Limão;Não informado;Não informado;;;;;
São Paulo;Bela Vista;Não informado;Não informado;;;;;
São Paulo;Tatuapé;Não informado;Não informado;;;;;
São Paulo;Lapa;Não informado;Não informado;;;;;
São Paulo;Ipiranga;Não informado;Não informado;;;;;
São Paulo;Perdizes;São Paulo;Campo Limpo;;;;;
São Paulo;Tatuapé;São Paulo;Bela Vista;;;;;
São Paulo;Limão;São Paulo;Santana;;;;;
São Paulo;Lapa;Não informado;Não informado;;;;;
Barbosa;Penha;São Paulo;Penha;;;;;
São Paulo;Bela Vista;São Paulo;República;;;;;
São Paulo;Perdizes;São Paulo;Tucuruvi;;;;;
São Paulo;Vila Prudente;Não informado;Não informado;;;;;
São Paulo;Perdizes;Não informado;Não informado;;;;;
São Paulo;Sé;Não informado;Não informado;;;;;
São Paulo;Penha;São Paulo;Tucuruvi;;;;;
São Paulo;Bela Vista;São Paulo;Santana;;;;;
São Paulo;Sé;São Paulo;Sé;;;;;
São Paulo;Jabaquara;Não informado;Não informado;;;;;
São Paulo;Limão;São Paulo;Limão;;;;;
São Paulo;Itaquera;Não informado;Não informado;;;;;
São Paulo;Tucuruvi;Não informado;Não informado;;;;;
Santo André;Tucuruvi;São Paulo;Sé;;;;;
Lopes Verde;Butantã;São Paulo;Vila Prudente;;;;;
São Paulo;Santana;São Paulo;República;;;;;
Ribeirão Pires;Bela Vista;São Paulo;Consolação;;;;;
São Paulo;Butantã;Não informado;Não informado;;;;;
São Paulo;Sé;Não informado;Não informado;;;;;
São Paulo;Penha;Não informado;Não informado;;;;;
São Paulo;Santana;São Paulo;Penha;;;;;
Melo Paulista;Consolação;São Paulo;Bela Vista;;;;;
Santo André;Tucuruvi;São Paulo;Casa Verde;;;;;
São Paulo;Tatuapé;São Paulo;Consolação;;;;;
São Paulo;Higienópolis;Não informado;Não informado;;;;;
São Paulo;Pinheiros;São Paulo;Consolação;;;;;
São Paulo;Tucuruvi;Não informado;Não informado;;;;;
São Paulo;Vila Prudente;São Paulo;Vila Prudente;;;;;
São Paulo;Tucuruvi;Não informado;Não informado;;;;;
São Paulo;Butantã;Não informado;Não informado;;;;;
São Paulo;República;São Paulo;Bela Vista;;;;;
São Paulo;Vila Prudente;São Paulo;Sé;;;;;
São Paulo;Santo Amaro;São Paulo;Higienópolis;;;;;
São Paulo;Pinheiros;Não informado;Não informado;;;;;
São Paulo;Pinheiros;São Paulo;Sé;;;;;
Diadema;Pinheiros;Não informado;Não informado;;;;;
São Paulo;Higienópolis;Não informado;Não informado;;;;;
São Paulo;Sé;Não informado;Não informado;;;;;
São Paulo;República;Não informado;Não informado;;;;;
São Paulo;Sé;São Paulo;Consolação;;;;;
São Paulo;Penha;São Paulo;Vila Prudente;;;;;
São Paulo;Bela Vista;São Paulo;Vila Prudente;;;;;
São Paulo;Tucuruvi;São Paulo;Limão;;;;;
Rodrigues de Santos;República;Não informado;Não informado;;;;;
São Paulo;Vila Prudente;São Paulo;Casa Verde;;;;;
São Paulo;Casa Verde;São Paulo;República;;;;;
São Paulo;Sé;Não informado;Não informado;;;;;
São Paulo;República;Não informado;Não informado;;;;;
São Paulo;Higienópolis;São Paulo;Jabaquara;;;;;
São Paulo;República;São Paulo;Higienópolis;;;;;
Duarte do Oeste;Pinheiros;Não informado;Não informado;;;;;
São Paulo;Santana;São Paulo;Consolação;;;;;
São Paulo;Vila Prudente;São Paulo;Bela Vista;;;;;
São Paulo;Santo Amaro;São Paulo;Sé;;;;;
São Paulo;Bela Vista;São Paulo;Bela Vista;;;;;
São Paulo;Butantã;Não informado;Não informado;;;;;
São Paulo;Higienópolis;Não informado;Não informado;;;;;
São Paulo;Limão;São Paulo;Higienópolis;;;;;
São Paulo;Butantã;São Paulo;Vila Prudente;;;;;
São Paulo;Perdizes;São Paulo;Bela Vista;;;;;
São Paulo;Itaquera;Não informado;Não informado;;;;;
Correia;Limão;São Paulo;Ipiranga;;;;;
Santo André;República;São Paulo;Vila Prudente;;;;;
São Paulo;Pinheiros;São Paulo;Sé;;;;;
Novaes;Bela Vista;São Paulo;Bela Vista;;;;;
São Paulo;Itaquera;Não informado;Não informado;;;;;
São Paulo;República;São Paulo;Tucuruvi;;;;;
São Paulo;Higienópolis;São Paulo;Jabaquara;;;;;
São Paulo;Itaquera;São Paulo;Bela Vista;;;;;
São Paulo;Vila Prudente;São Paulo;Itaquera;;;;;
São Paulo;Butantã;São Paulo;Penha;;;;;
Rocha;Santo Amaro;Não informado;Não informado;;;;;
São Paulo;Itaquera;São Paulo;Sé;;;;;
São Paulo;Butantã;São Paulo;Campo Limpo;;;;;
Itapevi;Casa Verde;São Paulo;Lapa;;;;;
São Paulo;Perdizes;Não informado;Não informado;;;;;
São Paulo;Itaquera;São Paulo;Consolação;;;;;
São Paulo;Pinheiros;São Paulo;Tucuruvi;;;;;
São Paulo;Limão;São Paulo;Consolação;;;;;
São Paulo;Ipiranga;Não informado;Não informado;;;;;
São Paulo;Butantã;São Paulo;Santana;;;;;
São Paulo;Jabaquara;São Paulo;Sé;;;;;
São Paulo;Santana;São Paulo;Tucuruvi;;;;;
São Paulo;Lapa;São Paulo;Bela Vista;;;;;
São Paulo;Bela Vista;São Paulo;Perdizes;;;;;
São Paulo;Santana;São Paulo;Bela Vista;;;;;
São Paulo;Penha;São Paulo;Sé;;;;;
Fernandes Alegre;Consolação;São Paulo;Tucuruvi;;;;;
São Paulo;Limão;Não informado;Não informado;;;;;
São Paulo;Tatuapé;São Paulo;Higienópolis;;;;;
São Paulo;Sé;Não informado;Não informado;;;;;
São Paulo;Perdizes;São Paulo;Santana;;;;;
São Paulo;Santana;São Paulo;Limão;;;;;
São Paulo;Ipiranga;São Paulo;República;;;;;
São Paulo;Perdizes;Não informado;Não informado;;;;;
São Paulo;Campo Limpo;São Paulo;Bela Vista;;;;;
São Paulo;Tucuruvi;Não informado;Não informado;;;;;
São Paulo;Itaquera;São Paulo;República;;;;;
São Paulo;Perdizes;São Paulo;Santana;;;;;
São Paulo;Santo Amaro;São Paulo;República;;;;;
São Paulo;Santana;São Paulo;República;;;;;
São Paulo;Pinheiros;São Paulo;Sé;;;;;
São Paulo;Itaquera;São Paulo;Tucuruvi;;;;;
São Paulo;Itaquera;Não informado;Não informado;;;;;
São Paulo;Perdizes;São Paulo;Higienópolis;;;;;
São Paulo;Penha;São Paulo;Higienópolis;;;;;
São Paulo;Sé;São Paulo;Bela Vista;;;;;
São Paulo;Pinheiros;Não informado;Não informado;;;;;
São Paulo;Consolação;Não informado;Não informado;;;;;
São Paulo;Tatuapé;São Paulo;República;;;;;
São Paulo;Sé;São Paulo;Casa Verde;;;;;
São Paulo;Santo Amaro;Não informado;Não informado;;;;;
São Paulo;Itaquera;São Paulo;Pinheiros;;;;;
São Paulo;Limão;São Paulo;Santana;;;;;
São Paulo;Vila Prudente;São Paulo;Santana;;;;;
São Paulo;Penha;Não informado;Não informado;;;;;
Diadema;Ipiranga;Não informado;Não informado;;;;;
São Paulo;Santo Amaro;São Paulo;República;;;;;
São Paulo;Higienópolis;Não informado;Não informado;;;;;
São Paulo;Bela Vista;Não informado;Não informado;;;;;
São Paulo;Butantã;São Paulo;Consolação;;;;;
São Paulo;Campo Limpo;Não informado;Não informado;;;;;
São Paulo;Tucuruvi;São Paulo;Casa Verde;;;;;
São Paulo;Casa Verde;Não informado;Não informado;;;;;
São Paulo;Vila Prudente;Não informado;Não informado;;;;;
São Paulo;Bela Vista;São Paulo;Sé;;;;;
São Paulo;Campo Limpo;São Paulo;Sé;;;;;
São Paulo;Limão;Não informado;Não informado;;;;;
São Paulo;Bela Vista;São Paulo;Tucuruvi;;;;;
São Paulo;Santo Amaro;Não informado;Não informado;;;;;
São Paulo;Santo Amaro;Não informado;Não informado;;;;;
São Paulo;Pinheiros;São Paulo;Consolação;;;;;
São Paulo;Bela Vista;Não informado;Não informado;;;;;
São Paulo;Tucuruvi;São Paulo;Higienópolis;;;;;
São Paulo;Campo Limpo;Não informado;Não informado;;;;;
São Paulo;Butantã;Não informado;Não informado;;;;;
São Paulo;Santo Amaro;São Paulo;Casa Verde;;;;;
São Paulo;Pinheiros;São Paulo;Tucuruvi;;;;;
Nunes;Consolação;Não informado;Não informado;;;;;
São Paulo;Itaquera;São Paulo;Tucuruvi;;;;;
São Paulo;Vila Prudente;São Paulo;Sé;;;;;
São Paulo;Santo Amaro;Não informado;Não informado;;;;;
São Paulo;Limão;São Paulo;Bela Vista;;;;;
Ribeirão Pires;Perdizes;Não informado;Não informado;;;;;
São Paulo;Tatuapé;São Paulo;Itaquera;;;;;
São Paulo;Lapa;São Paulo;Bela Vista;;;;;
São Paulo;Limão;Não informado;Não informado;;;;;
São Paulo;Pinheiros;São Paulo;Bela Vista;;;;;
São Paulo;Perdizes;São Paulo;Bela Vista;;;;;
São Paulo;República;São Paulo;Casa Verde;;;;;
São Paulo;Pinheiros;São Paulo;Limão;;;;;
São Paulo;Pinheiros;São Paulo;Higienópolis;;;;;
São Paulo;Sé;Não informado;Não informado;;;;;
Diadema;Campo Limpo;São Paulo;Higienópolis;;;;;
São Paulo;Penha;Não informado;Não informado;;;;;
São Paulo;Penha;Não informado;Não informado;;;;;
Diadema;Centro;Não informado;Não informado;;;;;
São Paulo;Lapa;Não informado;Não informado;;;;;
São Paulo;Pinheiros;Não informado;Não informado;;;;;
São Paulo;Sé;São Paulo;Higienópolis;;;;;
São Paulo;Itaquera;Não informado;Não informado;;;;;
São Paulo;Perdizes;São Paulo;Santana;;;;;
Diadema;Tatuapé;São Paulo;Higienópolis;;;;;
São Paulo;Lapa;Não informado;Não informado;;;;;
São Paulo;Butantã;Não informado;Não informado;;;;;
Diadema;Vila Prudente;São Paulo;Sé;;;;;
São Paulo;Campo Limpo;São Paulo;Consolação;;;;;
São Paulo;Butantã;Não informado;Não informado;;;;;
São Paulo;Butantã;São Paulo;Consolação;;;;;
São Paulo;Limão;São Paulo;Vila Prudente;;;;;
São Paulo;Santana;São Paulo;Pinheiros;;;;;
São Paulo;Consolação;São Paulo;Sé;;;;;
São Paulo;Pinheiros;São Paulo;Bela Vista;;;;;
São Paulo;Ipiranga;São Paulo;Santana;;;;;
São Paulo;Butantã;Não informado;Não informado;;;;;
Ribeirão Pires;Itaquera;Não informado;Não informado;;;;;
São Paulo;Butantã;São Paulo;Bela Vista;;;;;
São Paulo;Tatuapé;São Paulo;Casa Verde;;;;;
Diadema;Jabaquara;Não informado;Não informado;;;;;
São Paulo;República;São Paulo;Santana;;;;;
São Paulo;Perdizes;Não informado;Não informado;;;;;
São Paulo;Campo Limpo;São Paulo;República;;;;;
São Paulo;Tucuruvi;São Paulo;Sé;;;;;
São Paulo;Bela Vista;Não informado;Não informado;;;;;
São Paulo;Pinheiros;Não informado;Não informado;;;;;
Diadema;Tatuapé;São Paulo;República;;;;;
São Paulo;Consolação;Não informado;Não informado;;;;;
São Paulo;Perdizes;São Paulo;Consolação;;;;;
São Paulo;Ipiranga;Não informado;Não informado;;;;;
São Paulo;Santo Amaro;São Paulo;Vila Prudente;;;;;
São Paulo;Sé;Não informado;Não informado;;;;;
São Paulo;Bela Vista;São Paulo;Sé;;;;;
São Paulo;Itaquera;São Paulo;Tucuruvi;;;;;
São Paulo;Butantã;São Paulo;Tucuruvi;;;;;
São Paulo;Pinheiros;Não informado;Não informado;;;;;
São Paulo;Santana;Não informado;Não informado;;;;;
São Paulo;Bela Vista;São Paulo;República;;;;;
São Paulo;Jabaquara;Não informado;Não informado;;;;;
São Paulo;Penha;Não informado;Não informado;;;;;
São Paulo;Tatuapé;São Paulo;Consolação;;;;;
São Paulo;Tatuapé;São Paulo;Casa Verde;;;;;
São Paulo;República;Não informado;Não informado;;;;;
São Paulo;Higienópolis;São Paulo;Butantã;;;;;
São Paulo;Ipiranga;Não informado;Não informado;;;;;
São Paulo;Itaquera;Não informado;Não informado;;;;;
São Paulo;Limão;São Paulo;Penha;;;;;
São Paulo;Consolação;Não informado;Não informado;;;;;
São Paulo;Bela Vista;Não informado;Não informado;;;;;
São Paulo;Lapa;Não informado;Não informado;;;;;
São Paulo;Tatuapé;Não informado;Não informado;;;;;
São Paulo;Santana;São Paulo;Higienópolis;;;;;
São Paulo;Penha;Não informado;Não informado;;;;;
São Paulo;Butantã;São Paulo;Consolação;;;;;
São Paulo;Penha;Não informado;Não informado;;;;;
São Paulo;Itaquera;Não informado;Não informado;;;;;
Diadema;Centro;Não informado;Não informado;;;;;
São Paulo;Itaquera;Não informado;Não informado;;;;;
São Paulo;Higienópolis;Não informado;Não informado;;;;;
São Paulo;República;São Paulo;Consolação;;;;;
São Paulo;Campo Limpo;São Paulo;Pinheiros;;;;;
São Paulo;Limão;São Paulo;Ipiranga;;;;;
São Paulo;Limão;São Paulo;Limão;;;;;
São Paulo;Bela Vista;Não informado;Não informado;;;;;
São Paulo;Perdizes;São Paulo;Higienópolis;;;;;
São Paulo;Vila Prudente;São Paulo;Higienópolis;;;;;
São Paulo;Itaquera;Não informado;Não informado;;;;;
São Paulo;Casa Verde;São Paulo;Tucuruvi;;;;;
São Paulo;Santana;São Paulo;Bela Vista;;;;;
São Paulo;Tatuapé;Não informado;Não informado;;;;;
São Paulo;Tucuruvi;Não informado;Não informado;;;;;
São Paulo;Bela Vista;Não informado;Não informado;;;;;
São Paulo;Jabaquara;São Paulo;República;;;;;
São Paulo;Itaquera;São Paulo;Pinheiros;;;;;
Ribeirão Pires;Santana;São Paulo;Bela Vista;;;;;
Castro;Santana;São Paulo;Limão;;;;;
São Paulo;República;São Paulo;Limão;;;;;
São Paulo;Jabaquara;São Paulo;Sé;;;;;
São Paulo;Vila Prudente;São Paulo;República;;;;;
São Paulo;Santo Amaro;Não informado;Não informado;;;;;
São Paulo;Lapa;Não informado;Não informado;;;;;
São Paulo;Casa Verde;São Paulo;Vila Prudente;;;;;
São Paulo;República;Não informado;Não informado;;;;;
São Paulo;Ipiranga;São Paulo;Jabaquara;;;;;
São Paulo;Tucuruvi;Não informado;Não informado;;;;;
São Paulo;Penha;São Paulo;Consolação;;;;;
São Paulo;República;São Paulo;Sé;;;;;
São Paulo;Tatuapé;Não informado;Não informado;;;;;
São Paulo;República;São Paulo;Sé;;;;;
São Paulo;Itaquera;São Paulo;Sé;;;;;
São Paulo;Lapa;São Paulo;Bela Vista;;;;;
São Paulo;Higienópolis;Não informado;Não informado;;;;;
São Paulo;Butantã;Não informado;Não informado;;;;;
São Paulo;República;Não informado;Não informado;;;;;
São Paulo;Santana;São Paulo;Consolação;;;;;
São Paulo;Butantã;São Paulo;Consolação;;;;;
São Paulo;Jabaquara;Não informado;Não informado;;;;;
São Paulo;Consolação;Não informado;Não informado;;;;;
São Paulo;República;Não informado;Não informado;;;;;
São Paulo;Ipiranga;Não informado;Não informado;;;;;
São Paulo;República;Não informado;Não informado;;;;;
São Paulo;Jabaquara;São Paulo;Sé;;;;;
São Paulo;Limão;São Paulo;Consolação;;;;;
São Paulo;Sé;Não informado;Não informado;;;;;
São Paulo;Higienópolis;São Paulo;Tatuapé;;;;;
São Paulo;Tatuapé;São Paulo;Bela Vista;;;;;
São Paulo;Sé;Não informado;Não informado;;;;;
São Paulo;Sé;São Paulo;Sé;;;;;
São Paulo;República;Não informado;Não informado;;;;;
São Paulo;Santo Amaro;São Paulo;Perdizes;;;;;
São Paulo;Higienópolis;Não informado;Não informado;;;;;
Carvalho;Bela Vista;São Paulo;Tatuapé;;;;;
São Paulo;Pinheiros;São Paulo;Consolação;;;;;
São Paulo;Penha;São Paulo;Sé;;;;;
São Paulo;Tatuapé;Não informado;Não informado;;;;;
São Paulo;República;São Paulo;Limão;;;;;
São Paulo;Higienópolis;Não informado;Não informado;;;;;
São Paulo;Tucuruvi;São Paulo;Higienópolis;;;;;
São Paulo;Santo Amaro;Não informado;Não informado;;;;;
São Paulo;República;Não informado;Não informado;;;;;
São Paulo;Perdizes;Não informado;Não informado;;;;;
São Paulo;Perdizes;São Paulo;Bela Vista;;;;;
São Paulo;Jabaquara;São Paulo;Sé;;;;;
São Paulo;Perdizes;Não informado;Não informado;;;;;
São Paulo;Consolação;São Paulo;Tatuapé;;;;;
São Paulo;Santana;São Paulo;Bela Vista;;;;;
São Paulo;Limão;São Paulo;Tucuruvi;;;;;
São Paulo;Santana;Não informado;Não informado;;;;;
São Paulo;Bela Vista;São Paulo;Bela Vista;;;;;
São Paulo;Santana;Não informado;Não informado;;;;;
São Paulo;Santana;São Paulo;República;;;;;
São Paulo;Casa Verde;Não informado;Não informado;;;;;
São Paulo;Butantã;São Paulo;Higienópolis;;;;;
São Paulo;Santo Amaro;Não informado;Não informado;;;;;
São Paulo;Jabaquara;São Paulo;Consolação;;;;;
São Paulo;Limão;Não informado;Não informado;;;;;
São Paulo;Vila Prudente;Não informado;Não informado;;;;;
São Paulo;Campo Limpo;São Paulo;República;;;;;
São Paulo;Ipiranga;Não informado;Não informado;;;;;
São Paulo;Tatuapé;Não informado;Não informado;;;;;
São Paulo;Penha;São Paulo;República;;;;;
São Paulo;Higienópolis;São Paulo;Bela Vista;;;;;
São Paulo;Vila Prudente;Não informado;Não informado;;;;;
São Paulo;Butantã;São Paulo;Vila Prudente;;;;;
São Paulo;Bela Vista;Não informado;Não informado;;;;;
São Paulo;Campo Limpo;São Paulo;Casa Verde;;;;;
São Paulo;Vila Prudente;São Paulo;Tucuruvi;;;;;
São Paulo;Consolação;São Paulo;Consolação;;;;;
São Paulo;Campo Limpo;Não informado;Não informado;;;;;
São Paulo;Itaquera;São Paulo;Butantã;;;;;
São Paulo;Butantã;Não informado;Não informado;;;;;
São Paulo;Ipiranga;Não informado;Não informado;;;;;
São Paulo;Pinheiros;Não informado;Não informado;;;;;
São Paulo;Vila Prudente;São Paulo;Casa Verde;;;;;
São Paulo;Jabaquara;São Paulo;Limão;;;;;
São Paulo;Tatuapé;São Paulo;República;;;;;
São Paulo;Sé;Não informado;Não informado;;;;;
São Paulo;Perdizes;São Paulo;Bela Vista;;;;;
São Paulo;Santana;São Paulo;Santana;;;;;
São Paulo;Higienópolis;São Paulo;Sé;;;;;
São Paulo;Vila Prudente;Não informado;Não informado;;;;;
São Paulo;Ipiranga;Não informado;Não informado;;;;;
São Paulo;Tucuruvi;São Paulo;Tatuapé;;;;;
São Paulo;Vila Prudente;Não informado;Não informado;;;;;
São Paulo;Lapa;Não informado;Não informado;;;;;
São Paulo;Perdizes;São Paulo;Consolação;;;;;
São Paulo;Jabaquara;São Paulo;Tucuruvi;;;;;
São Paulo;Santo Amaro;São Paulo;República;;;;;
São Paulo;Santo Amaro;Não informado;Não informado;;;;;
São Paulo;Ipiranga;São Paulo;Sé;;;;;
Diadema;Centro;São Paulo;Bela Vista;;;;;
São Paulo;Butantã;Não informado;Não informado;;;;;
São Paulo;Vila Prudente;Não informado;Não informado;;;;;
São Paulo;Itaquera;Não informado;Não informado;;;;;
São Paulo;Santana;Não informado;Não informado;;;;;
São Paulo;República;Não informado;Não informado;;;;;
São Paulo;Consolação;São Paulo;Consolação;;;;;
São Paulo;Bela Vista;São Paulo;Higienópolis;;;;;
São Paulo;Jabaquara;São Paulo;Bela Vista;;;;;
São Paulo;Ipiranga;Não informado;Não informado;;;;;
São Paulo;Sé;São Paulo;Ipiranga;;;;;
São Paulo;República;São Paulo;Pinheiros;;;;;
São Paulo;Jabaquara;São Paulo;Campo Limpo;;;;;
São Paulo;Santana;São Paulo;Sé;;;;;
São Paulo;Jabaquara;Não informado;Não informado;;;;;
São Paulo;Bela Vista;Não informado;Não informado;;;;;
São Paulo;Campo Limpo;Não informado;Não informado;;;;;
São Paulo;Ipiranga;Não informado;Não informado;;;;;
São Paulo;Tucuruvi;São Paulo;Consolação;;;;;
São Paulo;Tucuruvi;Não informado;Não informado;;;;;
São Paulo;Lapa;São Paulo;Higienópolis;;;;;
São Paulo;Pinheiros;Não informado;Não informado;;;;;
São Paulo;Sé;São Paulo;Bela Vista;;;;;
São Paulo;Consolação;São Paulo;Higienópolis;;;;;
São Paulo;Bela Vista;São Paulo;Higienópolis;;;;;
São Paulo;Ipiranga;São Paulo;Consolação;;;;;
São Paulo;Lapa;São Paulo;Bela Vista;;;;;
São Paulo;Vila Prudente;São Paulo;Higienópolis;;;;;
São Paulo;Santana;São Paulo;Consolação;;;;;
São Paulo;Consolação;São Paulo;Campo Limpo;;;;;
São Paulo;Consolação;São Paulo;República;;;;;
São Paulo;Campo Limpo;São Paulo;Higienópolis;;;;;
São Paulo;Limão;Não informado;Não informado;;;;;
São Paulo;Pinheiros;São Paulo;Tucuruvi;;;;;
São Paulo;Santana;Não informado;Não informado;;;;;
São Paulo;República;Não informado;Não informado;;;;;
São Paulo;Tucuruvi;São Paulo;Limão;;;;;
São Paulo;Consolação;São Paulo;Bela Vista;;;;;
São Paulo;Vila Prudente;São Paulo;Santana;;;;;
Cavalcanti de Minas;Higienópolis;Não informado;Não informado;;;;;
Cunha de Moreira;Tatuapé;São Paulo;Perdizes;;;;;
São Paulo;Casa Verde;Não informado;Não informado;;;;;
São Paulo;Perdizes;São Paulo;República;;;;;
São Paulo;Vila Prudente;São Paulo;Limão;;;;;
São Paulo;Vila Prudente;São Paulo;Higienópolis;;;;;
São Paulo;Bela Vista;São Paulo;Limão;;;;;
São Paulo;Tucuruvi;Não informado;Não informado;;;;;
São Paulo;Sé;Não informado;Não informado;;;;;
São Paulo;Santo Amaro;São Paulo;Perdizes;;;;;
São Paulo;Santo Amaro;Não informado;Não informado;;;;;
São Paulo;Penha;São Paulo;Sé;;;;;
São Paulo;Pinheiros;São Paulo;Limão;;;;;
São Paulo;Higienópolis;São Paulo;Jabaquara;;;;;
São Paulo;Pinheiros;Não informado;Não informado;;;;;
São Paulo;Penha;Não informado;Não informado;;;;;
São Paulo;Sé;São Paulo;Casa Verde;;;;;
São Paulo;Tatuapé;Não informado;Não informado;;;;;
São Paulo;Vila Prudente;São Paulo;Bela Vista;;;;;
São Paulo;Bela Vista;São Paulo;Penha;;;;;
São Paulo;Higienópolis;São Paulo;Limão;;;;;
Barros;Lapa;São Paulo;Tucuruvi;;;;;
São Paulo;Penha;Não informado;Não informado;;;;;
São Paulo;Bela Vista;São Paulo;República;;;;;
Costela;Bela Vista;São Paulo;República;;;;;
São Paulo;Lapa;São Paulo;Higienópolis;;;;;
São Paulo;Ipiranga;São Paulo;Consolação;;;;;
São Paulo;Perdizes;Não informado;Não informado;;;;;
São Paulo;Santana;São Paulo;Higienópolis;;;;;
São Paulo;Sé;Não informado;Não informado;;;;;
São Paulo;Tatuapé;Não informado;Não informado;;;;;
Diadema;Perdizes;São Paulo;Casa Verde;;;;;
São Paulo;República;São Paulo;Limão;;;;;
São Paulo;Jabaquara;São Paulo;Higienópolis;;;;;
São Paulo;Campo Limpo;Não informado;Não informado;;;;;
São Paulo;Campo Limpo;São Paulo;República;;;;;
Diadema;Pinheiros;São Paulo;Bela Vista;;;;;
São Paulo;Limão;Não informado;Não informado;;;;;
São Paulo;Sé;São Paulo;Consolação;;;;;
São Paulo;Jabaquara;Não informado;Não informado;;;;;
São Paulo;Consolação;São Paulo;República;;;;;
São Paulo;Bela Vista;Não informado;Não informado;;;;;
São Paulo;Higienópolis;Não informado;Não informado;;;;;
São Paulo;Santo Amaro;Não informado;Não informado;;;;;
São Paulo;Santana;São Paulo;Tatuapé;;;;;
São Paulo;Santo Amaro;São Paulo;Tucuruvi;;;;;
São Paulo;Jabaquara;Não informado;Não informado;;;;;
São Paulo;Pinheiros;São Paulo;Higienópolis;;;;;
São Paulo;Tatuapé;São Paulo;Consolação;;;;;
São Paulo;Limão;São Paulo;República;;;;;
São Paulo;Campo Limpo;São Paulo;Perdizes;;;;;
São Paulo;Bela Vista;Não informado;Não informado;;;;;
São Paulo;Limão;São Paulo;Sé;;;;;
São Paulo;Sé;São Paulo;Bela Vista;;;;;
São Paulo;Higienópolis;Não informado;Não informado;;;;;
São Paulo;Butantã;Não informado;Não informado;;;;;
São Paulo;Jabaquara;São Paulo;Sé;;;;;
São Paulo;Santo Amaro;Não informado;Não informado;;;;;
São Paulo;Higienópolis;São Paulo;Consolação;;;;;
São Paulo;Sé;São Paulo;Bela Vista;;;;;
São Paulo;Butantã;Não informado;Não informado;;;;;
São Paulo;Consolação;Não informado;Não informado;;;;;
Diadema;Lapa;São Paulo;Itaquera;;;;;
São Paulo;Santo Amaro;Não informado;Não informado;;;;;
São Paulo;Santo Amaro;São Paulo;Higienópolis;;;;;
São Paulo;Pinheiros;São Paulo;Pinheiros;;;;;
São Paulo;Santana;São Paulo;Bela Vista;;;;;
São Paulo;Sé;São Paulo;Consolação;;;;;
São Paulo;Tatuapé;São Paulo;Perdizes;;;;;
São Paulo;Ipiranga;São Paulo;Vila Prudente;;;;;
São Paulo;Santo Amaro;Não informado;Não informado;;;;;
São Paulo;Sé;Não informado;Não informado;;;;;
São Paulo;Lapa;São Paulo;Higienópolis;;;;;
São Paulo;Vila Prudente;Não informado;Não informado;;;;;
São Paulo;Butantã;Não informado;Não informado;;;;;
São Paulo;Penha;São Paulo;Sé;;;;;
São Paulo;Lapa;São Paulo;Consolação;;;;;
São Paulo;Pinheiros;São Paulo;Lapa;;;;;
São Paulo;Tucuruvi;São Paulo;Vila Prudente;;;;;
Foga√ßa do Amparo;Penha;São Paulo;Tucuruvi;;;;;
São Paulo;Ipiranga;Não informado;Não informado;;;;;
São Paulo;Campo Limpo;São Paulo;Bela Vista;;;;;
São Paulo;Pinheiros;São Paulo;Bela Vista;;;;;
São Paulo;Limão;São Paulo;Consolação;;;;;
Diadema;Centro;São Paulo;Casa Verde;;;;;
Osasco;Casa Verde;Não informado;Não informado;;;;;
São Paulo;Butantã;Não informado;Não informado;;;;;
São Paulo;Santo Amaro;Não informado;Não informado;;;;;
São Paulo;Vila Prudente;Não informado;Não informado;;;;;
Diadema;Butantã;São Paulo;Bela Vista;;;;;
São Paulo;Lapa;Não informado;Não informado;;;;;
São Paulo;Sé;Não informado;Não informado;;;;;
São Paulo;Tucuruvi;Não informado;Não informado;;;;;
São Paulo;Tucuruvi;São Paulo;Bela Vista;;;;;
São Paulo;Campo Limpo;Não informado;Não informado;;;;;
São Paulo;República;São Paulo;República;;;;;
São Paulo;Pinheiros;Não informado;Não informado;;;;;
São Paulo;Sé;São Paulo;Itaquera;;;;;
São Paulo;Campo Limpo;São Paulo;Consolação;;;;;
São Paulo;Tatuapé;São Paulo;Casa Verde;;;;;
Santo André;Santo Amaro;São Paulo;Casa Verde;;;;;
São Paulo;Lapa;Não informado;Não informado;;;;;
São Paulo;Bela Vista;São Paulo;Lapa;;;;;
São Paulo;República;São Paulo;Bela Vista;;;;;
São Paulo;Santana;Não informado;Não informado;;;;;
Santos;Consolação;São Paulo;Higienópolis;;;;;
São Paulo;Perdizes;Não informado;Não informado;;;;;
São Paulo;Penha;Não informado;Não informado;;;;;
São Paulo;Lapa;Não informado;Não informado;;;;;
Mauá;Bela Vista;Não informado;Não informado;;;;;
São Paulo;Tucuruvi;São Paulo;Casa Verde;;;;;
São Paulo;Perdizes;São Paulo;Higienópolis;;;;;
São Paulo;Jabaquara;São Paulo;Santana;;;;;
São Paulo;Perdizes;Não informado;Não informado;;;;;
São Paulo;Lapa;Não informado;Não informado;;;;;
São Paulo;República;Não informado;Não informado;;;;;
São Paulo;Tucuruvi;Não informado;Não informado;;;;;
São Paulo;Pinheiros;São Paulo;Sé;;;;;
São Paulo;Penha;Não informado;Não informado;;;;;
São Paulo;República;Não informado;Não informado;;;;;
São Paulo;Casa Verde;São Paulo;Tucuruvi;;;;;
São Paulo;Vila Prudente;São Paulo;Sé;;;;;
São Paulo;República;Não informado;Não informado;;;;;
São Paulo;Higienópolis;São Paulo;Butantã;;;;;
São Paulo;Jabaquara;São Paulo;Sé;;;;;
São Paulo;Jabaquara;Não informado;Não informado;;;;;
São Paulo;Tucuruvi;Não informado;Não informado;;;;;
São Paulo;República;Não informado;Não informado;;;;;
São Paulo;Pinheiros;Não informado;Não informado;;;;;
São Paulo;República;Não informado;Não informado;;;;;
São Paulo;Higienópolis;São Paulo;Consolação;;;;;
São Caetano;Casa Verde;São Paulo;Tucuruvi;;;;;
São Paulo;Tatuapé;Não informado;Não informado;;;;;
Diadema;Sé;São Paulo;Penha;;;;;
São Paulo;Ipiranga;São Paulo;Consolação;;;;;
São Paulo;Lapa;Não informado;Não informado;;;;;
São Paulo;Santana;São Paulo;Itaquera;;;;;
São Paulo;Tatuapé;São Paulo;Higienópolis;;;;;
São Paulo;Pinheiros;Não informado;Não informado;;;;;
São Paulo;Butantã;São Paulo;Santana;;;;;
São Paulo;Perdizes;São Paulo;Sé;;;;;
São Paulo;Itaquera;São Paulo;Sé;;;;;
São Paulo;Lapa;Não informado;Não informado;;;;;
São Paulo;Jabaquara;Não informado;Não informado;;;;;
Rio Grande da Serra;Santana;São Paulo;República;;;;;
São Paulo;República;São Paulo;Bela Vista;;;;;
São Paulo;Vila Prudente;São Paulo;Vila Prudente;;;;;
São Paulo;Jabaquara;São Paulo;Vila Prudente;;;;;
São Paulo;Tucuruvi;Não informado;Não informado;;;;;
São Paulo;Tucuruvi;São Paulo;Limão;;;;;
São Paulo;Pinheiros;Não informado;Não informado;;;;;
São Paulo;Itaquera;Não informado;Não informado;;;;;
Diadema;Butantã;Não informado;Não informado;;;;;
São Paulo;Ipiranga;São Paulo;Itaquera;;;;;
São Paulo;Jabaquara;Não informado;Não informado;;;;;
São Paulo;Sé;São Paulo;Limão;;;;;
São Paulo;Santana;São Paulo;Sé;;;;;
São Paulo;Vila Prudente;Não informado;Não informado;;;;;
Suzano;Bela Vista;Não informado;Não informado;;;;;
Ribeirão Pires;Vila Prudente;Não informado;Não informado;;;;;
São Paulo;Consolação;Não informado;Não informado;;;;;
São Paulo;Pinheiros;São Paulo;Bela Vista;;;;;
São Paulo;Casa Verde;Não informado;Não informado;;;;;
São Paulo;Tucuruvi;Não informado;Não informado;;;;;
São Paulo;Santana;Não informado;Não informado;;;;;
São Paulo;Tatuapé;Não informado;Não informado;;;;;
São Paulo;Penha;São Paulo;República;;;;;
São Paulo;Casa Verde;São Paulo;Consolação;;;;;
São Paulo;Santana;São Paulo;Bela Vista;;;;;
São Paulo;Penha;São Paulo;Campo Limpo;;;;;
São Paulo;Jabaquara;São Paulo;Higienópolis;;;;;
São Paulo;Perdizes;Não informado;Não informado;;;;;
São Paulo;Campo Limpo;São Paulo;Lapa;;;;;
São Paulo;Pinheiros;São Paulo;Bela Vista;;;;;
São Paulo;República;São Paulo;Limão;;;;;
São Paulo;Tatuapé;São Paulo;Tucuruvi;;;;;
São Paulo;Santo Amaro;Não informado;Não informado;;;;;
Caldeira;Tatuapé;São Paulo;Casa Verde;;;;;
São Paulo;Lapa;São Paulo;Higienópolis;;;;;
São Paulo;Penha;Não informado;Não informado;;;;;
São Paulo;Bela Vista;São Paulo;República;;;;;
São Paulo;Pinheiros;São Paulo;Sé;;;;;
São Paulo;Sé;Não informado;Não informado;;;;;
São Paulo;Casa Verde;Não informado;Não informado;;;;;
São Paulo;Limão;São Paulo;Higienópolis;;;;;
São Paulo;Sé;São Paulo;Bela Vista;;;;;
São Paulo;República;Não informado;Não informado;;;;;
Diadema;Tatuapé;São Paulo;Santana;;;;;
São Paulo;Penha;São Paulo;Bela Vista;;;;;
São Paulo;Jabaquara;São Paulo;Higienópolis;;;;;
São Paulo;Pinheiros;São Paulo;Penha;;;;;
São Paulo;Consolação;Não informado;Não informado;;;;;
São Paulo;Penha;São Paulo;Higienópolis;;;;;
São Paulo;Perdizes;Não informado;Não informado;;;;;
São Paulo;Itaquera;São Paulo;Butantã;;;;;
São Paulo;Itaquera;São Paulo;República;;;;;
São Paulo;Consolação;São Paulo;Perdizes;;;;;
São Paulo;Pinheiros;Não informado;Não informado;;;;;
São Paulo;Consolação;São Paulo;Santo Amaro;;;;;
São Paulo;Butantã;São Paulo;Sé;;;;;
São Paulo;Perdizes;São Paulo;Limão;;;;;
São Paulo;Lapa;São Paulo;Bela Vista;;;;;
São Paulo;Limão;São Paulo;Limão;;;;;
São Paulo;Ipiranga;São Paulo;Sé;;;;;
São Paulo;Lapa;Não informado;Não informado;;;;;
São Paulo;Itaquera;São Paulo;Bela Vista;;;;;
São Paulo;Penha;São Paulo;Higienópolis;;;;;
São Paulo;Tatuapé;São Paulo;Tatuapé;;;;;
São Paulo;Butantã;Não informado;Não informado;;;;;
São Paulo;Itaquera;São Paulo;Ipiranga;;;;;
São Paulo;Penha;Não informado;Não informado;;;;;
São Paulo;Santana;Não informado;Não informado;;;;;
São Paulo;Limão;Não informado;Não informado;;;;;
São Paulo;Bela Vista;São Paulo;Sé;;;;;
São Paulo;Sé;São Paulo;Sé;;;;;
São Paulo;Vila Prudente;São Paulo;Tatuapé;;;;;
São Paulo;Butantã;São Paulo;Tatuapé;;;;;
São Paulo;Santana;São Paulo;Limão;;;;;
São Paulo;Pinheiros;São Paulo;Higienópolis;;;;;
Souza;Sé;Não informado;Não informado;;;;;
São Paulo;Tatuapé;São Paulo;Higienópolis;;;;;
São Paulo;Casa Verde;Não informado;Não informado;;;;;
São Paulo;Bela Vista;São Paulo;Higienópolis;;;;;
São Paulo;Vila Prudente;São Paulo;Penha;;;;;
São Paulo;Sé;São Paulo;Itaquera;;;;;
São Paulo;Higienópolis;Não informado;Não informado;;;;;
São Paulo;Consolação;Não informado;Não informado;;;;;
São Paulo;Perdizes;São Paulo;Sé;;;;;
Diadema;Lapa;Não informado;Não informado;;;;;
São Paulo;Casa Verde;Não informado;Não informado;;;;;
São Paulo;Santo Amaro;São Paulo;Bela Vista;;;;;
São Paulo;Vila Prudente;São Paulo;República;;;;;
São Paulo;Perdizes;Não informado;Não informado;;;;;
São Paulo;Pinheiros;Não informado;Não informado;;;;;
São Paulo;República;Não informado;Não informado;;;;;
São Paulo;Perdizes;São Paulo;Consolação;;;;;
São Paulo;Santo Amaro;São Paulo;Casa Verde;;;;;
São Paulo;Santo Amaro;São Paulo;Jabaquara;;;;;
São Paulo;República;São Paulo;Jabaquara;;;;;
São Paulo;Vila Prudente;São Paulo;Santana;;;;;
São Paulo;Tucuruvi;São Paulo;Tatuapé;;;;;
São Paulo;Campo Limpo;São Paulo;Bela Vista;;;;;
São Paulo;Consolação;Não informado;Não informado;;;;;
São Paulo;Limão;Não informado;Não informado;;;;;
São Paulo;Santo Amaro;Não informado;Não informado;;;;;
São Paulo;Limão;São Paulo;Pinheiros;;;;;
São Paulo;Pinheiros;São Paulo;Bela Vista;;;;;
São Paulo;Sé;Não informado;Não informado;;;;;
São Paulo;Ipiranga;São Paulo;Sé;;;;;
São Paulo;Vila Prudente;São Paulo;Consolação;;;;;
São Paulo;Limão;São Paulo;Higienópolis;;;;;
São Paulo;Pinheiros;Não informado;Não informado;;;;;
São Paulo;Higienópolis;São Paulo;Itaquera;;;;;
São Paulo;Santo Amaro;Não informado;Não informado;;;;;
São Paulo;Limão;São Paulo;República;;;;;
São Paulo;Santo Amaro;Não informado;Não informado;;;;;
São Paulo;Butantã;Não informado;Não informado;;;;;
Diadema;Penha;São Paulo;Butantã;;;;;
São Paulo;Santana;São Paulo;República;;;;;
São Paulo;Ipiranga;Não informado;Não informado;;;;;
São Paulo;Santana;São Paulo;República;;;;;
São Paulo;Ipiranga;São Paulo;Penha;;;;;
São Paulo;Consolação;São Paulo;Limão;;;;;
São Paulo;Tatuapé;São Paulo;Consolação;;;;;
São Paulo;Perdizes;Não informado;Não informado;;;;;
São Paulo;Ipiranga;Não informado;Não informado;;;;;
São Paulo;Penha;São Paulo;Higienópolis;;;;;
São Paulo;Jabaquara;São Paulo;Bela Vista;;;;;
São Paulo;Perdizes;São Paulo;Consolação;;;;;
Pereira de Minas;Higienópolis;Não informado;Não informado;;;;;
São Paulo;Perdizes;São Paulo;Consolação;;;;;
São Paulo;Campo Limpo;São Paulo;República;;;;;
Ribeiro;Santana;São Paulo;Consolação;;;;;
Suzano;Santo Amaro;São Paulo;República;;;;;
São Paulo;Consolação;Não informado;Não informado;;;;;
São Paulo;Sé;São Paulo;Tucuruvi;;;;;
São Paulo;Butantã;São Paulo;Limão;;;;;
São Paulo;Sé;São Paulo;Sé;;;;;
São Paulo;Higienópolis;Não informado;Não informado;;;;;
São Paulo;Butantã;Não informado;Não informado;;;;;
São Paulo;Tatuapé;São Paulo;Sé;;;;;
São Paulo;Vila Prudente;São Paulo;Tucuruvi;;;;;
São Paulo;Vila Prudente;Não informado;Não informado;;;;;
São Paulo;Lapa;São Paulo;Higienópolis;;;;;
São Paulo;Lapa;São Paulo;Bela Vista;;;;;
São Paulo;Jabaquara;São Paulo;Sé;;;;;
São Paulo;Tucuruvi;Não informado;Não informado;;;;;
São Paulo;Higienópolis;São Paulo;Santana;;;;;
São Paulo;Pinheiros;São Paulo;Casa Verde;;;;;
São Paulo;Tatuapé;São Paulo;Higienópolis;;;;;
Osasco;Perdizes;São Paulo;Higienópolis;;;;;
São Paulo;Santo Amaro;São Paulo;Campo Limpo;;;;;
São Paulo;Limão;São Paulo;Perdizes;;;;;
São Paulo;Santo Amaro;São Paulo;Santana;;;;;
São Paulo;Higienópolis;Não informado;Não informado;;;;;
Ribeirão Pires;Perdizes;São Paulo;Santo Amaro;;;;;
São Paulo;Santana;Não informado;Não informado;;;;;
São Paulo;Butantã;São Paulo;Sé;;;;;
São Paulo;Limão;Não informado;Não informado;;;;;
São Paulo;República;São Paulo;Consolação;;;;;
São Paulo;Ipiranga;Não informado;Não informado;;;;;
São Paulo;Perdizes;Não informado;Não informado;;;;;
São Paulo;Penha;Não informado;Não informado;;;;;
São Paulo;Itaquera;Não informado;Não informado;;;;;
São Paulo;Campo Limpo;São Paulo;Consolação;;;;;
São Paulo;Sé;São Paulo;Consolação;;;;;
São Paulo;Penha;São Paulo;Itaquera;;;;;
São Paulo;Consolação;Não informado;Não informado;;;;;
São Paulo;Perdizes;Não informado;Não informado;;;;;
São Paulo;Perdizes;Não informado;Não informado;;;;;
São Paulo;Campo Limpo;São Paulo;Higienópolis;;;;;
São Paulo;Higienópolis;Não informado;Não informado;;;;;
São Paulo;Santo Amaro;Não informado;Não informado;;;;;
São Paulo;Higienópolis;São Paulo;Casa Verde;;;;;
São Paulo;Sé;São Paulo;Tucuruvi;;;;;
São Paulo;Penha;São Paulo;Sé;;;;;
São Paulo;Ipiranga;São Paulo;Tucuruvi;;;;;
São Paulo;Limão;São Paulo;Casa Verde;;;;;
São Paulo;Sé;Não informado;Não informado;;;;;
São Paulo;Ipiranga;Não informado;Não informado;;;;;
São Paulo;Penha;Não informado;Não informado;;;;;
São Paulo;Ipiranga;Não informado;Não informado;;;;;
São Paulo;Limão;Não informado;Não informado;;;;;
São Paulo;Santana;São Paulo;Itaquera;;;;;
São Paulo;Bela Vista;Não informado;Não informado;;;;;
São Paulo;Penha;São Paulo;Consolação;;;;;
São Paulo;Higienópolis;São Paulo;Higienópolis;;;;;
São Paulo;Campo Limpo;Não informado;Não informado;;;;;
São Paulo;Ipiranga;Não informado;Não informado;;;;;
São Paulo;Ipiranga;São Paulo;Butantã;;;;;
São Paulo;Tucuruvi;Não informado;Não informado;;;;;
São Paulo;Higienópolis;São Paulo;Tatuapé;;;;;
Rodrigues;Consolação;São Paulo;Sé;;;;;
São Paulo;Butantã;Não informado;Não informado;;;;;
São Paulo;Jabaquara;São Paulo;Jabaquara;;;;;
São Paulo;Higienópolis;São Paulo;Sé;;;;;
São Paulo;Tucuruvi;Não informado;Não informado;;;;;
São Paulo;Consolação;São Paulo;Tucuruvi;;;;;
São Paulo;Limão;São Paulo;República;;;;;
São Paulo;Penha;Não informado;Não informado;;;;;
São Paulo;Santana;São Paulo;Penha;;;;;
Diadema;Centro;São Paulo;República;;;;;
São Paulo;Casa Verde;Não informado;Não informado;;;;;
São Paulo;Perdizes;São Paulo;Tucuruvi;;;;;
São Paulo;Perdizes;São Paulo;República;;;;;
São Paulo;Vila Prudente;São Paulo;Limão;;;;;
São Paulo;Higienópolis;São Paulo;Sé;;;;;
São Paulo;Santana;São Paulo;Bela Vista;;;;;
São Paulo;Casa Verde;São Paulo;Casa Verde;;;;;
Ribeiro dos Dourados;Itaquera;São Paulo;Santana;;;;;
São Paulo;Perdizes;Não informado;Não informado;;;;;
São Paulo;Santana;São Paulo;República;;;;;
Ribeirão Pires;Limão;Não informado;Não informado;;;;;
São Paulo;Santana;Não informado;Não informado;;;;;
Ribeirão Pires;República;São Paulo;Sé;;;;;
Caldeira;Perdizes;São Paulo;República;;;;;
São Paulo;Limão;Não informado;Não informado;;;;;
São Paulo;Perdizes;São Paulo;República;;;;;
São Paulo;Ipiranga;São Paulo;Santana;;;;;
São Paulo;Penha;São Paulo;Higienópolis;;;;;
São Paulo;Consolação;Não informado;Não informado;;;;;
São Paulo;Higienópolis;Não informado;Não informado;;;;;
São Paulo;Santana;Não informado;Não informado;;;;;
São Paulo;Penha;Não informado;Não informado;;;;;
São Paulo;Penha;Não informado;Não informado;;;;;
São Paulo;Butantã;São Paulo;Sé;;;;;
São Paulo;Butantã;Não informado;Não informado;;;;;
São Paulo;Penha;São Paulo;República;;;;;
São Paulo;Jabaquara;São Paulo;Bela Vista;;;;;
São Paulo;Campo Limpo;São Paulo;Sé;;;;;
São Paulo;Tatuapé;São Paulo;Tucuruvi;;;;;
Itapevi;Limão;São Paulo;Sé;;;;;
São Paulo;Vila Prudente;São Paulo;Santana;;;;;
São Paulo;Ipiranga;São Paulo;Consolação;;;;;
São Paulo;Tucuruvi;São Paulo;Higienópolis;;;;;
São Paulo;Campo Limpo;Não informado;Não informado;;;;;
Fernandes do Oeste;Ipiranga;Não informado;Não informado;;;;;
São Paulo;Perdizes;São Paulo;Sé;;;;;
São Paulo;Santo Amaro;Não informado;Não informado;;;;;
Pires;Limão;São Paulo;Penha;;;;;
São Paulo;Santana;Não informado;Não informado;;;;;
São Paulo;Butantã;Não informado;Não informado;;;;;
São Paulo;Santana;São Paulo;Higienópolis;;;;;
São Paulo;Lapa;São Paulo;Consolação;;;;;
São Paulo;Butantã;São Paulo;Consolação;;;;;
São Paulo;Bela Vista;Não informado;Não informado;;;;;
São Paulo;Campo Limpo;São Paulo;Sé;;;;;
São Paulo;Campo Limpo;Não informado;Não informado;;;;;
São Paulo;Lapa;São Paulo;Bela Vista;;;;;
São Paulo;Jabaquara;Não informado;Não informado;;;;;
São Paulo;Limão;Não informado;Não informado;;;;;
São Paulo;Jabaquara;Não informado;Não informado;;;;;
São Paulo;Lapa;São Paulo;Santo Amaro;;;;;
São Paulo;Santo Amaro;Não informado;Não informado;;;;;
São Paulo;Butantã;Não informado;Não informado;;;;;
São Paulo;Jabaquara;São Paulo;Casa Verde;;;;;
São Paulo;Vila Prudente;São Paulo;Higienópolis;;;;;
São Paulo;Sé;Não informado;Não informado;;;;;
Pinto do Oeste;Itaquera;São Paulo;Sé;;;;;
São Paulo;Perdizes;Não informado;Não informado;;;;;
São Paulo;Itaquera;Não informado;Não informado;;;;;
Diadema;Centro;São Paulo;Penha;;;;;
São Paulo;Santana;Não informado;Não informado;;;;;
São Paulo;Limão;Não informado;Não informado;;;;;
São Paulo;Tucuruvi;Não informado;Não informado;;;;;
São Paulo;Vila Prudente;São Paulo;República;;;;;
São Paulo;Perdizes;Não informado;Não informado;;;;;
Diadema;Higienópolis;São Paulo;Sé;;;;;
Teixeira do Norte;Penha;Não informado;Não informado;;;;;
São Paulo;Lapa;São Paulo;Limão;;;;;
São Paulo;Lapa;Não informado;Não informado;;;;;
São Paulo;Lapa;Não informado;Não informado;;;;;
São Paulo;Tatuapé;São Paulo;Consolação;;;;;
São Paulo;Casa Verde;Não informado;Não informado;;;;;
São Paulo;Itaquera;São Paulo;Vila Prudente;;;;;
São Paulo;Sé;São Paulo;Lapa;;;;;
Fernandes;Santo Amaro;São Paulo;Higienópolis;;;;;
São Paulo;Consolação;Não informado;Não informado;;;;;
Ribeirão Pires;Lapa;Não informado;Não informado;;;;;
São Paulo;Consolação;São Paulo;Sé;;;;;
Itapevi;Penha;Não informado;Não informado;;;;;
São Paulo;Casa Verde;São Paulo;Tucuruvi;;;;;
São Paulo;República;Não informado;Não informado;;;;;
São Paulo;Limão;Não informado;Não informado;;;;;
São Paulo;Tatuapé;São Paulo;Penha;;;;;
São Paulo;República;São Paulo;Casa Verde;;;;;
São Paulo;Ipiranga;Não informado;Não informado;;;;;
Ribeirão Pires;Tucuruvi;Não informado;Não informado;;;;;
São Paulo;Higienópolis;São Paulo;Consolação;;;;;
Mauá;Lapa;Não informado;Não informado;;;;;
São Paulo;Campo Limpo;São Paulo;Butantã;;;;;
São Paulo;Tucuruvi;Não informado;Não informado;;;;;
São Paulo;Bela Vista;São Paulo;Tatuapé;;;;;
São Paulo;Casa Verde;São Paulo;Bela Vista;;;;;
São Paulo;Penha;Não informado;Não informado;;;;;
São Paulo;Casa Verde;Não informado;Não informado;;;;;
São Paulo;Lapa;Não informado;Não informado;;;;;
São Paulo;Ipiranga;São Paulo;Higienópolis;;;;;
São Paulo;Tatuapé;Não informado;Não informado;;;;;
São Paulo;Casa Verde;Não informado;Não informado;;;;;
São Paulo;Butantã;Não informado;Não informado;;;;;
São Paulo;República;Não informado;Não informado;;;;;
São Paulo;Casa Verde;Não informado;Não informado;;;;;
São Paulo;Santana;São Paulo;República;;;;;
São Paulo;Tatuapé;Não informado;Não informado;;;;;
São Paulo;Higienópolis;Não informado;Não informado;;;;;
São Paulo;Vila Prudente;São Paulo;Bela Vista;;;;;
São Paulo;Higienópolis;São Paulo;Higienópolis;;;;;
São Paulo;Sé;Não informado;Não informado;;;;;
São Paulo;Perdizes;São Paulo;Vila Prudente;;;;;
São Paulo;Bela Vista;São Paulo;Sé;;;;;
São Paulo;Jabaquara;Não informado;Não informado;;;;;
São Paulo;República;Não informado;Não informado;;;;;
São Paulo;Limão;São Paulo;Higienópolis;;;;;
São Paulo;Santana;São Paulo;Bela Vista;;;;;
São Paulo;Casa Verde;Não informado;Não informado;;;;;
São Paulo;Ipiranga;Não informado;Não informado;;;;;
São Paulo;Ipiranga;São Paulo;Sé;;;;;
São Paulo;Consolação;Não informado;Não informado;;;;;
São Paulo;República;Não informado;Não informado;;;;;
São Paulo;Higienópolis;Não informado;Não informado;;;;;
São Paulo;Limão;São Paulo;Penha;;;;;
São Paulo;Penha;São Paulo;Lapa;;;;;
São Paulo;Casa Verde;São Paulo;Sé;;;;;
São Paulo;Pinheiros;São Paulo;Limão;;;;;
Carvalho;Ipiranga;Não informado;Não informado;;;;;
São Paulo;Higienópolis;São Paulo;Consolação;;;;;
São Paulo;Campo Limpo;Não informado;Não informado;;;;;
São Paulo;Pinheiros;Não informado;Não informado;;;;;
São Paulo;Itaquera;São Paulo;República;;;;;
São Paulo;Campo Limpo;São Paulo;Santana;;;;;
São Paulo;Consolação;Não informado;Não informado;;;;;
São Paulo;Higienópolis;Não informado;Não informado;;;;;
São Paulo;Jabaquara;Não informado;Não informado;;;;;
São Paulo;Higienópolis;São Paulo;Tucuruvi;;;;;
São Paulo;Itaquera;São Paulo;Jabaquara;;;;;
São Paulo;Penha;Não informado;Não informado;;;;;
São Paulo;Santo Amaro;Não informado;Não informado;;;;;
São Paulo;Penha;São Paulo;Santana;;;;;
São Paulo;Butantã;São Paulo;Limão;;;;;
Freitas do Galho;Santo Amaro;Não informado;Não informado;;;;;
São Paulo;Campo Limpo;São Paulo;República;;;;;
São Paulo;Campo Limpo;São Paulo;Vila Prudente;;;;;
São Paulo;Tatuapé;São Paulo;Vila Prudente;;;;;
São Paulo;Bela Vista;São Paulo;Bela Vista;;;;;
São Paulo;Butantã;São Paulo;República;;;;;
São Paulo;Pinheiros;São Paulo;Higienópolis;;;;;
São Paulo;Limão;São Paulo;Itaquera;;;;;
São Paulo;Santo Amaro;Não informado;Não informado;;;;;
São Paulo;Santana;Não informado;Não informado;;;;;
São Paulo;Santana;Não informado;Não informado;;;;;
São Paulo;Lapa;Não informado;Não informado;;;;;
São Paulo;Itaquera;São Paulo;Santana;;;;;
São Paulo;Higienópolis;Não informado;Não informado;;;;;
Moraes;Santo Amaro;Não informado;Não informado;;;;;
São Paulo;Butantã;Não informado;Não informado;;;;;
São Paulo;Tucuruvi;Não informado;Não informado;;;;;
São Paulo;Butantã;São Paulo;Bela Vista;;;;;
São Paulo;Santo Amaro;São Paulo;República;;;;;
São Paulo;Campo Limpo;São Paulo;Santo Amaro;;;;;
São Paulo;Sé;Não informado;Não informado;;;;;
São Paulo;Vila Prudente;Não informado;Não informado;;;;;
São Paulo;Perdizes;São Paulo;Sé;;;;;
São Paulo;Jabaquara;São Paulo;Higienópolis;;;;;
São Paulo;Itaquera;São Paulo;Limão;;;;;
São Paulo;Sé;São Paulo;Santana;;;;;
São Paulo;Tucuruvi;Não informado;Não informado;;;;;
São Paulo;Higienópolis;Não informado;Não informado;;;;;
São Paulo;Campo Limpo;São Paulo;Higienópolis;;;;;
São Paulo;Perdizes;Não informado;Não informado;;;;;
São Paulo;Lapa;São Paulo;Sé;;;;;
São Paulo;Higienópolis;Não informado;Não informado;;;;;
São Paulo;Tatuapé;Não informado;Não informado;;;;;
São Paulo;Pinheiros;São Paulo;Itaquera;;;;;
Osasco;Tatuapé;São Paulo;Limão;;;;;
São Paulo;República;Não informado;Não informado;;;;;
Diadema;Santana;Não informado;Não informado;;;;;
São Paulo;Higienópolis;Não informado;Não informado;;;;;
São Paulo;Pinheiros;São Paulo;Higienópolis;;;;;
São Paulo;Ipiranga;São Paulo;República;;;;;
São Paulo;Consolação;São Paulo;Sé;;;;;
São Paulo;Higienópolis;São Paulo;Sé;;;;;
São Paulo;Penha;São Paulo;Sé;;;;;
São Paulo;Itaquera;São Paulo;Consolação;;;;;
São Paulo;Perdizes;São Paulo;Sé;;;;;
São Paulo;Tatuapé;Não informado;Não informado;;;;;
São Paulo;República;São Paulo;Bela Vista;;;;;
São Paulo;Tucuruvi;Não informado;Não informado;;;;;
São Paulo;Casa Verde;São Paulo;Tatuapé;;;;;
São Paulo;Higienópolis;São Paulo;Limão;;;;;
São Paulo;Higienópolis;São Paulo;Bela Vista;;;;;
São Paulo;Limão;São Paulo;Higienópolis;;;;;
Novaes;Higienópolis;Não informado;Não informado;;;;;
São Paulo;Santo Amaro;Não informado;Não informado;;;;;
São Paulo;Higienópolis;São Paulo;Santana;;;;;
São Paulo;Santana;São Paulo;Limão;;;;;
São Paulo;Casa Verde;Não informado;Não informado;;;;;
São Paulo;Lapa;São Paulo;Consolação;;;;;
Campos;Limão;Não informado;Não informado;;;;;
Castro dos Dourados;Butantã;Não informado;Não informado;;;;;
São Paulo;Bela Vista;São Paulo;Jabaquara;;;;;
São Paulo;Higienópolis;São Paulo;Vila Prudente;;;;;
São Paulo;Limão;São Paulo;Penha;;;;;
São Paulo;Butantã;São Paulo;República;;;;;
São Paulo;Santo Amaro;São Paulo;Sé;;;;;
São Paulo;Jabaquara;São Paulo;Tucuruvi;;;;;
São Paulo;Casa Verde;Não informado;Não informado;;;;;
São Paulo;Perdizes;São Paulo;Campo Limpo;;;;;
São Paulo;Santo Amaro;Não informado;Não informado;;;;;
Santo André;Limão;São Paulo;Higienópolis;;;;;
São Paulo;Sé;São Paulo;Limão;;;;;
São Paulo;Penha;São Paulo;Lapa;;;;;
Jesus do Norte;Higienópolis;São Paulo;Lapa;;;;;
São Paulo;Tucuruvi;São Paulo;Consolação;;;;;
São Paulo;Consolação;Não informado;Não informado;;;;;
São Paulo;Higienópolis;Não informado;Não informado;;;;;
São Paulo;República;São Paulo;Consolação;;;;;
São Paulo;Consolação;São Paulo;Vila Prudente;;;;;
São Paulo;Vila Prudente;São Paulo;Lapa;;;;;
São Paulo;Tucuruvi;São Paulo;Bela Vista;;;;;
São Paulo;Santana;Não informado;Não informado;;;;;
São Paulo;Higienópolis;São Paulo;Bela Vista;;;;;
São Paulo;Santana;Não informado;Não informado;;;;;
São Paulo;República;Não informado;Não informado;;;;;
São Bernardo;Ipiranga;São Paulo;Bela Vista;;;;;
São Paulo;Itaquera;São Paulo;Bela Vista;;;;;
São Paulo;Vila Prudente;São Paulo;Sé;;;;;
São Paulo;Consolação;São Paulo;Higienópolis;;;;;
São Paulo;Perdizes;Não informado;Não informado;;;;;
São Paulo;Vila Prudente;São Paulo;Higienópolis;;;;;
São Paulo;Tucuruvi;Não informado;Não informado;;;;;
São Paulo;Lapa;São Paulo;Tucuruvi;;;;;
São Paulo;Vila Prudente;Não informado;Não informado;;;;;
São Paulo;Perdizes;São Paulo;Sé;;;;;
São Paulo;Penha;Não informado;Não informado;;;;;
São Paulo;Limão;Não informado;Não informado;;;;;
São Paulo;Itaquera;Não informado;Não informado;;;;;
São Paulo;República;São Paulo;Consolação;;;;;
São Paulo;Pinheiros;Não informado;Não informado;;;;;
São Paulo;Campo Limpo;Não informado;Não informado;;;;;
São Paulo;Butantã;São Paulo;Campo Limpo;;;;;
São Paulo;Vila Prudente;São Paulo;Jabaquara;;;;;
São Paulo;Pinheiros;São Paulo;Casa Verde;;;;;
São Paulo;Pinheiros;Não informado;Não informado;;;;;
São Paulo;Itaquera;Não informado;Não informado;;;;;
Diadema;Centro;Não informado;Não informado;;;;;
São Paulo;Pinheiros;Não informado;Não informado;;;;;
São Paulo;Vila Prudente;Não informado;Não informado;;;;;
São Paulo;Pinheiros;Não informado;Não informado;;;;;
São Paulo;República;São Paulo;Higienópolis;;;;;
São Paulo;Casa Verde;São Paulo;Butantã;;;;;
São Paulo;Ipiranga;Não informado;Não informado;;;;;
São Paulo;Consolação;Não informado;Não informado;;;;;
Suzano;Sé;São Paulo;Santana;;;;;
São Paulo;Lapa;Não informado;Não informado;;;;;
São Paulo;Sé;São Paulo;Consolação;;;;;
São Paulo;Ipiranga;Não informado;Não informado;;;;;
São Paulo;Penha;São Paulo;Higienópolis;;;;;
Rio Grande da Serra;Sé;São Paulo;Itaquera;;;;;
Diadema;Penha;São Paulo;República;;;;;
São Paulo;Vila Prudente;São Paulo;Higienópolis;;;;;
Porto;Bela Vista;São Paulo;Bela Vista;;;;;
São Paulo;Sé;São Paulo;República;;;;;
São Paulo;Jabaquara;São Paulo;República;;;;;
São Paulo;República;São Paulo;Itaquera;;;;;
São Paulo;República;São Paulo;Vila Prudente;;;;;
São Paulo;Consolação;Não informado;Não informado;;;;;
São Paulo;Higienópolis;Não informado;Não informado;;;;;
São Paulo;Consolação;São Paulo;Bela Vista;;;;;
São Paulo;Itaquera;São Paulo;Santana;;;;;
São Paulo;República;São Paulo;Bela Vista;;;;;
São Paulo;Pinheiros;São Paulo;Tucuruvi;;;;;
São Paulo;Campo Limpo;Não informado;Não informado;;;;;
São Paulo;Tatuapé;Não informado;Não informado;;;;;
Mendes do Norte;Bela Vista;São Paulo;Higienópolis;;;;;
Diadema;Vila Prudente;São Paulo;Higienópolis;;;;;
São Paulo;Consolação;São Paulo;Sé;;;;;
São Paulo;Itaquera;São Paulo;Vila Prudente;;;;;
São Paulo;Lapa;São Paulo;República;;;;;
São Paulo;Limão;Não informado;Não informado;;;;;
São Paulo;República;São Paulo;Higienópolis;;;;;
São Paulo;Pinheiros;Não informado;Não informado;;;;;
São Paulo;Ipiranga;São Paulo;República;;;;;
São Bernardo;Ipiranga;Não informado;Não informado;;;;;
São Paulo;Tatuapé;São Paulo;Bela Vista;;;;;
São Paulo;Tucuruvi;Não informado;Não informado;;;;;
São Paulo;Higienópolis;São Paulo;Sé;;;;;
Diadema;Centro;São Paulo;Limão;;;;;
São Paulo;Higienópolis;Não informado;Não informado;;;;;
Diadema;Tucuruvi;Não informado;Não informado;;;;;
São Paulo;Vila Prudente;São Paulo;República;;;;;
São Paulo;Casa Verde;Não informado;Não informado;;;;;
São Paulo;Pinheiros;São Paulo;Bela Vista;;;;;
São Paulo;Sé;São Paulo;Santana;;;;;
Diadema;Centro;São Paulo;Consolação;;;;;
São Paulo;Penha;São Paulo;Higienópolis;;;;;
São Paulo;Tatuapé;Não informado;Não informado;;;;;
São Paulo;Casa Verde;São Paulo;Tucuruvi;;;;;
São Paulo;Santana;Não informado;Não informado;;;;;
São Paulo;Consolação;Não informado;Não informado;;;;;
São Paulo;Pinheiros;São Paulo;Tatuapé;;;;;
São Paulo;Ipiranga;Não informado;Não informado;;;;;
São Paulo;Butantã;Não informado;Não informado;;;;;
São Paulo;Jabaquara;Não informado;Não informado;;;;;
São Paulo;Itaquera;São Paulo;Bela Vista;;;;;
São Paulo;República;Não informado;Não informado;;;;;
Diadema;Vila Prudente;São Paulo;Jabaquara;;;;;
São Paulo;Pinheiros;São Paulo;República;;;;;
Diadema;Penha;São Paulo;Sé;;;;;
São Paulo;Butantã;Não informado;Não informado;;;;;
São Paulo;Limão;Não informado;Não informado;;;;;
São Paulo;Consolação;Não informado;Não informado;;;;;
São Paulo;Higienópolis;Não informado;Não informado;;;;;
São Paulo;Perdizes;Não informado;Não informado;;;;;
São Paulo;Tucuruvi;Não informado;Não informado;;;;;
São Paulo;Campo Limpo;São Paulo;Higienópolis;;;;;
São Paulo;República;São Paulo;Santana;;;;;
Fernandes de Porto;Lapa;Não informado;Não informado;;;;;
São Paulo;Vila Prudente;São Paulo;Tucuruvi;;;;;
São Paulo;Lapa;Não informado;Não informado;;;;;
São Paulo;Perdizes;São Paulo;Sé;;;;;
São Paulo;Santo Amaro;São Paulo;República;;;;;
São Paulo;Pinheiros;São Paulo;Higienópolis;;;;;
São Paulo;Ipiranga;Não informado;Não informado;;;;;
São Paulo;Pinheiros;São Paulo;República;;;;;
São Paulo;Santana;São Paulo;Casa Verde;;;;;
São Paulo;Bela Vista;São Paulo;Vila Prudente;;;;;
São Paulo;Tucuruvi;Não informado;Não informado;;;;;
São Paulo;Pinheiros;Não informado;Não informado;;;;;
São Paulo;Santo Amaro;Não informado;Não informado;;;;;
São Paulo;Santana;Não informado;Não informado;;;;;
São Paulo;Consolação;São Paulo;República;;;;;
São Paulo;Campo Limpo;Não informado;Não informado;;;;;
São Paulo;Butantã;Não informado;Não informado;;;;;
São Paulo;Tatuapé;São Paulo;Ipiranga;;;;;
São Paulo;Casa Verde;Não informado;Não informado;;;;;
São Paulo;Penha;Não informado;Não informado;;;;;
São Paulo;Ipiranga;São Paulo;Bela Vista;;;;;
São Paulo;Itaquera;São Paulo;Consolação;;;;;
Moraes;Jabaquara;Não informado;Não informado;;;;;
São Paulo;Vila Prudente;São Paulo;Higienópolis;;;;;
São Paulo;Jabaquara;Não informado;Não informado;;;;;
São Paulo;Campo Limpo;São Paulo;República;;;;;
São Paulo;Consolação;São Paulo;Santana;;;;;
São Paulo;Penha;São Paulo;Butantã;;;;;
São Paulo;Perdizes;Não informado;Não informado;;;;;
São Paulo;Limão;São Paulo;República;;;;;
São Paulo;Butantã;São Paulo;República;;;;;
São Paulo;Pinheiros;São Paulo;Perdizes;;;;;
São Paulo;Lapa;São Paulo;Consolação;;;;;
São Paulo;Butantã;São Paulo;Vila Prudente;;;;;
São Paulo;República;São Paulo;Tucuruvi;;;;;
Santo André;Sé;São Paulo;Sé;;;;;
São Paulo;Higienópolis;São Paulo;Santo Amaro;;;;;
São Paulo;Jabaquara;Não informado;Não informado;;;;;
São Paulo;Campo Limpo;Não informado;Não informado;;;;;
São Paulo;Penha;Não informado;Não informado;;;;;
São Paulo;Vila Prudente;São Paulo;Sé;;;;;
São Paulo;Sé;São Paulo;Sé;;;;;
São Paulo;Itaquera;São Paulo;Jabaquara;;;;;
São Paulo;Jabaquara;São Paulo;Sé;;;;;
São Paulo;Butantã;Não informado;Não informado;;;;;
São Paulo;Penha;Não informado;Não informado;;;;;
São Paulo;Tucuruvi;São Paulo;Higienópolis;;;;;
São Paulo;Penha;São Paulo;Bela Vista;;;;;
São Paulo;Limão;Não informado;Não informado;;;;;
São Paulo;Tucuruvi;Não informado;Não informado;;;;;
São Paulo;Casa Verde;Não informado;Não informado;;;;;
São Paulo;Tucuruvi;Não informado;Não informado;;;;;
São Paulo;Ipiranga;Não informado;Não informado;;;;;
São Paulo;Vila Prudente;Não informado;Não informado;;;;;
Ribeirão Pires;Casa Verde;São Paulo;Santana;;;;;
São Paulo;República;Não informado;Não informado;;;;;
São Paulo;Tatuapé;São Paulo;Sé;;;;;
São Paulo;Sé;Não informado;Não informado;;;;;
São Paulo;Vila Prudente;São Paulo;Tatuapé;;;;;
Foga√ßa do Oeste;Itaquera;São Paulo;Tatuapé;;;;;
São Paulo;Pinheiros;São Paulo;Vila Prudente;;;;;
São Paulo;Penha;São Paulo;Consolação;;;;;
São Paulo;Vila Prudente;Não informado;Não informado;;;;;
São Paulo;Penha;São Paulo;Sé;;;;;
São Paulo;Butantã;São Paulo;Higienópolis;;;;;
São Paulo;Itaquera;São Paulo;Vila Prudente;;;;;
Lima;Perdizes;São Paulo;Tatuapé;;;;;
Pinto;Itaquera;Não informado;Não informado;;;;;
São Paulo;Itaquera;São Paulo;Bela Vista;;;;;
São Paulo;Higienópolis;São Paulo;Santo Amaro;;;;;
São Paulo;Santana;São Paulo;Bela Vista;;;;;
São Paulo;Santana;São Paulo;Bela Vista;;;;;
São Paulo;Vila Prudente;Não informado;Não informado;;;;;
São Paulo;Higienópolis;São Paulo;Limão;;;;;
São Paulo;Limão;São Paulo;Bela Vista;;;;;
São Paulo;Perdizes;Não informado;Não informado;;;;;
São Paulo;Casa Verde;São Paulo;Limão;;;;;
São Paulo;Santana;São Paulo;Tatuapé;;;;;
São Paulo;Butantã;Não informado;Não informado;;;;;
Itapevi;Tatuapé;São Paulo;Sé;;;;;
São Paulo;Santana;São Paulo;Santo Amaro;;;;;
São Paulo;Casa Verde;São Paulo;Higienópolis;;;;;
São Paulo;Jabaquara;Não informado;Não informado;;;;;
São Paulo;Santana;Não informado;Não informado;;;;;
São Paulo;Jabaquara;São Paulo;Bela Vista;;;;;
São Paulo;Casa Verde;São Paulo;Higienópolis;;;;;
São Paulo;Casa Verde;Não informado;Não informado;;;;;
São Paulo;Casa Verde;Não informado;Não informado;;;;;
São Paulo;Sé;Não informado;Não informado;;;;;
São Paulo;Vila Prudente;São Paulo;Consolação;;;;;
São Paulo;Jabaquara;Não informado;Não informado;;;;;
São Paulo;Jabaquara;São Paulo;Penha;;;;;
São Paulo;Jabaquara;São Paulo;Sé;;;;;
Souza;Pinheiros;Não informado;Não informado;;;;;
Diadema;Centro;Não informado;Não informado;;;;;
São Paulo;Santana;Não informado;Não informado;;;;;
Diadema;Consolação;Não informado;Não informado;;;;;
São Paulo;Ipiranga;São Paulo;Jabaquara;;;;;
São Paulo;Lapa;São Paulo;Sé;;;;;
Diadema;Perdizes;São Paulo;Butantã;;;;;
São Paulo;República;São Paulo;Higienópolis;;;;;
Carvalho do Amparo;Higienópolis;Não informado;Não informado;;;;;
São Paulo;Santo Amaro;São Paulo;Santana;;;;;
São Paulo;Pinheiros;Não informado;Não informado;;;;;
São Paulo;Perdizes;Não informado;Não informado;;;;;
São Paulo;Consolação;São Paulo;Limão;;;;;
São Paulo;Lapa;Não informado;Não informado;;;;;
Foga√ßa do Oeste;Itaquera;Não informado;Não informado;;;;;
São Paulo;Campo Limpo;São Paulo;Casa Verde;;;;;
São Paulo;Tucuruvi;São Paulo;Limão;;;;;
São Paulo;Casa Verde;Não informado;Não informado;;;;;
São Paulo;Butantã;Não informado;Não informado;;;;;
São Paulo;Limão;São Paulo;Higienópolis;;;;;
São Paulo;Santana;Não informado;Não informado;;;;;
São Paulo;Santana;Não informado;Não informado;;;;;
São Paulo;Lapa;Não informado;Não informado;;;;;
Nascimento;Bela Vista;Não informado;Não informado;;;;;
São Paulo;Lapa;São Paulo;República;;;;;
São Paulo;Limão;São Paulo;Vila Prudente;;;;;
São Paulo;Lapa;Não informado;Não informado;;;;;
São Paulo;Santo Amaro;Não informado;Não informado;;;;;
São Paulo;Pinheiros;Não informado;Não informado;;;;;
São Paulo;Tucuruvi;São Paulo;Bela Vista;;;;;
São Paulo;Casa Verde;São Paulo;Consolação;;;;;
São Paulo;Vila Prudente;São Paulo;Sé;;;;;
São Paulo;Tatuapé;São Paulo;Consolação;;;;;
São Paulo;Casa Verde;Não informado;Não informado;;;;;
São Paulo;Butantã;Não informado;Não informado;;;;;
São Paulo;Tatuapé;São Paulo;Casa Verde;;;;;
São Paulo;Tucuruvi;Não informado;Não informado;;;;;
São Paulo;Tucuruvi;São Paulo;Higienópolis;;;;;
Teixeira dos Dourados;Santo Amaro;São Paulo;Tatuapé;;;;;
Suzano;Perdizes;São Paulo;Tatuapé;;;;;
São Paulo;Bela Vista;São Paulo;Higienópolis;;;;;
São Paulo;Jabaquara;São Paulo;Limão;;;;;
São Paulo;Casa Verde;São Paulo;Tucuruvi;;;;;
São Paulo;Casa Verde;São Paulo;Santo Amaro;;;;;
São Paulo;República;São Paulo;Itaquera;;;;;
São Paulo;Pinheiros;Não informado;Não informado;;;;;
São Paulo;Casa Verde;Não informado;Não informado;;;;;
São Paulo;Consolação;Não informado;Não informado;;;;;
São Paulo;Tucuruvi;Não informado;Não informado;;;;;
São Paulo;Ipiranga;São Paulo;Penha;;;;;
São Paulo;Tatuapé;São Paulo;Santana;;;;;
São Paulo;Campo Limpo;São Paulo;Pinheiros;;;;;
São Paulo;Lapa;São Paulo;Consolação;;;;;
São Paulo;Pinheiros;São Paulo;República;;;;;
São Paulo;Casa Verde;São Paulo;Bela Vista;;;;;
Novaes;Higienópolis;São Paulo;Lapa;;;;;
São Paulo;Butantã;Não informado;Não informado;;;;;
São Paulo;Tucuruvi;São Paulo;Tatuapé;;;;;
São Paulo;Limão;São Paulo;Penha;;;;;
São Paulo;Santo Amaro;São Paulo;Lapa;;;;;
São Paulo;Pinheiros;São Paulo;Sé;;;;;
São Paulo;Santana;São Paulo;Campo Limpo;;;;;
São Paulo;Butantã;São Paulo;Consolação;;;;;
São Paulo;Jabaquara;São Paulo;Sé;;;;;
São Paulo;Casa Verde;São Paulo;Consolação;;;;;
São Paulo;Bela Vista;Não informado;Não informado;;;;;
São Paulo;Santana;São Paulo;Santana;;;;;
São Paulo;Santo Amaro;Não informado;Não informado;;;;;
São Paulo;Tatuapé;São Paulo;Bela Vista;;;;;
São Paulo;Sé;Não informado;Não informado;;;;;
São Paulo;Higienópolis;São Paulo;Casa Verde;;;;;
São Paulo;Campo Limpo;São Paulo;Consolação;;;;;
São Paulo;Lapa;São Paulo;Sé;;;;;
São Paulo;Limão;São Paulo;Bela Vista;;;;;
São Paulo;Itaquera;Não informado;Não informado;;;;;
São Paulo;Campo Limpo;São Paulo;Higienópolis;;;;;
São Paulo;Lapa;São Paulo;Bela Vista;;;;;
Diadema;Centro;São Paulo;Sé;;;;;
São Paulo;Campo Limpo;São Paulo;Sé;;;;;
São Paulo;República;São Paulo;Casa Verde;;;;;
São Paulo;Sé;Não informado;Não informado;;;;;
São Paulo;Limão;São Paulo;Higienópolis;;;;;
São Paulo;Higienópolis;Não informado;Não informado;;;;;
Peixoto Alegre;Itaquera;São Paulo;Bela Vista;;;;;
São Paulo;Butantã;São Paulo;Santana;;;;;
São Paulo;República;São Paulo;Vila Prudente;;;;;
São Paulo;Limão;São Paulo;Bela Vista;;;;;
São Paulo;Itaquera;São Paulo;Bela Vista;;;;;
São Paulo;Penha;Não informado;Não informado;;;;;
São Paulo;Perdizes;São Paulo;Consolação;;;;;
São Paulo;Ipiranga;Não informado;Não informado;;;;;
São Paulo;Limão;São Paulo;Sé;;;;;
São Paulo;Campo Limpo;São Paulo;Tucuruvi;;;;;
São Paulo;Casa Verde;Não informado;Não informado;;;;;
São Paulo;Vila Prudente;Não informado;Não informado;;;;;
São Paulo;Butantã;Não informado;Não informado;;;;;
Martins;Itaquera;São Paulo;Tucuruvi;;;;;
São Paulo;Lapa;São Paulo;Consolação;;;;;
São Paulo;Consolação;Não informado;Não informado;;;;;
São Paulo;Higienópolis;São Paulo;Casa Verde;;;;;
São Paulo;Vila Prudente;São Paulo;Santo Amaro;;;;;
São Paulo;Butantã;Não informado;Não informado;;;;;
São Paulo;Vila Prudente;Não informado;Não informado;;;;;
São Paulo;Tucuruvi;São Paulo;Bela Vista;;;;;
São Paulo;Jabaquara;São Paulo;Sé;;;;;
São Paulo;Ipiranga;São Paulo;Tucuruvi;;;;;
São Paulo;Santana;Não informado;Não informado;;;;;
São Paulo;Pinheiros;São Paulo;Limão;;;;;
São Paulo;Bela Vista;São Paulo;Sé;;;;;
São Paulo;Ipiranga;Não informado;Não informado;;;;;
São Paulo;Higienópolis;São Paulo;Higienópolis;;;;;
São Paulo;Casa Verde;São Paulo;República;;;;;
São Paulo;Tatuapé;Não informado;Não informado;;;;;
São Paulo;Consolação;Não informado;Não informado;;;;;
São Paulo;Campo Limpo;São Paulo;Campo Limpo;;;;;
São Paulo;Itaquera;São Paulo;Consolação;;;;;
São Paulo;Lapa;Não informado;Não informado;;;;;
São Paulo;Sé;Não informado;Não informado;;;;;
São Paulo;Limão;São Paulo;Casa Verde;;;;;
São Paulo;Pinheiros;Não informado;Não informado;;;;;
São Paulo;Limão;São Paulo;Jabaquara;;;;;
São Paulo;Lapa;São Paulo;Tucuruvi;;;;;
Diadema;Tatuapé;São Paulo;Santana;;;;;
São Paulo;Sé;Não informado;Não informado;;;;;
São Paulo;Tatuapé;São Paulo;Santana;;;;;
São Paulo;Higienópolis;Não informado;Não informado;;;;;
Diadema;Campo Limpo;São Paulo;Pinheiros;;;;;
São Paulo;Santo Amaro;São Paulo;Tucuruvi;;;;;
São Paulo;Penha;São Paulo;República;;;;;
São Paulo;República;Não informado;Não informado;;;;;
São Paulo;Lapa;São Paulo;Vila Prudente;;;;;
São Paulo;Jabaquara;São Paulo;Tucuruvi;;;;;
São Paulo;Casa Verde;São Paulo;Tucuruvi;;;;;
São Paulo;Pinheiros;Não informado;Não informado;;;;;
São Paulo;Butantã;São Paulo;República;;;;;
São Paulo;República;Não informado;Não informado;;;;;
São Paulo;Santo Amaro;Não informado;Não informado;;;;;
São Paulo;Higienópolis;São Paulo;República;;;;;
São Paulo;Itaquera;São Paulo;Lapa;;;;;
São Paulo;Itaquera;São Paulo;Santana;;;;;
São Paulo;Bela Vista;Não informado;Não informado;;;;;
São Paulo;Santana;Não informado;Não informado;;;;;
São Paulo;Perdizes;São Paulo;Itaquera;;;;;
São Paulo;Penha;São Paulo;Lapa;;;;;
São Paulo;Perdizes;Não informado;Não informado;;;;;
São Paulo;Jabaquara;São Paulo;Sé;;;;;
São Paulo;Itaquera;São Paulo;Bela Vista;;;;;
São Paulo;Santo Amaro;São Paulo;Higienópolis;;;;;
São Paulo;Santo Amaro;Não informado;Não informado;;;;;
São Paulo;Butantã;Não informado;Não informado;;;;;
São Paulo;Campo Limpo;São Paulo;Tucuruvi;;;;;
São Paulo;Butantã;São Paulo;Higienópolis;;;;;
São Paulo;Ipiranga;Não informado;Não informado;;;;;
São Paulo;Limão;São Paulo;Pinheiros;;;;;
São Paulo;Limão;Não informado;Não informado;;;;;
São Paulo;Vila Prudente;Não informado;Não informado;;;;;
São Paulo;Butantã;São Paulo;Bela Vista;;;;;
São Paulo;Ipiranga;Não informado;Não informado;;;;;
São Paulo;Santo Amaro;São Paulo;Campo Limpo;;;;;
São Paulo;Santo Amaro;Não informado;Não informado;;;;;
São Paulo;Consolação;São Paulo;Tatuapé;;;;;
São Paulo;Ipiranga;Não informado;Não informado;;;;;
São Paulo;Sé;São Paulo;Bela Vista;;;;;
São Paulo;Santana;Não informado;Não informado;;;;;
Diadema;Higienópolis;São Paulo;Sé;;;;;
São Paulo;Consolação;Não informado;Não informado;;;;;
São Paulo;Pinheiros;Não informado;Não informado;;;;;
São Paulo;Penha;Não informado;Não informado;;;;;
Lopes dos Dourados;Penha;Não informado;Não informado;;;;;
São Paulo;Jabaquara;São Paulo;Santo Amaro;;;;;
São Paulo;República;São Paulo;Bela Vista;;;;;
São Paulo;Itaquera;São Paulo;Consolação;;;;;
Teixeira;Casa Verde;Não informado;Não informado;;;;;
São Paulo;Bela Vista;São Paulo;Sé;;;;;
São Paulo;Tucuruvi;São Paulo;Ipiranga;;;;;
São Paulo;Consolação;São Paulo;Bela Vista;;;;;
São Paulo;Santo Amaro;São Paulo;República;;;;;
São Paulo;Tucuruvi;São Paulo;República;;;;;
São Paulo;Higienópolis;São Paulo;República;;;;;
São Paulo;Ipiranga;Não informado;Não informado;;;;;
São Paulo;Higienópolis;São Paulo;Pinheiros;;;;;
São Paulo;Ipiranga;São Paulo;Limão;;;;;
São Paulo;Perdizes;São Paulo;Tatuapé;;;;;
São Paulo;Penha;São Paulo;Consolação;;;;;
São Paulo;Itaquera;Não informado;Não informado;;;;;
São Paulo;Tucuruvi;São Paulo;Bela Vista;;;;;
São Paulo;Consolação;São Paulo;Consolação;;;;;
São Paulo;Sé;São Paulo;República;;;;;
São Paulo;Campo Limpo;Não informado;Não informado;;;;;
São Paulo;Tatuapé;São Paulo;Lapa;;;;;
São Paulo;Higienópolis;Não informado;Não informado;;;;;
São Paulo;Campo Limpo;São Paulo;Higienópolis;;;;;
São Paulo;Santana;São Paulo;Consolação;;;;;
São Paulo;Tatuapé;Não informado;Não informado;;;;;
São Paulo;Santo Amaro;São Paulo;Sé;;;;;
São Paulo;Santo Amaro;Não informado;Não informado;;;;;
São Paulo;Casa Verde;Não informado;Não informado;;;;;
Diadema;Ipiranga;São Paulo;Santana;;;;;
São Paulo;Jabaquara;São Paulo;Casa Verde;;;;;
São Paulo;Santo Amaro;Não informado;Não informado;;;;;
São Paulo;Ipiranga;Não informado;Não informado;;;;;
Santo André;Pinheiros;São Paulo;Higienópolis;;;;;
São Paulo;Limão;Não informado;Não informado;;;;;
São Paulo;República;São Paulo;Higienópolis;;;;;
São Paulo;Perdizes;São Paulo;Consolação;;;;;
São Paulo;Bela Vista;Não informado;Não informado;;;;;
São Paulo;Ipiranga;São Paulo;Sé;;;;;
São Paulo;Santo Amaro;São Paulo;Limão;;;;;
Ribeiro;Jabaquara;São Paulo;Santana;;;;;
São Paulo;Perdizes;Não informado;Não informado;;;;;
Diadema;Centro;São Paulo;Higienópolis;;;;;
São Paulo;Limão;São Paulo;Santana;;;;;
São Bernardo;Jabaquara;São Paulo;Santana;;;;;
São Paulo;Ipiranga;Não informado;Não informado;;;;;
São Paulo;Santo Amaro;Não informado;Não informado;;;;;
São Paulo;Pinheiros;Não informado;Não informado;;;;;
São Paulo;Tucuruvi;São Paulo;Higienópolis;;;;;
São Paulo;Vila Prudente;São Paulo;Penha;;;;;
São Paulo;Tatuapé;Não informado;Não informado;;;;;
São Paulo;Perdizes;São Paulo;Casa Verde;;;;;
São Paulo;Consolação;Não informado;Não informado;;;;;
São Paulo;Tatuapé;Não informado;Não informado;;;;;
São Paulo;Casa Verde;Não informado;Não informado;;;;;
São Paulo;Limão;Não informado;Não informado;;;;;
São Paulo;Tucuruvi;Não informado;Não informado;;;;;
São Paulo;Consolação;Não informado;Não informado;;;;;
São Paulo;Limão;São Paulo;Casa Verde;;;;;
São Paulo;Sé;São Paulo;Jabaquara;;;;;
São Paulo;Perdizes;São Paulo;Casa Verde;;;;;
São Paulo;Perdizes;São Paulo;Limão;;;;;
São Paulo;Campo Limpo;São Paulo;Santana;;;;;
São Paulo;Pinheiros;São Paulo;Consolação;;;;;
São Paulo;Bela Vista;São Paulo;Consolação;;;;;
São Paulo;Santo Amaro;Não informado;Não informado;;;;;
São Paulo;Vila Prudente;Não informado;Não informado;;;;;
São Paulo;Sé;Não informado;Não informado;;;;;
São Paulo;Santana;Não informado;Não informado;;;;;
São Paulo;Butantã;São Paulo;Higienópolis;;;;;
São Paulo;República;Não informado;Não informado;;;;;
São Paulo;Butantã;São Paulo;Bela Vista;;;;;
São Paulo;Santo Amaro;São Paulo;Higienópolis;;;;;
São Paulo;Consolação;São Paulo;República;;;;;
São Paulo;Santana;São Paulo;Santo Amaro;;;;;
São Paulo;Itaquera;Não informado;Não informado;;;;;
São Paulo;Santana;São Paulo;Consolação;;;;;
São Paulo;Perdizes;Não informado;Não informado;;;;;
São Paulo;República;São Paulo;Bela Vista;;;;;
São Paulo;Ipiranga;São Paulo;República;;;;;
São Paulo;Butantã;São Paulo;Santana;;;;;
São Paulo;Tucuruvi;São Paulo;Sé;;;;;
São Paulo;Tucuruvi;São Paulo;Higienópolis;;;;;
São Paulo;Campo Limpo;São Paulo;República;;;;;
São Paulo;Pinheiros;Não informado;Não informado;;;;;
São Paulo;Tatuapé;Não informado;Não informado;;;;;
São Paulo;Consolação;São Paulo;Consolação;;;;;
São Paulo;Jabaquara;Não informado;Não informado;;;;;
São Paulo;Butantã;São Paulo;Bela Vista;;;;;
São Paulo;Perdizes;São Paulo;Casa Verde;;;;;
São Paulo;Jabaquara;São Paulo;Lapa;;;;;
São Paulo;Ipiranga;Não informado;Não informado;;;;;
São Paulo;Limão;São Paulo;Limão;;;;;
São Paulo;Sé;Não informado;Não informado;;;;;
São Paulo;República;São Paulo;Santana;;;;;
São Paulo;Santana;Não informado;Não informado;;;;;
Osasco;Butantã;Não informado;Não informado;;;;;
São Paulo;Itaquera;Não informado;Não informado;;;;;
São Paulo;Santo Amaro;São Paulo;Butantã;;;;;
Moraes;Perdizes;São Paulo;Santana;;;;;
São Paulo;Lapa;Não informado;Não informado;;;;;
São Paulo;Butantã;São Paulo;Limão;;;;;
São Paulo;Ipiranga;São Paulo;República;;;;;
São Paulo;Bela Vista;São Paulo;Perdizes;;;;;
São Paulo;Ipiranga;São Paulo;República;;;;;
São Paulo;Campo Limpo;São Paulo;Bela Vista;;;;;
São Paulo;Santo Amaro;São Paulo;Consolação;;;;;
São Paulo;Limão;Não informado;Não informado;;;;;
São Paulo;Jabaquara;São Paulo;Consolação;;;;;
São Paulo;Sé;São Paulo;Higienópolis;;;;;
São Paulo;Ipiranga;Não informado;Não informado;;;;;
São Paulo;Bela Vista;Não informado;Não informado;;;;;
São Paulo;Pinheiros;Não informado;Não informado;;;;;
São Paulo;Bela Vista;São Paulo;Sé;;;;;
Rocha do Campo;Limão;São Paulo;Higienópolis;;;;;
São Paulo;Santo Amaro;São Paulo;Vila Prudente;;;;;
São Paulo;Lapa;São Paulo;Itaquera;;;;;
São Paulo;Casa Verde;Não informado;Não informado;;;;;
São Paulo;Higienópolis;Não informado;Não informado;;;;;
São Paulo;Jabaquara;São Paulo;Santana;;;;;
São Paulo;Casa Verde;Não informado;Não informado;;;;;
Vieira de Goi√°s;Santo Amaro;São Paulo;Penha;;;;;
Lopes;Limão;Não informado;Não informado;;;;;
São Paulo;Jabaquara;São Paulo;República;;;;;
São Paulo;Perdizes;São Paulo;Santana;;;;;
São Paulo;Limão;São Paulo;Penha;;;;;
São Paulo;Jabaquara;Não informado;Não informado;;;;;
Dias;Penha;São Paulo;Bela Vista;;;;;
Melo;Butantã;Não informado;Não informado;;;;;
Correia de Cunha;Pinheiros;Não informado;Não informado;;;;;
São Paulo;Campo Limpo;Não informado;Não informado;;;;;
São Paulo;Limão;São Paulo;República;;;;;
São Paulo;Butantã;São Paulo;República;;;;;
Carvalho;Casa Verde;Não informado;Não informado;;;;;
São Paulo;Santo Amaro;São Paulo;Consolação;;;;;
São Paulo;Perdizes;São Paulo;Consolação;;;;;
São Paulo;Tatuapé;São Paulo;Higienópolis;;;;;
São Paulo;Jabaquara;São Paulo;Bela Vista;;;;;
Nunes dos Dourados;Santana;São Paulo;Vila Prudente;;;;;
São Paulo;Perdizes;São Paulo;República;;;;;
Diadema;Limão;São Paulo;República;;;;;
São Paulo;Casa Verde;Não informado;Não informado;;;;;
São Paulo;Limão;São Paulo;Santana;;;;;
São Paulo;Higienópolis;São Paulo;Limão;;;;;
São Paulo;Bela Vista;Não informado;Não informado;;;;;
São Paulo;Vila Prudente;São Paulo;República;;;;;
São Paulo;Tucuruvi;Não informado;Não informado;;;;;
São Paulo;Itaquera;São Paulo;Bela Vista;;;;;
São Paulo;República;Não informado;Não informado;;;;;
São Paulo;Santana;Não informado;Não informado;;;;;
São Paulo;Tatuapé;São Paulo;República;;;;;
Rocha;Ipiranga;São Paulo;Higienópolis;;;;;
São Paulo;Ipiranga;São Paulo;República;;;;;
São Paulo;Tucuruvi;Não informado;Não informado;;;;;
São Paulo;Bela Vista;São Paulo;Sé;;;;;
São Paulo;Pinheiros;Não informado;Não informado;;;;;
São Paulo;Butantã;Não informado;Não informado;;;;;
São Paulo;Sé;São Paulo;República;;;;;
São Paulo;Campo Limpo;Não informado;Não informado;;;;;
São Paulo;Bela Vista;Não informado;Não informado;;;;;
São Paulo;Tucuruvi;São Paulo;Higienópolis;;;;;
São Paulo;Lapa;São Paulo;Bela Vista;;;;;
São Paulo;Consolação;Não informado;Não informado;;;;;
São Paulo;Tatuapé;São Paulo;Sé;;;;;
São Paulo;Butantã;Não informado;Não informado;;;;;
São Paulo;Santo Amaro;Não informado;Não informado;;;;;
São Paulo;Itaquera;São Paulo;Higienópolis;;;;;
São Paulo;Butantã;São Paulo;Higienópolis;;;;;
São Paulo;Tucuruvi;Não informado;Não informado;;;;;
São Paulo;Lapa;Não informado;Não informado;;;;;
São Paulo;República;São Paulo;Tatuapé;;;;;
São Paulo;Lapa;São Paulo;Consolação;;;;;
São Paulo;Ipiranga;São Paulo;Tucuruvi;;;;;
São Paulo;Campo Limpo;Não informado;Não informado;;;;;
São Paulo;Jabaquara;Não informado;Não informado;;;;;
São Paulo;Limão;Não informado;Não informado;;;;;
São Paulo;Penha;Não informado;Não informado;;;;;
São Paulo;Santo Amaro;Não informado;Não informado;;;;;
São Paulo;Butantã;Não informado;Não informado;;;;;
São Paulo;Tatuapé;São Paulo;Consolação;;;;;
São Paulo;Butantã;Não informado;Não informado;;;;;
São Paulo;Bela Vista;Não informado;Não informado;;;;;
São Paulo;Limão;Não informado;Não informado;;;;;
São Paulo;Casa Verde;São Paulo;Sé;;;;;
São Paulo;Higienópolis;Não informado;Não informado;;;;;
São Paulo;Pinheiros;São Paulo;República;;;;;
São Paulo;Sé;São Paulo;Higienópolis;;;;;
São Paulo;República;São Paulo;Penha;;;;;
São Paulo;Perdizes;São Paulo;República;;;;;
São Paulo;Sé;São Paulo;Santana;;;;;
São Paulo;Ipiranga;Não informado;Não informado;;;;;
São Paulo;Limão;São Paulo;Bela Vista;;;;;
São Paulo;Jabaquara;Não informado;Não informado;;;;;
São Paulo;Itaquera;Não informado;Não informado;;;;;
São Paulo;Penha;São Paulo;Tucuruvi;;;;;
São Paulo;Vila Prudente;São Paulo;Consolação;;;;;
São Paulo;Limão;Não informado;Não informado;;;;;
São Paulo;Tatuapé;Não informado;Não informado;;;;;
São Paulo;Penha;São Paulo;Consolação;;;;;
São Paulo;Lapa;São Paulo;Jabaquara;;;;;
São Paulo;Pinheiros;São Paulo;Butantã;;;;;
São Paulo;Pinheiros;Não informado;Não informado;;;;;
São Paulo;Pinheiros;Não informado;Não informado;;;;;
São Paulo;Penha;São Paulo;República;;;;;
São Paulo;Bela Vista;São Paulo;Consolação;;;;;
São Paulo;Tucuruvi;São Paulo;Campo Limpo;;;;;
São Paulo;Sé;Não informado;Não informado;;;;;
São Paulo;Tucuruvi;Não informado;Não informado;;;;;
São Paulo;Jabaquara;Não informado;Não informado;;;;;
São Paulo;Butantã;São Paulo;República;;;;;
São Paulo;Tatuapé;Não informado;Não informado;;;;;
São Paulo;Ipiranga;Não informado;Não informado;;;;;
Rodrigues Grande;Ipiranga;São Paulo;Jabaquara;;;;;
São Paulo;Bela Vista;São Paulo;Consolação;;;;;
São Paulo;Ipiranga;São Paulo;Higienópolis;;;;;
São Paulo;Limão;São Paulo;República;;;;;
São Paulo;Campo Limpo;Não informado;Não informado;;;;;
São Paulo;Bela Vista;São Paulo;Itaquera;;;;;
São Paulo;Jabaquara;Não informado;Não informado;;;;;
São Paulo;Butantã;Não informado;Não informado;;;;;
São Paulo;Sé;São Paulo;República;;;;;
São Paulo;Sé;São Paulo;Tatuapé;;;;;
Diadema;Vila Prudente;São Paulo;Santana;;;;;
São Paulo;Pinheiros;Não informado;Não informado;;;;;
São Paulo;Itaquera;Não informado;Não informado;;;;;
São Paulo;Higienópolis;São Paulo;Tucuruvi;;;;;
São Paulo;Santo Amaro;São Paulo;Higienópolis;;;;;
São Paulo;República;São Paulo;Bela Vista;;;;;
São Paulo;Itaquera;Não informado;Não informado;;;;;
São Paulo;Sé;Não informado;Não informado;;;;;
São Paulo;Lapa;São Paulo;República;;;;;
São Paulo;Tatuapé;Não informado;Não informado;;;;;
São Paulo;Santo Amaro;Não informado;Não informado;;;;;
São Paulo;Tatuapé;São Paulo;Perdizes;;;;;
São Paulo;Higienópolis;São Paulo;Limão;;;;;
São Paulo;Vila Prudente;São Paulo;Santana;;;;;
São Paulo;Consolação;São Paulo;Bela Vista;;;;;
São Paulo;Jabaquara;São Paulo;Santana;;;;;
São Paulo;Consolação;São Paulo;República;;;;;
São Paulo;Bela Vista;Não informado;Não informado;;;;;
São Paulo;Limão;São Paulo;Bela Vista;;;;;
São Paulo;Tatuapé;São Paulo;Sé;;;;;
São Paulo;Limão;São Paulo;Consolação;;;;;
São Paulo;Pinheiros;Não informado;Não informado;;;;;
São Paulo;República;São Paulo;República;;;;;
São Paulo;Santo Amaro;Não informado;Não informado;;;;;
São Paulo;Vila Prudente;São Paulo;Tucuruvi;;;;;
São Paulo;Itaquera;Não informado;Não informado;;;;;
São Paulo;Sé;São Paulo;Penha;;;;;
São Paulo;Tucuruvi;São Paulo;Sé;;;;;
São Paulo;Limão;São Paulo;Jabaquara;;;;;
São Paulo;Tucuruvi;São Paulo;Sé;;;;;
São Paulo;Pinheiros;Não informado;Não informado;;;;;
São Paulo;Limão;Não informado;Não informado;;;;;
São Paulo;Sé;São Paulo;Bela Vista;;;;;
São Paulo;Lapa;São Paulo;Sé;;;;;
Diadema;Itaquera;Não informado;Não informado;;;;;
São Paulo;Limão;Não informado;Não informado;;;;;
São Paulo;Butantã;São Paulo;Perdizes;;;;;
São Paulo;Butantã;Não informado;Não informado;;;;;
São Paulo;Lapa;São Paulo;Tatuapé;;;;;
São Paulo;Bela Vista;São Paulo;República;;;;;
São Paulo;Ipiranga;Não informado;Não informado;;;;;
São Paulo;Butantã;São Paulo;República;;;;;
São Paulo;Itaquera;Não informado;Não informado;;;;;
São Paulo;Limão;São Paulo;Bela Vista;;;;;
São Paulo;Butantã;São Paulo;Santana;;;;;
São Paulo;Campo Limpo;Não informado;Não informado;;;;;
São Paulo;Bela Vista;São Paulo;Casa Verde;;;;;
São Paulo;Ipiranga;São Paulo;Limão;;;;;
São Paulo;Tatuapé;Não informado;Não informado;;;;;
São Paulo;Lapa;São Paulo;República;;;;;
São Paulo;Santana;São Paulo;Higienópolis;;;;;
São Paulo;Itaquera;São Paulo;Bela Vista;;;;;
São Paulo;Jabaquara;São Paulo;Higienópolis;;;;;
São Paulo;Butantã;São Paulo;Itaquera;;;;;
São Paulo;Consolação;São Paulo;Consolação;;;;;
São Paulo;Bela Vista;São Paulo;República;;;;;
São Paulo;Limão;Não informado;Não informado;;;;;
São Paulo;Campo Limpo;Não informado;Não informado;;;;;
São Paulo;Casa Verde;Não informado;Não informado;;;;;
São Paulo;Tucuruvi;Não informado;Não informado;;;;;
São Paulo;Santana;São Paulo;Sé;;;;;
São Paulo;Lapa;Não informado;Não informado;;;;;
São Paulo;Itaquera;São Paulo;República;;;;;
São Paulo;Ipiranga;São Paulo;Higienópolis;;;;;
São Paulo;Penha;Não informado;Não informado;;;;;
São Paulo;Santo Amaro;São Paulo;Bela Vista;;;;;
Campos;Limão;São Paulo;Tucuruvi;;;;;
São Paulo;Vila Prudente;Não informado;Não informado;;;;;
São Paulo;Consolação;São Paulo;Bela Vista;;;;;
São Paulo;Penha;São Paulo;Butantã;;;;;
São Paulo;Vila Prudente;São Paulo;Higienópolis;;;;;
São Paulo;Campo Limpo;Não informado;Não informado;;;;;
São Paulo;Vila Prudente;São Paulo;Consolação;;;;;
São Paulo;Vila Prudente;São Paulo;Campo Limpo;;;;;
São Paulo;Casa Verde;Não informado;Não informado;;;;;
São Paulo;Sé;Não informado;Não informado;;;;;
São Paulo;Ipiranga;São Paulo;Tatuapé;;;;;
São Paulo;Tucuruvi;São Paulo;Pinheiros;;;;;
São Paulo;Limão;São Paulo;República;;;;;
São Paulo;Campo Limpo;São Paulo;Consolação;;;;;
São Paulo;Perdizes;São Paulo;República;;;;;
Santo André;Santo Amaro;Não informado;Não informado;;;;;
São Paulo;Limão;Não informado;Não informado;;;;;
São Paulo;Jabaquara;São Paulo;Santana;;;;;
Barros;República;Não informado;Não informado;;;;;
São Paulo;Santana;São Paulo;Lapa;;;;;
São Paulo;Campo Limpo;São Paulo;Limão;;;;;
São Paulo;Higienópolis;São Paulo;Vila Prudente;;;;;
São Paulo;Jabaquara;São Paulo;Penha;;;;;
São Paulo;Bela Vista;São Paulo;Consolação;;;;;
São Paulo;Pinheiros;Não informado;Não informado;;;;;
São Paulo;Itaquera;Não informado;Não informado;;;;;
São Paulo;Itaquera;São Paulo;Campo Limpo;;;;;
São Paulo;Vila Prudente;Não informado;Não informado;;;;;
São Paulo;Santana;São Paulo;Tucuruvi;;;;;
São Paulo;Higienópolis;Não informado;Não informado;;;;;
São Paulo;Consolação;Não informado;Não informado;;;;;
São Paulo;Vila Prudente;São Paulo;Sé;;;;;
São Paulo;Casa Verde;São Paulo;Tatuapé;;;;;
São Paulo;Tucuruvi;São Paulo;Perdizes;;;;;
São Paulo;Limão;São Paulo;Vila Prudente;;;;;
São Paulo;Sé;Não informado;Não informado;;;;;
São Paulo;República;Não informado;Não informado;;;;;
Farias Alegre;Sé;Não informado;Não informado;;;;;
São Paulo;Vila Prudente;São Paulo;Ipiranga;;;;;
São Paulo;Limão;Não informado;Não informado;;;;;
São Paulo;Santo Amaro;São Paulo;Campo Limpo;;;;;
São Paulo;Casa Verde;São Paulo;Limão;;;;;
São Paulo;Ipiranga;Não informado;Não informado;;;;;
São Paulo;Lapa;São Paulo;Sé;;;;;
São Paulo;Perdizes;São Paulo;Sé;;;;;
São Paulo;Lapa;Não informado;Não informado;;;;;
São Paulo;Ipiranga;Não informado;Não informado;;;;;
São Paulo;Itaquera;São Paulo;República;;;;;
São Paulo;Perdizes;São Paulo;Higienópolis;;;;;
Diadema;Pinheiros;São Paulo;Consolação;;;;;
São Paulo;Consolação;São Paulo;Itaquera;;;;;
São Paulo;Butantã;Não informado;Não informado;;;;;
São Paulo;Ipiranga;Não informado;Não informado;;;;;
São Paulo;Butantã;Não informado;Não informado;;;;;
São Paulo;Higienópolis;São Paulo;Casa Verde;;;;;
São Paulo;Casa Verde;Não informado;Não informado;;;;;
São Paulo;Limão;São Paulo;Santana;;;;;
São Paulo;Limão;Não informado;Não informado;;;;;
São Paulo;Itaquera;São Paulo;Bela Vista;;;;;
São Paulo;Higienópolis;São Paulo;Higienópolis;;;;;
São Paulo;Casa Verde;Não informado;Não informado;;;;;
São Paulo;Ipiranga;Não informado;Não informado;;;;;
São Paulo;Consolação;São Paulo;Bela Vista;;;;;
São Paulo;Campo Limpo;São Paulo;Itaquera;;;;;
São Paulo;Higienópolis;Não informado;Não informado;;;;;
São Paulo;Higienópolis;Não informado;Não informado;;;;;
São Paulo;Higienópolis;São Paulo;Consolação;;;;;
São Paulo;Lapa;Não informado;Não informado;;;;;
São Paulo;Jabaquara;São Paulo;Consolação;;;;;
São Paulo;Sé;Não informado;Não informado;;;;;
São Paulo;Campo Limpo;São Paulo;Perdizes;;;;;
Ribeirão Pires;Vila Prudente;São Paulo;Consolação;;;;;
São Paulo;Pinheiros;São Paulo;Sé;;;;;
São Paulo;Santana;Não informado;Não informado;;;;;
São Paulo;Pinheiros;São Paulo;Santana;;;;;
São Paulo;Casa Verde;Não informado;Não informado;;;;;
São Paulo;Itaquera;Não informado;Não informado;;;;;
São Paulo;Vila Prudente;Não informado;Não informado;;;;;
São Paulo;Bela Vista;Não informado;Não informado;;;;;
São Paulo;Bela Vista;Não informado;Não informado;;;;;
São Paulo;Pinheiros;Não informado;Não informado;;;;;
São Paulo;Limão;São Paulo;República;;;;;
São Paulo;Santo Amaro;São Paulo;Bela Vista;;;;;
São Paulo;Consolação;São Paulo;Sé;;;;;
São Paulo;Penha;São Paulo;Limão;;;;;
São Paulo;Santo Amaro;Não informado;Não informado;;;;;
Lopes;Higienópolis;Não informado;Não informado;;;;;
São Paulo;Sé;Não informado;Não informado;;;;;
São Paulo;Santana;São Paulo;Consolação;;;;;
São Paulo;Lapa;São Paulo;Consolação;;;;;
São Paulo;Bela Vista;Não informado;Não informado;;;;;
São Paulo;Tucuruvi;São Paulo;Ipiranga;;;;;
São Paulo;Tucuruvi;Não informado;Não informado;;;;;
São Paulo;Vila Prudente;São Paulo;Higienópolis;;;;;
São Paulo;Bela Vista;São Paulo;Sé;;;;;
São Paulo;Sé;Não informado;Não informado;;;;;
São Paulo;Ipiranga;Não informado;Não informado;;;;;
São Paulo;Santo Amaro;São Paulo;Bela Vista;;;;;
São Paulo;Campo Limpo;São Paulo;Tucuruvi;;;;;
São Paulo;Santo Amaro;São Paulo;Butantã;;;;;
São Paulo;Itaquera;Não informado;Não informado;;;;;
São Paulo;Ipiranga;São Paulo;Higienópolis;;;;;
São Paulo;Tucuruvi;São Paulo;Itaquera;;;;;
São Paulo;Casa Verde;São Paulo;República;;;;;
Mendes;Tucuruvi;Não informado;Não informado;;;;;
São Paulo;Sé;São Paulo;Higienópolis;;;;;
São Paulo;Tatuapé;São Paulo;Bela Vista;;;;;
São Paulo;Pinheiros;São Paulo;Bela Vista;;;;;
São Paulo;Bela Vista;Não informado;Não informado;;;;;
Teixeira do Sul;Consolação;Não informado;Não informado;;;;;
São Paulo;Higienópolis;São Paulo;Bela Vista;;;;;
São Paulo;Vila Prudente;Não informado;Não informado;;;;;
São Paulo;Penha;São Paulo;Higienópolis;;;;;
São Paulo;Casa Verde;São Paulo;Itaquera;;;;;
Farias de Santos;Limão;Não informado;Não informado;;;;;
São Paulo;Pinheiros;São Paulo;Tucuruvi;;;;;
São Paulo;Lapa;Não informado;Não informado;;;;;
São Paulo;Ipiranga;São Paulo;Sé;;;;;
São Paulo;Bela Vista;São Paulo;Higienópolis;;;;;
São Paulo;Higienópolis;São Paulo;Higienópolis;;;;;
São Paulo;Campo Limpo;Não informado;Não informado;;;;;
São Paulo;Tucuruvi;São Paulo;Limão;;;;;
São Paulo;Santana;São Paulo;Consolação;;;;;
São Paulo;Santana;Não informado;Não informado;;;;;
São Paulo;Casa Verde;São Paulo;Bela Vista;;;;;
São Paulo;Limão;Não informado;Não informado;;;;;
São Paulo;Vila Prudente;São Paulo;Bela Vista;;;;;
Suzano;Itaquera;Não informado;Não informado;;;;;
São Paulo;Higienópolis;São Paulo;Higienópolis;;;;;
São Paulo;Limão;São Paulo;Sé;;;;;
São Paulo;Ipiranga;São Paulo;Consolação;;;;;
São Paulo;Pinheiros;Não informado;Não informado;;;;;
São Paulo;Vila Prudente;Não informado;Não informado;;;;;
São Paulo;Perdizes;São Paulo;República;;;;;
São Paulo;Perdizes;Não informado;Não informado;;;;;
São Paulo;Vila Prudente;São Paulo;Consolação;;;;;
Ribeirão Pires;Butantã;São Paulo;Sé;;;;;
São Paulo;Jabaquara;Não informado;Não informado;;;;;
São Paulo;República;São Paulo;Higienópolis;;;;;
São Paulo;Santo Amaro;São Paulo;Santana;;;;;
São Paulo;Jabaquara;São Paulo;Tucuruvi;;;;;
São Paulo;Consolação;Não informado;Não informado;;;;;
Pereira;Tucuruvi;São Paulo;República;;;;;
Diadema;República;Não informado;Não informado;;;;;
São Paulo;Tucuruvi;São Paulo;Jabaquara;;;;;
São Paulo;Itaquera;Não informado;Não informado;;;;;
São Paulo;Vila Prudente;São Paulo;Bela Vista;;;;;
Teixeira;Campo Limpo;Não informado;Não informado;;;;;
São Paulo;Casa Verde;São Paulo;Sé;;;;;
São Paulo;Lapa;São Paulo;Sé;;;;;
São Paulo;Tatuapé;São Paulo;República;;;;;
São Paulo;Santo Amaro;São Paulo;Consolação;;;;;
São Paulo;Butantã;São Paulo;Sé;;;;;
Rezende de Cavalcanti;Santo Amaro;São Paulo;Consolação;;;;;
São Paulo;Santo Amaro;São Paulo;Sé;;;;;
São Paulo;Tucuruvi;São Paulo;Tucuruvi;;;;;
São Paulo;Butantã;Não informado;Não informado;;;;;
São Paulo;Jabaquara;Não informado;Não informado;;;;;
São Paulo;Casa Verde;São Paulo;Casa Verde;;;;;
São Paulo;Penha;Não informado;Não informado;;;;;
São Paulo;Ipiranga;São Paulo;Bela Vista;;;;;
São Paulo;Pinheiros;São Paulo;Limão;;;;;
São Paulo;Ipiranga;Não informado;Não informado;;;;;
São Paulo;Vila Prudente;Não informado;Não informado;;;;;
São Paulo;Sé;Não informado;Não informado;;;;;
São Paulo;Higienópolis;São Paulo;República;;;;;
São Paulo;Campo Limpo;Não informado;Não informado;;;;;
São Paulo;Butantã;São Paulo;Bela Vista;;;;;
São Paulo;Penha;Não informado;Não informado;;;;;
São Paulo;Casa Verde;São Paulo;Sé;;;;;
São Paulo;Santana;Não informado;Não informado;;;;;
Farias dos Dourados;Higienópolis;Não informado;Não informado;;;;;
São Paulo;Campo Limpo;Não informado;Não informado;;;;;
São Paulo;Limão;Não informado;Não informado;;;;;
São Paulo;Santana;São Paulo;Consolação;;;;;
São Paulo;Bela Vista;São Paulo;Consolação;;;;;
São Paulo;Tucuruvi;Não informado;Não informado;;;;;
São Paulo;Pinheiros;São Paulo;Consolação;;;;;
São Paulo;Vila Prudente;São Paulo;Higienópolis;;;;;
São Paulo;Butantã;Não informado;Não informado;;;;;
São Paulo;Itaquera;Não informado;Não informado;;;;;
São Paulo;Jabaquara;São Paulo;Bela Vista;;;;;
São Paulo;República;Não informado;Não informado;;;;;
São Paulo;Consolação;São Paulo;Lapa;;;;;
São Paulo;Ipiranga;São Paulo;República;;;;;
São Paulo;Santana;Não informado;Não informado;;;;;
São Paulo;Perdizes;Não informado;Não informado;;;;;
São Paulo;República;São Paulo;República;;;;;
São Paulo;Perdizes;São Paulo;Limão;;;;;
São Paulo;Perdizes;São Paulo;Ipiranga;;;;;
São Paulo;Ipiranga;Não informado;Não informado;;;;;
São Paulo;Jabaquara;Não informado;Não informado;;;;;
São Paulo;Jabaquara;São Paulo;Consolação;;;;;
São Paulo;Lapa;São Paulo;Higienópolis;;;;;
Ferreira;Butantã;São Paulo;Lapa;;;;;
São Paulo;Campo Limpo;São Paulo;República;;;;;
São Paulo;Vila Prudente;São Paulo;Tucuruvi;;;;;
São Paulo;Butantã;São Paulo;República;;;;;
São Paulo;Campo Limpo;Não informado;Não informado;;;;;
São Paulo;Penha;Não informado;Não informado;;;;;
São Paulo;Tatuapé;São Paulo;Tatuapé;;;;;
São Paulo;Limão;São Paulo;Sé;;;;;
São Paulo;Perdizes;Não informado;Não informado;;;;;
São Paulo;Jabaquara;São Paulo;Bela Vista;;;;;
São Paulo;Jabaquara;São Paulo;Sé;;;;;
São Paulo;Perdizes;São Paulo;Consolação;;;;;
São Paulo;Ipiranga;São Paulo;Sé;;;;;
São Paulo;Campo Limpo;São Paulo;Itaquera;;;;;
São Paulo;Tatuapé;Não informado;Não informado;;;;;
São Paulo;República;Não informado;Não informado;;;;;
São Paulo;Lapa;São Paulo;Sé;;;;;
São Paulo;Limão;Não informado;Não informado;;;;;
São Paulo;Consolação;São Paulo;Perdizes;;;;;
São Paulo;Santo Amaro;São Paulo;Santo Amaro;;;;;
São Paulo;Perdizes;Não informado;Não informado;;;;;
São Paulo;Tatuapé;São Paulo;Bela Vista;;;;;
São Paulo;Ipiranga;Não informado;Não informado;;;;;
São Paulo;República;Não informado;Não informado;;;;;
São Paulo;Jabaquara;São Paulo;Itaquera;;;;;
São Paulo;Santana;Não informado;Não informado;;;;;
Silveira;Vila Prudente;São Paulo;Tatuapé;;;;;
São Paulo;Ipiranga;São Paulo;República;;;;;
Ribeirão Pires;Consolação;São Paulo;Tucuruvi;;;;;
São Paulo;Tatuapé;São Paulo;Consolação;;;;;
São Paulo;Lapa;Não informado;Não informado;;;;;
São Paulo;Ipiranga;São Paulo;Perdizes;;;;;
São Paulo;Bela Vista;Não informado;Não informado;;;;;
São Paulo;República;São Paulo;Itaquera;;;;;
São Paulo;Higienópolis;São Paulo;República;;;;;
São Paulo;Sé;Não informado;Não informado;;;;;
Santo André;Vila Prudente;São Paulo;Higienópolis;;;;;
São Paulo;Butantã;Não informado;Não informado;;;;;
São Paulo;Higienópolis;Não informado;Não informado;;;;;
São Paulo;Bela Vista;São Paulo;Casa Verde;;;;;
São Paulo;Butantã;São Paulo;Consolação;;;;;
São Paulo;Campo Limpo;São Paulo;República;;;;;
São Paulo;Santana;São Paulo;Jabaquara;;;;;
Mendes do Amparo;Pinheiros;Não informado;Não informado;;;;;
São Paulo;Consolação;São Paulo;Sé;;;;;
São Paulo;Penha;São Paulo;Lapa;;;;;
São Paulo;Lapa;São Paulo;Bela Vista;;;;;
São Paulo;Itaquera;São Paulo;República;;;;;
São Paulo;Casa Verde;São Paulo;Lapa;;;;;
São Paulo;Ipiranga;São Paulo;Consolação;;;;;
São Paulo;Lapa;Não informado;Não informado;;;;;
São Paulo;Santo Amaro;Não informado;Não informado;;;;;
São Paulo;Tucuruvi;São Paulo;Perdizes;;;;;
São Paulo;Tucuruvi;Não informado;Não informado;;;;;
São Paulo;Tatuapé;São Paulo;Butantã;;;;;
São Paulo;Casa Verde;Não informado;Não informado;;;;;
São Paulo;Casa Verde;São Paulo;Bela Vista;;;;;
São Paulo;Consolação;São Paulo;República;;;;;
São Paulo;Higienópolis;São Paulo;Sé;;;;;
São Paulo;Sé;São Paulo;República;;;;;
São Paulo;Tucuruvi;Não informado;Não informado;;;;;
São Paulo;Jabaquara;São Paulo;República;;;;;
São Paulo;Bela Vista;São Paulo;Butantã;;;;;
Souza;Itaquera;Não informado;Não informado;;;;;
São Paulo;Perdizes;São Paulo;Consolação;;;;;
São Paulo;Bela Vista;São Paulo;Bela Vista;;;;;
São Paulo;Campo Limpo;Não informado;Não informado;;;;;
São Paulo;República;São Paulo;Campo Limpo;;;;;
São Paulo;Limão;Não informado;Não informado;;;;;
São Paulo;Penha;São Paulo;Sé;;;;;
São Paulo;Santo Amaro;Não informado;Não informado;;;;;
São Paulo;Lapa;São Paulo;Penha;;;;;
São Paulo;Santo Amaro;Não informado;Não informado;;;;;
São Paulo;Bela Vista;São Paulo;Higienópolis;;;;;
Lopes do Norte;Pinheiros;Não informado;Não informado;;;;;
São Paulo;Lapa;Não informado;Não informado;;;;;
São Paulo;Sé;São Paulo;Bela Vista;;;;;
São Paulo;Tatuapé;Não informado;Não informado;;;;;
São Paulo;Penha;São Paulo;Santo Amaro;;;;;
São Paulo;Pinheiros;São Paulo;Pinheiros;;;;;
Diadema;Sé;Não informado;Não informado;;;;;
São Paulo;Tatuapé;Não informado;Não informado;;;;;
São Paulo;Jabaquara;Não informado;Não informado;;;;;
São Paulo;Santana;São Paulo;Santana;;;;;
São Paulo;Campo Limpo;São Paulo;Tucuruvi;;;;;
São Paulo;Perdizes;São Paulo;Sé;;;;;
São Paulo;Ipiranga;São Paulo;República;;;;;
São Paulo;Ipiranga;São Paulo;Consolação;;;;;
São Paulo;Vila Prudente;São Paulo;Sé;;;;;
São Paulo;Vila Prudente;São Paulo;Sé;;;;;
São Paulo;Tucuruvi;Não informado;Não informado;;;;;
São Paulo;Limão;Não informado;Não informado;;;;;
São Paulo;Santo Amaro;Não informado;Não informado;;;;;
São Paulo;Perdizes;Não informado;Não informado;;;;;
São Paulo;Casa Verde;Não informado;Não informado;;;;;
São Paulo;Butantã;São Paulo;Jabaquara;;;;;
São Paulo;República;São Paulo;Bela Vista;;;;;
São Paulo;Consolação;Não informado;Não informado;;;;;
São Paulo;Campo Limpo;Não informado;Não informado;;;;;
São Paulo;Campo Limpo;São Paulo;Sé;;;;;
São Paulo;Jabaquara;São Paulo;República;;;;;
São Paulo;Vila Prudente;São Paulo;Higienópolis;;;;;
São Paulo;Casa Verde;Não informado;Não informado;;;;;
São Paulo;República;São Paulo;Tatuapé;;;;;
Moura;Consolação;Não informado;Não informado;;;;;
São Paulo;Vila Prudente;Não informado;Não informado;;;;;
São Paulo;Tatuapé;São Paulo;Penha;;;;;
São Paulo;Higienópolis;São Paulo;Perdizes;;;;;
São Paulo;Ipiranga;São Paulo;Bela Vista;;;;;
São Paulo;Santana;São Paulo;Tatuapé;;;;;
Diadema;Centro;Não informado;Não informado;;;;;
São Paulo;Lapa;São Paulo;República;;;;;
São Paulo;Lapa;São Paulo;Consolação;;;;;
São Paulo;Penha;Não informado;Não informado;;;;;
São Paulo;Lapa;São Paulo;Bela Vista;;;;;
São Paulo;Ipiranga;São Paulo;Casa Verde;;;;;
São Paulo;Pinheiros;Não informado;Não informado;;;;;
São Paulo;Lapa;São Paulo;Santo Amaro;;;;;
São Paulo;Sé;Não informado;Não informado;;;;;
São Paulo;Tucuruvi;Não informado;Não informado;;;;;
São Paulo;Santo Amaro;Não informado;Não informado;;;;;
São Paulo;Ipiranga;Não informado;Não informado;;;;;
Ribeiro do Sul;Tatuapé;Não informado;Não informado;;;;;
São Paulo;Itaquera;Não informado;Não informado;;;;;
São Paulo;Limão;Não informado;Não informado;;;;;
São Paulo;Sé;São Paulo;Santana;;;;;
São Paulo;Campo Limpo;São Paulo;Sé;;;;;
São Paulo;Sé;Não informado;Não informado;;;;;
São Paulo;Lapa;São Paulo;Limão;;;;;
São Paulo;Tucuruvi;Não informado;Não informado;;;;;
São Paulo;Higienópolis;São Paulo;Higienópolis;;;;;
Novaes;Sé;Não informado;Não informado;;;;;
São Paulo;Casa Verde;São Paulo;Bela Vista;;;;;
São Paulo;Penha;Não informado;Não informado;;;;;
São Paulo;Consolação;Não informado;Não informado;;;;;
São Paulo;Ipiranga;Não informado;Não informado;;;;;
São Paulo;Perdizes;Não informado;Não informado;;;;;
São Paulo;Santana;São Paulo;Limão;;;;;
São Paulo;Itaquera;São Paulo;República;;;;;
São Paulo;Limão;São Paulo;República;;;;;
São Paulo;Sé;São Paulo;República;;;;;
São Paulo;Casa Verde;São Paulo;República;;;;;
São Paulo;República;São Paulo;Penha;;;;;
São Paulo;Santana;São Paulo;Limão;;;;;
São Paulo;Higienópolis;Não informado;Não informado;;;;;
Nogueira;República;Não informado;Não informado;;;;;
São Paulo;Limão;Não informado;Não informado;;;;;
São Paulo;Jabaquara;São Paulo;Santana;;;;;
São Paulo;Penha;Não informado;Não informado;;;;;
São Paulo;Perdizes;Não informado;Não informado;;;;;
Monteiro Verde;Itaquera;São Paulo;Higienópolis;;;;;
São Paulo;Sé;São Paulo;Limão;;;;;
Farias;Ipiranga;São Paulo;Bela Vista;;;;;
São Paulo;Penha;Não informado;Não informado;;;;;
São Paulo;República;São Paulo;Tucuruvi;;;;;
São Paulo;Tucuruvi;São Paulo;Ipiranga;;;;;
São Paulo;Higienópolis;Não informado;Não informado;;;;;
São Paulo;Higienópolis;São Paulo;Consolação;;;;;
São Paulo;Campo Limpo;Não informado;Não informado;;;;;
São Paulo;Butantã;São Paulo;Consolação;;;;;
São Paulo;Vila Prudente;São Paulo;Tucuruvi;;;;;
São Paulo;Tatuapé;São Paulo;República;;;;;
Diadema;Centro;São Paulo;Penha;;;;;
São Paulo;Itaquera;São Paulo;Higienópolis;;;;;
São Paulo;Casa Verde;Não informado;Não informado;;;;;
Rezende dos Dourados;Butantã;São Paulo;Bela Vista;;;;;
Diadema;República;Não informado;Não informado;;;;;
São Paulo;Penha;São Paulo;Consolação;;;;;
São Paulo;Penha;Não informado;Não informado;;;;;
São Paulo;Tucuruvi;São Paulo;República;;;;;
São Paulo;Bela Vista;São Paulo;Sé;;;;;
São Paulo;Jabaquara;São Paulo;Tucuruvi;;;;;
São Paulo;Campo Limpo;São Paulo;República;;;;;
São Paulo;Bela Vista;Não informado;Não informado;;;;;
Diadema;Santana;Não informado;Não informado;;;;;
São Paulo;Bela Vista;São Paulo;Tatuapé;;;;;
São Paulo;Tucuruvi;Não informado;Não informado;;;;;
São Paulo;Ipiranga;Não informado;Não informado;;;;;
São Paulo;Perdizes;São Paulo;Consolação;;;;;
Diadema;Lapa;Não informado;Não informado;;;;;
São Paulo;Santo Amaro;São Paulo;Sé;;;;;
São Paulo;Consolação;São Paulo;Higienópolis;;;;;
São Paulo;Tucuruvi;Não informado;Não informado;;;;;
São Paulo;República;São Paulo;Sé;;;;;
São Paulo;Casa Verde;Não informado;Não informado;;;;;
São Paulo;Tatuapé;São Paulo;Sé;;;;;
São Paulo;Butantã;Não informado;Não informado;;;;;
São Paulo;Vila Prudente;São Paulo;República;;;;;
São Paulo;Perdizes;São Paulo;Higienópolis;;;;;
São Paulo;República;São Paulo;Itaquera;;;;;
São Paulo;Perdizes;São Paulo;Higienópolis;;;;;
São Paulo;Butantã;São Paulo;Perdizes;;;;;
São Paulo;Casa Verde;São Paulo;República;;;;;
Diadema;Pinheiros;São Paulo;Sé;;;;;
São Paulo;Perdizes;São Paulo;Bela Vista;;;;;
São Paulo;Perdizes;São Paulo;Tucuruvi;;;;;
São Paulo;Higienópolis;Não informado;Não informado;;;;;
São Paulo;Limão;São Paulo;Sé;;;;;
São Paulo;Campo Limpo;São Paulo;Higienópolis;;;;;
São Paulo;Campo Limpo;Não informado;Não informado;;;;;
São Paulo;Penha;São Paulo;Bela Vista;;;;;
São Paulo;Vila Prudente;Não informado;Não informado;;;;;
São Paulo;Casa Verde;São Paulo;Bela Vista;;;;;
São Paulo;Campo Limpo;São Paulo;Consolação;;;;;
São Paulo;Sé;São Paulo;Bela Vista;;;;;
São Paulo;Bela Vista;São Paulo;Tucuruvi;;;;;
São Paulo;Sé;Não informado;Não informado;;;;;
São Paulo;Consolação;Não informado;Não informado;;;;;
Osasco;Itaquera;São Paulo;Casa Verde;;;;;
Rio Grande da Serra;Pinheiros;São Paulo;Sé;;;;;
São Paulo;Jabaquara;São Paulo;Pinheiros;;;;;
São Bernardo;Itaquera;Não informado;Não informado;;;;;
São Paulo;Sé;São Paulo;Vila Prudente;;;;;
São Paulo;Bela Vista;São Paulo;Bela Vista;;;;;
São Paulo;Ipiranga;São Paulo;Casa Verde;;;;;
São Paulo;Perdizes;São Paulo;Penha;;;;;
São Paulo;República;Não informado;Não informado;;;;;
São Paulo;Bela Vista;Não informado;Não informado;;;;;
São Paulo;Itaquera;São Paulo;Penha;;;;;
São Paulo;Penha;São Paulo;Higienópolis;;;;;
Pereira Alegre;Itaquera;Não informado;Não informado;;;;;
São Paulo;Jabaquara;São Paulo;Vila Prudente;;;;;
São Paulo;Vila Prudente;São Paulo;Itaquera;;;;;
São Paulo;Jabaquara;Não informado;Não informado;;;;;
São Paulo;Pinheiros;São Paulo;Lapa;;;;;
São Paulo;Lapa;São Paulo;Vila Prudente;;;;;
São Paulo;Lapa;São Paulo;Bela Vista;;;;;
São Paulo;Pinheiros;São Paulo;Itaquera;;;;;
São Paulo;Lapa;São Paulo;Sé;;;;;
São Paulo;Vila Prudente;Não informado;Não informado;;;;;
São Paulo;Butantã;Não informado;Não informado;;;;;
São Paulo;Sé;São Paulo;Bela Vista;;;;;
São Paulo;Penha;Não informado;Não informado;;;;;
Diadema;Limão;São Paulo;Consolação;;;;;
São Paulo;Consolação;São Paulo;Itaquera;;;;;
São Paulo;Tucuruvi;Não informado;Não informado;;;;;
São Paulo;Casa Verde;São Paulo;Pinheiros;;;;;
São Paulo;Tucuruvi;São Paulo;Tatuapé;;;;;
São Paulo;Tatuapé;Não informado;Não informado;;;;;
Dias;Itaquera;São Paulo;Limão;;;;;
Suzano;Lapa;Não informado;Não informado;;;;;
São Paulo;Tucuruvi;Não informado;Não informado;;;;;
São Paulo;Limão;Não informado;Não informado;;;;;
São Paulo;Santo Amaro;São Paulo;Tatuapé;;;;;
São Paulo;República;São Paulo;Higienópolis;;;;;
São Paulo;Jabaquara;Não informado;Não informado;;;;;
São Paulo;Santo Amaro;São Paulo;Itaquera;;;;;
São Paulo;Ipiranga;São Paulo;Casa Verde;;;;;
São Paulo;Vila Prudente;São Paulo;Tatuapé;;;;;
São Paulo;Casa Verde;São Paulo;Higienópolis;;;;;
São Paulo;Jabaquara;Não informado;Não informado;;;;;
Ferreira;Santana;São Paulo;Itaquera;;;;;
São Paulo;Vila Prudente;Não informado;Não informado;;;;;
São Paulo;Penha;São Paulo;Consolação;;;;;
São Paulo;Tucuruvi;São Paulo;Bela Vista;;;;;
Teixeira;Bela Vista;Não informado;Não informado;;;;;
São Paulo;Casa Verde;São Paulo;República;;;;;
São Paulo;Jabaquara;São Paulo;Consolação;;;;;
São Paulo;Consolação;Não informado;Não informado;;;;;
São Paulo;Ipiranga;São Paulo;Butantã;;;;;
São Paulo;Jabaquara;São Paulo;Itaquera;;;;;
São Paulo;Vila Prudente;São Paulo;República;;;;;
São Paulo;Itaquera;São Paulo;Penha;;;;;
São Paulo;Consolação;Não informado;Não informado;;;;;
São Paulo;Ipiranga;São Paulo;Santana;;;;;
São Paulo;Jabaquara;Não informado;Não informado;;;;;
São Paulo;Jabaquara;Não informado;Não informado;;;;;
São Paulo;Consolação;Não informado;Não informado;;;;;
São Paulo;Consolação;São Paulo;Tucuruvi;;;;;
São Paulo;Higienópolis;São Paulo;Bela Vista;;;;;
São Paulo;Tucuruvi;São Paulo;Bela Vista;;;;;
São Paulo;Jabaquara;São Paulo;República;;;;;
São Paulo;Casa Verde;Não informado;Não informado;;;;;
São Paulo;Itaquera;São Paulo;Penha;;;;;
São Paulo;Ipiranga;Não informado;Não informado;;;;;
São Paulo;Bela Vista;São Paulo;Higienópolis;;;;;
São Paulo;Higienópolis;Não informado;Não informado;;;;;
Costela;Bela Vista;São Paulo;Sé;;;;;
São Paulo;Jabaquara;São Paulo;República;;;;;
São Paulo;Itaquera;São Paulo;Tatuapé;;;;;
São Paulo;Casa Verde;São Paulo;Bela Vista;;;;;
São Paulo;Sé;São Paulo;Jabaquara;;;;;
São Paulo;Butantã;Não informado;Não informado;;;;;
São Paulo;República;São Paulo;Limão;;;;;
São Paulo;Tucuruvi;São Paulo;Consolação;;;;;
São Paulo;Campo Limpo;Não informado;Não informado;;;;;
São Paulo;Ipiranga;Não informado;Não informado;;;;;
São Paulo;Jabaquara;São Paulo;Sé;;;;;
São Paulo;Vila Prudente;São Paulo;Bela Vista;;;;;
São Paulo;Penha;São Paulo;Vila Prudente;;;;;
São Paulo;Tatuapé;São Paulo;Bela Vista;;;;;
São Paulo;Vila Prudente;Não informado;Não informado;;;;;
São Paulo;Campo Limpo;São Paulo;Campo Limpo;;;;;
São Paulo;Casa Verde;São Paulo;Tatuapé;;;;;
São Paulo;Jabaquara;Não informado;Não informado;;;;;
São Paulo;Higienópolis;São Paulo;Higienópolis;;;;;
São Paulo;Ipiranga;São Paulo;Sé;;;;;
São Paulo;Limão;São Paulo;Sé;;;;;
São Paulo;Ipiranga;Não informado;Não informado;;;;;
São Paulo;Consolação;São Paulo;Higienópolis;;;;;
São Paulo;Higienópolis;Não informado;Não informado;;;;;
São Paulo;Jabaquara;Não informado;Não informado;;;;;
São Paulo;Vila Prudente;São Paulo;Bela Vista;;;;;
São Paulo;Jabaquara;São Paulo;Bela Vista;;;;;
São Paulo;Consolação;São Paulo;Penha;;;;;
São Paulo;Tatuapé;Não informado;Não informado;;;;;
São Paulo;Limão;São Paulo;Penha;;;;;
São Paulo;Tucuruvi;Não informado;Não informado;;;;;
São Paulo;Itaquera;São Paulo;Higienópolis;;;;;
São Paulo;Jabaquara;São Paulo;Bela Vista;;;;;
São Paulo;Pinheiros;Não informado;Não informado;;;;;
São Paulo;Bela Vista;São Paulo;Bela Vista;;;;;
Ribeiro;Vila Prudente;Não informado;Não informado;;;;;
São Paulo;Pinheiros;São Paulo;Casa Verde;;;;;
São Paulo;Vila Prudente;São Paulo;Bela Vista;;;;;
São Paulo;Lapa;São Paulo;Sé;;;;;
São Paulo;Tatuapé;Não informado;Não informado;;;;;
São Paulo;Lapa;São Paulo;Santo Amaro;;;;;
São Paulo;Higienópolis;São Paulo;Consolação;;;;;
São Paulo;Higienópolis;São Paulo;Higienópolis;;;;;
São Paulo;Sé;São Paulo;Consolação;;;;;
São Paulo;Tatuapé;Não informado;Não informado;;;;;
Castro;Campo Limpo;São Paulo;República;;;;;
São Paulo;Penha;Não informado;Não informado;;;;;
Monteiro;Santana;São Paulo;Sé;;;;;
Moura;Sé;Não informado;Não informado;;;;;
São Paulo;Sé;São Paulo;Consolação;;;;;
São Paulo;Campo Limpo;Não informado;Não informado;;;;;
São Paulo;Pinheiros;Não informado;Não informado;;;;;
São Paulo;Penha;São Paulo;Sé;;;;;
São Paulo;Sé;Não informado;Não informado;;;;;
São Paulo;República;São Paulo;Tucuruvi;;;;;
Teixeira do Campo;Penha;São Paulo;Consolação;;;;;
São Paulo;Casa Verde;Não informado;Não informado;;;;;
São Paulo;Tucuruvi;São Paulo;República;;;;;
São Paulo;Penha;São Paulo;República;;;;;
São Paulo;Limão;Não informado;Não informado;;;;;
São Paulo;Consolação;São Paulo;Bela Vista;;;;;
São Paulo;Santo Amaro;Não informado;Não informado;;;;;
São Paulo;Tatuapé;Não informado;Não informado;;;;;
São Paulo;Penha;São Paulo;Pinheiros;;;;;
São Paulo;Santo Amaro;São Paulo;Tucuruvi;;;;;
São Paulo;Sé;São Paulo;República;;;;;
São Paulo;Limão;São Paulo;Bela Vista;;;;;
São Paulo;Santana;São Paulo;República;;;;;
São Paulo;Tucuruvi;São Paulo;Consolação;;;;;
São Paulo;República;Não informado;Não informado;;;;;
São Paulo;Lapa;São Paulo;Consolação;;;;;
São Paulo;Itaquera;Não informado;Não informado;;;;;
São Paulo;Tatuapé;Não informado;Não informado;;;;;
Ferreira dos Dourados;Bela Vista;São Paulo;Casa Verde;;;;;
São Paulo;Jabaquara;Não informado;Não informado;;;;;
São Paulo;Itaquera;São Paulo;Bela Vista;;;;;
São Paulo;República;São Paulo;Limão;;;;;
São Paulo;Vila Prudente;Não informado;Não informado;;;;;
São Paulo;Bela Vista;São Paulo;Limão;;;;;
São Paulo;Tatuapé;São Paulo;República;;;;;
São Paulo;Tucuruvi;São Paulo;Itaquera;;;;;
Porto;Vila Prudente;São Paulo;Itaquera;;;;;
São Paulo;Sé;São Paulo;Bela Vista;;;;;
São Paulo;Ipiranga;São Paulo;Consolação;;;;;
São Paulo;Vila Prudente;São Paulo;Consolação;;;;;
Silveira de Ribeiro;Penha;São Paulo;República;;;;;
São Paulo;Bela Vista;Não informado;Não informado;;;;;
São Paulo;Santana;São Paulo;Higienópolis;;;;;
São Paulo;Lapa;São Paulo;Sé;;;;;
São Paulo;Penha;Não informado;Não informado;;;;;
Diadema;Butantã;Não informado;Não informado;;;;;
São Paulo;Campo Limpo;Não informado;Não informado;;;;;
São Paulo;Vila Prudente;Não informado;Não informado;;;;;
São Paulo;Ipiranga;São Paulo;Consolação;;;;;
São Paulo;Penha;São Paulo;Casa Verde;;;;;
São Paulo;Pinheiros;São Paulo;Sé;;;;;
São Paulo;Ipiranga;Não informado;Não informado;;;;;
São Paulo;Consolação;Não informado;Não informado;;;;;
São Paulo;Consolação;São Paulo;Consolação;;;;;
São Paulo;Lapa;São Paulo;Bela Vista;;;;;
São Paulo;Ipiranga;São Paulo;Casa Verde;;;;;
São Paulo;Limão;São Paulo;Santana;;;;;
São Paulo;Butantã;São Paulo;Sé;;;;;
São Paulo;Higienópolis;Não informado;Não informado;;;;;
São Paulo;Santo Amaro;Não informado;Não informado;;;;;
São Paulo;Santana;Não informado;Não informado;;;;;
São Paulo;Perdizes;Não informado;Não informado;;;;;
Rio Grande da Serra;Lapa;Não informado;Não informado;;;;;
São Bernardo;Sé;Não informado;Não informado;;;;;
São Paulo;Vila Prudente;São Paulo;Bela Vista;;;;;
São Paulo;Limão;São Paulo;Casa Verde;;;;;
São Paulo;Itaquera;São Paulo;Consolação;;;;;
São Paulo;Tucuruvi;Não informado;Não informado;;;;;
São Paulo;Lapa;São Paulo;República;;;;;
São Paulo;Sé;São Paulo;Ipiranga;;;;;
Pinto;Campo Limpo;Não informado;Não informado;;;;;
São Paulo;Casa Verde;São Paulo;Pinheiros;;;;;
Ribeirão Pires;Jabaquara;São Paulo;Higienópolis;;;;;
São Paulo;Santo Amaro;São Paulo;Sé;;;;;
São Paulo;Limão;Não informado;Não informado;;;;;
São Paulo;Santana;Não informado;Não informado;;;;;
São Paulo;Higienópolis;São Paulo;Sé;;;;;
São Paulo;Consolação;São Paulo;Sé;;;;;
Moraes;Santo Amaro;Não informado;Não informado;;;;;
São Paulo;Bela Vista;Não informado;Não informado;;;;;
São Paulo;Vila Prudente;Não informado;Não informado;;;;;
São Paulo;Santo Amaro;São Paulo;Higienópolis;;;;;
São Paulo;Jabaquara;São Paulo;Santana;;;;;
São Paulo;Pinheiros;São Paulo;Santo Amaro;;;;;
São Paulo;Vila Prudente;São Paulo;Tatuapé;;;;;
São Paulo;Jabaquara;Não informado;Não informado;;;;;
São Paulo;Butantã;São Paulo;Casa Verde;;;;;
São Paulo;Bela Vista;São Paulo;Higienópolis;;;;;
São Paulo;Casa Verde;Não informado;Não informado;;;;;
São Paulo;Campo Limpo;Não informado;Não informado;;;;;
São Paulo;República;Não informado;Não informado;;;;;
São Paulo;Lapa;Não informado;Não informado;;;;;
São Paulo;Limão;Não informado;Não informado;;;;;
São Paulo;Tucuruvi;Não informado;Não informado;;;;;
São Paulo;Ipiranga;Não informado;Não informado;;;;;
São Paulo;Vila Prudente;São Paulo;Sé;;;;;
São Paulo;Perdizes;Não informado;Não informado;;;;;
São Paulo;Casa Verde;São Paulo;Consolação;;;;;
São Paulo;Campo Limpo;São Paulo;Consolação;;;;;
São Paulo;Higienópolis;São Paulo;Campo Limpo;;;;;
Pinto do Galho;Casa Verde;São Paulo;Limão;;;;;
São Paulo;Limão;São Paulo;República;;;;;
Diadema;Perdizes;São Paulo;Tucuruvi;;;;;
São Paulo;Sé;São Paulo;República;;;;;
São Paulo;Perdizes;Não informado;Não informado;;;;;
São Paulo;Jabaquara;São Paulo;Bela Vista;;;;;
São Paulo;Ipiranga;Não informado;Não informado;;;;;
São Paulo;Penha;Não informado;Não informado;;;;;
São Paulo;Tucuruvi;Não informado;Não informado;;;;;
São Paulo;Penha;Não informado;Não informado;;;;;
Ribeirão Pires;Perdizes;São Paulo;Consolação;;;;;
Dias;Vila Prudente;São Paulo;Itaquera;;;;;
São Paulo;Tatuapé;Não informado;Não informado;;;;;
São Paulo;Ipiranga;São Paulo;Bela Vista;;;;;
São Paulo;Vila Prudente;São Paulo;Santana;;;;;
São Paulo;Ipiranga;São Paulo;Penha;;;;;
Cavalcanti;Pinheiros;Não informado;Não informado;;;;;
Diadema;Penha;São Paulo;República;;;;;
São Paulo;Casa Verde;Não informado;Não informado;;;;;
São Paulo;Campo Limpo;Não informado;Não informado;;;;;
São Paulo;Tatuapé;Não informado;Não informado;;;;;
São Paulo;Itaquera;São Paulo;Sé;;;;;
São Paulo;Casa Verde;São Paulo;Consolação;;;;;
São Paulo;Ipiranga;Não informado;Não informado;;;;;
São Paulo;Tucuruvi;São Paulo;Sé;;;;;
São Paulo;Pinheiros;São Paulo;Bela Vista;;;;;
São Paulo;Butantã;São Paulo;Perdizes;;;;;
São Paulo;Pinheiros;Não informado;Não informado;;;;;
São Paulo;Limão;São Paulo;Santo Amaro;;;;;
São Paulo;Sé;São Paulo;Limão;;;;;
São Paulo;Vila Prudente;São Paulo;Casa Verde;;;;;
São Paulo;República;São Paulo;Bela Vista;;;;;
São Paulo;Penha;São Paulo;Bela Vista;;;;;
São Paulo;Perdizes;Não informado;Não informado;;;;;
Pinto Grande;República;São Paulo;Tucuruvi;;;;;
Diadema;Centro;São Paulo;Higienópolis;;;;;
São Paulo;Casa Verde;São Paulo;Vila Prudente;;;;;
São Paulo;Higienópolis;São Paulo;Vila Prudente;;;;;
São Paulo;Butantã;Não informado;Não informado;;;;;
São Paulo;Ipiranga;Não informado;Não informado;;;;;
São Paulo;Limão;Não informado;Não informado;;;;;
São Paulo;Butantã;São Paulo;Ipiranga;;;;;
São Paulo;Tucuruvi;São Paulo;Itaquera;;;;;
São Paulo;Casa Verde;Não informado;Não informado;;;;;
São Paulo;Penha;São Paulo;República;;;;;
São Paulo;Lapa;São Paulo;Limão;;;;;
São Paulo;Vila Prudente;Não informado;Não informado;;;;;
São Paulo;Ipiranga;São Paulo;Santana;;;;;
São Paulo;Casa Verde;São Paulo;Bela Vista;;;;;
São Paulo;Casa Verde;Não informado;Não informado;;;;;
São Paulo;Pinheiros;Não informado;Não informado;;;;;
São Paulo;Penha;São Paulo;Sé;;;;;
São Paulo;Jabaquara;Não informado;Não informado;;;;;
São Paulo;Lapa;São Paulo;Higienópolis;;;;;
São Paulo;Limão;São Paulo;Higienópolis;;;;;
São Paulo;Santana;São Paulo;Tucuruvi;;;;;
São Paulo;Pinheiros;São Paulo;Casa Verde;;;;;
São Paulo;Vila Prudente;São Paulo;Sé;;;;;
São Paulo;Lapa;Não informado;Não informado;;;;;
São Paulo;Ipiranga;São Paulo;Consolação;;;;;
São Paulo;República;Não informado;Não informado;;;;;
São Paulo;Campo Limpo;Não informado;Não informado;;;;;
Barbosa de Pires;República;São Paulo;Butantã;;;;;
São Paulo;Consolação;São Paulo;Santana;;;;;
São Paulo;Penha;Não informado;Não informado;;;;;
São Paulo;Campo Limpo;Não informado;Não informado;;;;;
São Paulo;Perdizes;São Paulo;Consolação;;;;;
São Paulo;Vila Prudente;São Paulo;Bela Vista;;;;;
São Paulo;Vila Prudente;São Paulo;Penha;;;;;
São Paulo;Butantã;São Paulo;Consolação;;;;;
São Paulo;Penha;Não informado;Não informado;;;;;
São Paulo;Lapa;São Paulo;República;;;;;
São Paulo;Itaquera;São Paulo;Ipiranga;;;;;
São Paulo;Consolação;São Paulo;Casa Verde;;;;;
Rio Grande da Serra;República;São Paulo;Santana;;;;;
São Paulo;Ipiranga;Não informado;Não informado;;;;;
São Paulo;Higienópolis;São Paulo;Higienópolis;;;;;
São Paulo;República;Não informado;Não informado;;;;;
São Paulo;Jabaquara;Não informado;Não informado;;;;;
São Paulo;Casa Verde;Não informado;Não informado;;;;;
São Paulo;Limão;São Paulo;Bela Vista;;;;;
São Paulo;Perdizes;São Paulo;Bela Vista;;;;;
São Paulo;Casa Verde;São Paulo;Tucuruvi;;;;;
São Paulo;Ipiranga;Não informado;Não informado;;;;;
São Paulo;Pinheiros;Não informado;Não informado;;;;;
São Paulo;Vila Prudente;Não informado;Não informado;;;;;
São Paulo;Penha;São Paulo;Bela Vista;;;;;
São Paulo;Sé;São Paulo;Higienópolis;;;;;
São Paulo;Bela Vista;São Paulo;Perdizes;;;;;
São Paulo;Butantã;Não informado;Não informado;;;;;
São Paulo;Penha;São Paulo;Higienópolis;;;;;
São Paulo;Butantã;São Paulo;Consolação;;;;;
São Paulo;Tucuruvi;Não informado;Não informado;;;;;
São Paulo;Casa Verde;Não informado;Não informado;;;;;
São Paulo;Lapa;Não informado;Não informado;;;;;
São Paulo;Lapa;São Paulo;Butantã;;;;;
São Paulo;Sé;São Paulo;Higienópolis;;;;;
São Paulo;Pinheiros;São Paulo;Bela Vista;;;;;
São Paulo;Penha;São Paulo;Campo Limpo;;;;;
São Paulo;Tucuruvi;São Paulo;Higienópolis;;;;;
São Paulo;Jabaquara;São Paulo;Perdizes;;;;;
Cavalcanti;Sé;São Paulo;República;;;;;
São Paulo;Higienópolis;Não informado;Não informado;;;;;
São Paulo;Higienópolis;Não informado;Não informado;;;;;
São Paulo;Itaquera;São Paulo;Santana;;;;;
São Paulo;Tatuapé;São Paulo;Casa Verde;;;;;
São Paulo;Penha;Não informado;Não informado;;;;;
São Paulo;Perdizes;Não informado;Não informado;;;;;
São Paulo;Tucuruvi;Não informado;Não informado;;;;;
São Paulo;Santana;São Paulo;Consolação;;;;;
São Paulo;Butantã;Não informado;Não informado;;;;;
São Paulo;Tatuapé;São Paulo;Casa Verde;;;;;
São Paulo;Higienópolis;São Paulo;Bela Vista;;;;;
São Paulo;Lapa;São Paulo;República;;;;;
Suzano;Itaquera;São Paulo;Bela Vista;;;;;
São Paulo;Lapa;Não informado;Não informado;;;;;
São Paulo;Higienópolis;São Paulo;República;;;;;
São Paulo;Sé;Não informado;Não informado;;;;;
São Paulo;Itaquera;São Paulo;República;;;;;
São Paulo;Perdizes;São Paulo;Limão;;;;;
São Paulo;Penha;São Paulo;República;;;;;
São Paulo;Butantã;Não informado;Não informado;;;;;
São Paulo;Perdizes;São Paulo;Consolação;;;;;
São Paulo;Lapa;São Paulo;Campo Limpo;;;;;
São Paulo;Itaquera;Não informado;Não informado;;;;;
São Paulo;Limão;São Paulo;Limão;;;;;
São Paulo;Ipiranga;São Paulo;Casa Verde;;;;;
São Paulo;Itaquera;Não informado;Não informado;;;;;
São Paulo;Jabaquara;Não informado;Não informado;;;;;
São Paulo;Tatuapé;Não informado;Não informado;;;;;
São Paulo;Butantã;Não informado;Não informado;;;;;
São Paulo;Jabaquara;São Paulo;Penha;;;;;
São Paulo;Higienópolis;Não informado;Não informado;;;;;
São Paulo;Santo Amaro;São Paulo;Penha;;;;;
São Paulo;Perdizes;Não informado;Não informado;;;;;
São Paulo;Consolação;São Paulo;Consolação;;;;;
Ribeirão Pires;Casa Verde;Não informado;Não informado;;;;;
São Paulo;Campo Limpo;São Paulo;Sé;;;;;
São Paulo;Campo Limpo;São Paulo;Higienópolis;;;;;
São Paulo;Santo Amaro;Não informado;Não informado;;;;;
Ribeiro;Ipiranga;São Paulo;Bela Vista;;;;;
São Paulo;Itaquera;Não informado;Não informado;;;;;
São Paulo;Bela Vista;São Paulo;Bela Vista;;;;;
Lima de Goi√°s;Santo Amaro;São Paulo;Consolação;;;;;
São Paulo;Itaquera;São Paulo;Higienópolis;;;;;
São Paulo;Pinheiros;São Paulo;Consolação;;;;;
São Paulo;República;São Paulo;República;;;;;
São Paulo;Ipiranga;Não informado;Não informado;;;;;
São Paulo;Bela Vista;Não informado;Não informado;;;;;
São Paulo;Itaquera;São Paulo;Casa Verde;;;;;
São Paulo;Limão;São Paulo;Casa Verde;;;;;
São Paulo;Campo Limpo;Não informado;Não informado;;;;;
São Paulo;República;São Paulo;Casa Verde;;;;;
São Paulo;Tucuruvi;São Paulo;Bela Vista;;;;;
Ribeirão Pires;Butantã;Não informado;Não informado;;;;;
São Paulo;Higienópolis;São Paulo;Consolação;;;;;
São Paulo;Higienópolis;São Paulo;Ipiranga;;;;;
São Paulo;Penha;Não informado;Não informado;;;;;
São Paulo;Penha;Não informado;Não informado;;;;;
São Paulo;Campo Limpo;Não informado;Não informado;;;;;
São Paulo;Santana;São Paulo;Bela Vista;;;;;
São Paulo;Ipiranga;São Paulo;Consolação;;;;;
Osasco;Santo Amaro;São Paulo;Consolação;;;;;
São Paulo;República;Não informado;Não informado;;;;;
São Paulo;Consolação;São Paulo;Santana;;;;;
São Paulo;Tucuruvi;São Paulo;Higienópolis;;;;;
Fernandes;Perdizes;São Paulo;Bela Vista;;;;;
Suzano;Lapa;Não informado;Não informado;;;;;
São Paulo;Tatuapé;São Paulo;Sé;;;;;
São Paulo;Higienópolis;São Paulo;Bela Vista;;;;;
São Paulo;Vila Prudente;Não informado;Não informado;;;;;
São Paulo;Santo Amaro;Não informado;Não informado;;;;;
São Paulo;Casa Verde;Não informado;Não informado;;;;;
São Paulo;Tatuapé;São Paulo;Higienópolis;;;;;
São Paulo;Perdizes;São Paulo;Sé;;;;;
Mauá;Ipiranga;Não informado;Não informado;;;;;
São Paulo;Santana;São Paulo;Consolação;;;;;
Lopes;Bela Vista;São Paulo;Higienópolis;;;;;
São Paulo;Santo Amaro;São Paulo;Bela Vista;;;;;
Diadema;Ipiranga;São Paulo;Vila Prudente;;;;;
São Paulo;Limão;São Paulo;Bela Vista;;;;;
São Paulo;Campo Limpo;Não informado;Não informado;;;;;
São Paulo;Penha;Não informado;Não informado;;;;;
São Paulo;Santana;Não informado;Não informado;;;;;
São Paulo;Tatuapé;São Paulo;Higienópolis;;;;;
São Paulo;Santana;São Paulo;Consolação;;;;;
São Paulo;Consolação;Não informado;Não informado;;;;;
Diadema;Limão;Não informado;Não informado;;;;;
Santo André;Consolação;São Paulo;Bela Vista;;;;;
São Paulo;Santana;Não informado;Não informado;;;;;
São Paulo;Santana;São Paulo;Penha;;;;;
São Paulo;Santana;Não informado;Não informado;;;;;
São Paulo;Limão;São Paulo;Bela Vista;;;;;
Gon√ßalves Paulista;Santo Amaro;São Paulo;Butantã;;;;;
São Paulo;Higienópolis;São Paulo;República;;;;;
São Paulo;Tucuruvi;São Paulo;Santo Amaro;;;;;
São Paulo;Limão;São Paulo;Sé;;;;;
São Paulo;Consolação;São Paulo;Higienópolis;;;;;
São Paulo;Limão;São Paulo;Penha;;;;;
Carvalho;Limão;São Paulo;Limão;;;;;
São Paulo;República;São Paulo;Jabaquara;;;;;
São Paulo;Casa Verde;Não informado;Não informado;;;;;
São Paulo;Santo Amaro;São Paulo;Penha;;;;;
São Paulo;Ipiranga;Não informado;Não informado;;;;;
São Paulo;Jabaquara;São Paulo;Casa Verde;;;;;
São Paulo;Lapa;Não informado;Não informado;;;;;
Diadema;Santana;Não informado;Não informado;;;;;
São Paulo;Consolação;São Paulo;Higienópolis;;;;;
São Paulo;Campo Limpo;Não informado;Não informado;;;;;
São Paulo;Tatuapé;Não informado;Não informado;;;;;
Diadema;Centro;São Paulo;Higienópolis;;;;;
São Paulo;Bela Vista;São Paulo;Sé;;;;;
São Paulo;Casa Verde;Não informado;Não informado;;;;;
São Paulo;Consolação;São Paulo;Higienópolis;;;;;
São Paulo;Vila Prudente;São Paulo;Consolação;;;;;
São Paulo;Higienópolis;São Paulo;Jabaquara;;;;;
São Paulo;Itaquera;São Paulo;Bela Vista;;;;;
São Paulo;Penha;São Paulo;Bela Vista;;;;;
São Paulo;Higienópolis;Não informado;Não informado;;;;;
São Paulo;Santo Amaro;Não informado;Não informado;;;;;
São Paulo;Santo Amaro;São Paulo;Higienópolis;;;;;
São Paulo;Ipiranga;Não informado;Não informado;;;;;
São Paulo;Campo Limpo;Não informado;Não informado;;;;;
São Paulo;Consolação;São Paulo;Bela Vista;;;;;
São Paulo;Limão;São Paulo;República;;;;;
São Paulo;Pinheiros;Não informado;Não informado;;;;;
Lima;República;Não informado;Não informado;;;;;
São Paulo;Limão;São Paulo;Higienópolis;;;;;
São Paulo;Campo Limpo;São Paulo;Higienópolis;;;;;
São Paulo;Santo Amaro;São Paulo;Sé;;;;;
São Paulo;República;Não informado;Não informado;;;;;
São Paulo;Vila Prudente;Não informado;Não informado;;;;;
São Paulo;Ipiranga;São Paulo;Consolação;;;;;
São Paulo;Lapa;São Paulo;Casa Verde;;;;;
São Paulo;Ipiranga;São Paulo;Consolação;;;;;
São Paulo;Sé;São Paulo;República;;;;;
São Paulo;Tucuruvi;Não informado;Não informado;;;;;
São Paulo;Vila Prudente;Não informado;Não informado;;;;;
São Paulo;Limão;São Paulo;República;;;;;
São Paulo;Lapa;São Paulo;Bela Vista;;;;;
São Paulo;Perdizes;São Paulo;Sé;;;;;
São Paulo;Higienópolis;São Paulo;Tucuruvi;;;;;
São Paulo;Penha;Não informado;Não informado;;;;;
São Paulo;Sé;São Paulo;Higienópolis;;;;;
São Paulo;Santana;São Paulo;Penha;;;;;
São Paulo;Casa Verde;São Paulo;Consolação;;;;;
São Paulo;Casa Verde;Não informado;Não informado;;;;;
São Paulo;Jabaquara;São Paulo;Higienópolis;;;;;
Suzano;Tucuruvi;São Paulo;Consolação;;;;;
São Paulo;Ipiranga;São Paulo;República;;;;;
São Paulo;Itaquera;São Paulo;Bela Vista;;;;;
São Paulo;Higienópolis;São Paulo;Bela Vista;;;;;
São Paulo;Itaquera;São Paulo;Bela Vista;;;;;
São Paulo;Jabaquara;São Paulo;Consolação;;;;;
São Paulo;República;Não informado;Não informado;;;;;
São Paulo;Casa Verde;São Paulo;Higienópolis;;;;;
São Paulo;Tucuruvi;Não informado;Não informado;;;;;
São Paulo;Casa Verde;Não informado;Não informado;;;;;
São Paulo;Bela Vista;São Paulo;República;;;;;
São Paulo;Tatuapé;São Paulo;Consolação;;;;;
Foga√ßa do Campo;Penha;Não informado;Não informado;;;;;
Correia do Norte;Vila Prudente;Não informado;Não informado;;;;;
São Paulo;Itaquera;Não informado;Não informado;;;;;
São Paulo;Vila Prudente;São Paulo;Consolação;;;;;
São Paulo;Santana;São Paulo;Sé;;;;;
São Paulo;Pinheiros;São Paulo;Itaquera;;;;;
São Paulo;Sé;São Paulo;Santana;;;;;
São Paulo;Tatuapé;São Paulo;República;;;;;
São Paulo;Jabaquara;Não informado;Não informado;;;;;
São Paulo;Lapa;Não informado;Não informado;;;;;
São Paulo;Itaquera;São Paulo;Santana;;;;;
São Paulo;Vila Prudente;Não informado;Não informado;;;;;
São Paulo;Campo Limpo;São Paulo;República;;;;;
São Paulo;Limão;São Paulo;República;;;;;
Diadema;Limão;Não informado;Não informado;;;;;
São Paulo;Butantã;Não informado;Não informado;;;;;
São Paulo;Limão;São Paulo;Perdizes;;;;;
São Paulo;Jabaquara;Não informado;Não informado;;;;;
São Paulo;Vila Prudente;Não informado;Não informado;;;;;
São Paulo;Tucuruvi;Não informado;Não informado;;;;;
São Paulo;Ipiranga;São Paulo;República;;;;;
São Paulo;Sé;Não informado;Não informado;;;;;
São Paulo;Tucuruvi;São Paulo;Vila Prudente;;;;;
São Paulo;Lapa;São Paulo;Bela Vista;;;;;
São Paulo;Limão;São Paulo;Bela Vista;;;;;
Caldeira do Norte;Vila Prudente;São Paulo;Bela Vista;;;;;
São Bernardo;Campo Limpo;São Paulo;Vila Prudente;;;;;
São Paulo;Sé;São Paulo;Itaquera;;;;;
São Paulo;Jabaquara;São Paulo;Lapa;;;;;
São Paulo;República;Não informado;Não informado;;;;;
São Paulo;Casa Verde;Não informado;Não informado;;;;;
São Paulo;Perdizes;São Paulo;Tucuruvi;;;;;
São Paulo;Sé;Não informado;Não informado;;;;;
São Paulo;Higienópolis;Não informado;Não informado;;;;;
São Paulo;Ipiranga;São Paulo;Tucuruvi;;;;;
São Paulo;Limão;Não informado;Não informado;;;;;
São Paulo;Sé;São Paulo;Sé;;;;;
São Paulo;Tucuruvi;São Paulo;Consolação;;;;;
São Paulo;Casa Verde;Não informado;Não informado;;;;;
São Paulo;Ipiranga;Não informado;Não informado;;;;;
São Paulo;Lapa;São Paulo;Consolação;;;;;
São Paulo;Santo Amaro;São Paulo;Bela Vista;;;;;
São Paulo;Tucuruvi;São Paulo;Bela Vista;;;;;
São Paulo;Ipiranga;Não informado;Não informado;;;;;
São Paulo;Lapa;São Paulo;Limão;;;;;
São Paulo;Limão;Não informado;Não informado;;;;;
São Paulo;República;Não informado;Não informado;;;;;
Moura;Butantã;Não informado;Não informado;;;;;
São Paulo;Perdizes;Não informado;Não informado;;;;;
Moreira;Pinheiros;São Paulo;Higienópolis;;;;;
Ribeirão Pires;Ipiranga;Não informado;Não informado;;;;;
Ribeirão Pires;Itaquera;Não informado;Não informado;;;;;
São Paulo;Casa Verde;São Paulo;Higienópolis;;;;;
São Paulo;Vila Prudente;São Paulo;Higienópolis;;;;;
São Paulo;Butantã;Não informado;Não informado;;;;;
São Paulo;Limão;Não informado;Não informado;;;;;
São Paulo;Butantã;São Paulo;Higienópolis;;;;;
São Paulo;Lapa;Não informado;Não informado;;;;;
São Paulo;Tucuruvi;São Paulo;Perdizes;;;;;
São Paulo;Itaquera;São Paulo;Casa Verde;;;;;
São Paulo;Bela Vista;Não informado;Não informado;;;;;
São Paulo;República;São Paulo;Consolação;;;;;
São Paulo;Perdizes;Não informado;Não informado;;;;;
São Paulo;Perdizes;São Paulo;Penha;;;;;
São Paulo;Sé;São Paulo;Santana;;;;;
São Paulo;Butantã;São Paulo;Sé;;;;;
São Paulo;Consolação;São Paulo;Tucuruvi;;;;;
São Paulo;República;São Paulo;Penha;;;;;
São Paulo;Santo Amaro;São Paulo;Higienópolis;;;;;
São Paulo;Perdizes;Não informado;Não informado;;;;;
São Paulo;Limão;São Paulo;Sé;;;;;
São Paulo;Limão;São Paulo;Higienópolis;;;;;
Ferreira;Tucuruvi;São Paulo;Vila Prudente;;;;;
São Paulo;Butantã;São Paulo;Vila Prudente;;;;;
São Paulo;República;São Paulo;Bela Vista;;;;;
São Paulo;Sé;São Paulo;Santana;;;;;
São Paulo;Itaquera;São Paulo;República;;;;;
São Paulo;Consolação;São Paulo;Sé;;;;;
São Paulo;Bela Vista;Não informado;Não informado;;;;;
São Paulo;Bela Vista;São Paulo;Sé;;;;;
São Paulo;Penha;São Paulo;Campo Limpo;;;;;
São Paulo;República;São Paulo;Santana;;;;;
São Paulo;Butantã;São Paulo;Consolação;;;;;
Rocha Alegre;Consolação;São Paulo;Jabaquara;;;;;
São Paulo;Bela Vista;São Paulo;Consolação;;;;;
São Paulo;Limão;São Paulo;Higienópolis;;;;;
São Paulo;Sé;Não informado;Não informado;;;;;
São Paulo;Perdizes;Não informado;Não informado;;;;;
São Paulo;Campo Limpo;Não informado;Não informado;;;;;
São Paulo;Limão;São Paulo;Bela Vista;;;;;
São Paulo;Bela Vista;São Paulo;Bela Vista;;;;;
São Paulo;Penha;São Paulo;Itaquera;;;;;
São Paulo;Santana;Não informado;Não informado;;;;;
São Paulo;Campo Limpo;Não informado;Não informado;;;;;
São Paulo;Itaquera;São Paulo;República;;;;;
São Paulo;Campo Limpo;Não informado;Não informado;;;;;
São Paulo;Higienópolis;São Paulo;Santo Amaro;;;;;
São Paulo;Casa Verde;São Paulo;Itaquera;;;;;
São Paulo;Tucuruvi;Não informado;Não informado;;;;;
São Paulo;Butantã;Não informado;Não informado;;;;;
São Paulo;Vila Prudente;Não informado;Não informado;;;;;
São Paulo;Lapa;São Paulo;República;;;;;
São Paulo;Penha;Não informado;Não informado;;;;;
São Paulo;Jabaquara;Não informado;Não informado;;;;;
São Paulo;Consolação;São Paulo;Tatuapé;;;;;
São Paulo;Ipiranga;São Paulo;Consolação;;;;;
São Paulo;Perdizes;São Paulo;Bela Vista;;;;;
São Paulo;Sé;Não informado;Não informado;;;;;
São Paulo;Santo Amaro;São Paulo;Consolação;;;;;
Castro de Goi√°s;Ipiranga;São Paulo;Tatuapé;;;;;
São Paulo;Higienópolis;São Paulo;Consolação;;;;;
Lima;Santana;Não informado;Não informado;;;;;
São Paulo;Tucuruvi;São Paulo;República;;;;;
São Paulo;Limão;São Paulo;Tatuapé;;;;;
São Paulo;Tatuapé;Não informado;Não informado;;;;;
São Paulo;Limão;Não informado;Não informado;;;;;
São Paulo;Bela Vista;Não informado;Não informado;;;;;
São Paulo;Pinheiros;Não informado;Não informado;;;;;
São Paulo;Casa Verde;Não informado;Não informado;;;;;
São Paulo;Ipiranga;São Paulo;Sé;;;;;
São Paulo;Campo Limpo;Não informado;Não informado;;;;;
São Paulo;Tatuapé;São Paulo;República;;;;;
São Paulo;Limão;São Paulo;Sé;;;;;
São Paulo;Santana;São Paulo;Santana;;;;;
São Paulo;Itaquera;Não informado;Não informado;;;;;
São Paulo;Penha;São Paulo;Consolação;;;;;
São Paulo;Tatuapé;São Paulo;Casa Verde;;;;;
São Paulo;Higienópolis;São Paulo;Tucuruvi;;;;;
Santo André;Jabaquara;São Paulo;Santana;;;;;
São Paulo;Consolação;Não informado;Não informado;;;;;
São Paulo;Tatuapé;São Paulo;Sé;;;;;
São Paulo;Itaquera;Não informado;Não informado;;;;;
São Paulo;Tatuapé;São Paulo;Sé;;;;;
São Paulo;Santana;Não informado;Não informado;;;;;
Fernandes do Amparo;Bela Vista;São Paulo;Itaquera;;;;;
São Paulo;Lapa;São Paulo;República;;;;;
São Paulo;Santana;São Paulo;Vila Prudente;;;;;
Diadema;Lapa;São Paulo;Consolação;;;;;
São Paulo;Vila Prudente;Não informado;Não informado;;;;;
São Paulo;Tatuapé;São Paulo;Higienópolis;;;;;
São Paulo;Sé;São Paulo;Santana;;;;;
São Paulo;Perdizes;São Paulo;Bela Vista;;;;;
São Paulo;Lapa;Não informado;Não informado;;;;;
São Paulo;Casa Verde;Não informado;Não informado;;;;;
São Paulo;Perdizes;Não informado;Não informado;;;;;
São Paulo;Ipiranga;Não informado;Não informado;;;;;
São Paulo;Sé;São Paulo;Casa Verde;;;;;
São Paulo;Limão;Não informado;Não informado;;;;;
São Paulo;Perdizes;Não informado;Não informado;;;;;
São Paulo;Perdizes;São Paulo;Jabaquara;;;;;
São Paulo;Campo Limpo;São Paulo;Tucuruvi;;;;;
São Paulo;Vila Prudente;São Paulo;Tucuruvi;;;;;
São Paulo;Ipiranga;São Paulo;República;;;;;
São Paulo;Jabaquara;Não informado;Não informado;;;;;
São Paulo;Santana;São Paulo;Consolação;;;;;
São Paulo;Perdizes;Não informado;Não informado;;;;;
São Paulo;Lapa;Não informado;Não informado;;;;;
São Paulo;Tatuapé;São Paulo;Butantã;;;;;
São Paulo;Butantã;São Paulo;Sé;;;;;
São Paulo;Vila Prudente;São Paulo;Campo Limpo;;;;;
São Paulo;Bela Vista;São Paulo;República;;;;;
São Paulo;Vila Prudente;Não informado;Não informado;;;;;
São Paulo;Lapa;São Paulo;Santana;;;;;
São Paulo;República;São Paulo;Sé;;;;;
Osasco;Penha;São Paulo;Vila Prudente;;;;;
São Paulo;Consolação;São Paulo;Penha;;;;;
São Paulo;Tucuruvi;São Paulo;Higienópolis;;;;;
São Paulo;Lapa;São Paulo;Higienópolis;;;;;
Correia;Casa Verde;São Paulo;Consolação;;;;;
São Paulo;Butantã;São Paulo;Penha;;;;;
São Paulo;Bela Vista;Não informado;Não informado;;;;;
São Paulo;Tatuapé;Não informado;Não informado;;;;;
São Paulo;República;Não informado;Não informado;;;;;
São Paulo;Sé;São Paulo;Sé;;;;;
São Paulo;Pinheiros;Não informado;Não informado;;;;;
São Paulo;Consolação;Não informado;Não informado;;;;;
São Paulo;Consolação;Não informado;Não informado;;;;;
Rocha;Perdizes;São Paulo;República;;;;;
São Paulo;Butantã;São Paulo;Vila Prudente;;;;;
São Paulo;Higienópolis;Não informado;Não informado;;;;;
Martins do Amparo;Itaquera;São Paulo;Tatuapé;;;;;
São Paulo;Santo Amaro;São Paulo;Bela Vista;;;;;
São Paulo;Penha;São Paulo;Ipiranga;;;;;
Diadema;Lapa;São Paulo;República;;;;;
São Paulo;Higienópolis;Não informado;Não informado;;;;;
São Paulo;Santana;Não informado;Não informado;;;;;
São Paulo;Pinheiros;São Paulo;Tatuapé;;;;;
São Paulo;Sé;São Paulo;Consolação;;;;;
São Paulo;Santana;Não informado;Não informado;;;;;
São Paulo;Perdizes;São Paulo;República;;;;;
São Paulo;Limão;São Paulo;República;;;;;
São Paulo;Tatuapé;São Paulo;Itaquera;;;;;
São Paulo;Sé;São Paulo;Casa Verde;;;;;
São Paulo;Sé;São Paulo;Tucuruvi;;;;;
São Paulo;Butantã;São Paulo;Campo Limpo;;;;;
São Paulo;Campo Limpo;São Paulo;Bela Vista;;;;;
São Paulo;República;São Paulo;Tucuruvi;;;;;
São Paulo;Ipiranga;Não informado;Não informado;;;;;
São Paulo;Vila Prudente;São Paulo;Santo Amaro;;;;;
São Paulo;Higienópolis;Não informado;Não informado;;;;;
São Paulo;Sé;Não informado;Não informado;;;;;
São Paulo;Higienópolis;Não informado;Não informado;;;;;
São Paulo;Tatuapé;São Paulo;Limão;;;;;
São Paulo;Butantã;São Paulo;Casa Verde;;;;;
São Paulo;Sé;Não informado;Não informado;;;;;
São Paulo;Itaquera;Não informado;Não informado;;;;;
São Paulo;Vila Prudente;São Paulo;Sé;;;;;
São Paulo;Tucuruvi;São Paulo;Campo Limpo;;;;;
São Paulo;Bela Vista;São Paulo;Consolação;;;;;
São Paulo;Vila Prudente;São Paulo;Higienópolis;;;;;
São Paulo;Santana;São Paulo;Consolação;;;;;
Ribeirão Pires;Limão;São Paulo;Higienópolis;;;;;
São Paulo;Jabaquara;Não informado;Não informado;;;;;
São Paulo;Tucuruvi;São Paulo;Bela Vista;;;;;
São Paulo;Pinheiros;São Paulo;Consolação;;;;;
São Paulo;Limão;Não informado;Não informado;;;;;
São Paulo;Vila Prudente;São Paulo;Bela Vista;;;;;
São Paulo;Consolação;Não informado;Não informado;;;;;
São Paulo;Sé;São Paulo;Sé;;;;;
São Paulo;República;São Paulo;Perdizes;;;;;
São Paulo;Limão;Não informado;Não informado;;;;;
São Paulo;Pinheiros;Não informado;Não informado;;;;;
São Paulo;Tucuruvi;Não informado;Não informado;;;;;
São Paulo;Santo Amaro;São Paulo;República;;;;;
São Paulo;Tucuruvi;São Paulo;Tucuruvi;;;;;
São Paulo;Itaquera;São Paulo;Itaquera;;;;;
Diadema;Santana;São Paulo;Tucuruvi;;;;;
São Paulo;Perdizes;São Paulo;República;;;;;
São Paulo;Penha;São Paulo;Sé;;;;;
São Paulo;Tucuruvi;Não informado;Não informado;;;;;
São Paulo;Sé;Não informado;Não informado;;;;;
Diadema;Butantã;São Paulo;Jabaquara;;;;;
São Paulo;Pinheiros;São Paulo;Higienópolis;;;;;
Rio Grande da Serra;Campo Limpo;São Paulo;Higienópolis;;;;;
São Paulo;Itaquera;São Paulo;Consolação;;;;;
São Paulo;Consolação;Não informado;Não informado;;;;;
São Paulo;Santana;Não informado;Não informado;;;;;
Carvalho do Amparo;Pinheiros;São Paulo;Sé;;;;;
São Paulo;Santana;São Paulo;República;;;;;
São Paulo;República;São Paulo;Consolação;;;;;
São Paulo;República;São Paulo;Higienópolis;;;;;
São Paulo;Butantã;São Paulo;Consolação;;;;;
São Paulo;Lapa;São Paulo;Consolação;;;;;
Barbosa do Sul;Ipiranga;São Paulo;Butantã;;;;;
São Paulo;Bela Vista;São Paulo;Sé;;;;;
São Paulo;Santo Amaro;São Paulo;Limão;;;;;
São Paulo;Santana;Não informado;Não informado;;;;;
São Paulo;Campo Limpo;Não informado;Não informado;;;;;
São Paulo;Ipiranga;Não informado;Não informado;;;;;
São Paulo;Perdizes;São Paulo;Sé;;;;;
São Paulo;Casa Verde;Não informado;Não informado;;;;;
São Paulo;Ipiranga;São Paulo;Penha;;;;;
São Paulo;Butantã;Não informado;Não informado;;;;;
São Paulo;República;Não informado;Não informado;;;;;
São Paulo;Vila Prudente;Não informado;Não informado;;;;;
São Paulo;Ipiranga;Não informado;Não informado;;;;;
São Paulo;Santo Amaro;Não informado;Não informado;;;;;
São Paulo;Itaquera;Não informado;Não informado;;;;;
São Paulo;Bela Vista;São Paulo;Itaquera;;;;;
São Paulo;Pinheiros;Não informado;Não informado;;;;;
São Paulo;Consolação;São Paulo;Tucuruvi;;;;;
São Paulo;Jabaquara;Não informado;Não informado;;;;;
São Paulo;Santo Amaro;São Paulo;Consolação;;;;;
São Paulo;Higienópolis;Não informado;Não informado;;;;;
Osasco;Casa Verde;Não informado;Não informado;;;;;
São Paulo;Tatuapé;São Paulo;Lapa;;;;;
São Paulo;Penha;São Paulo;Higienópolis;;;;;
São Paulo;Itaquera;Não informado;Não informado;;;;;
São Paulo;Penha;São Paulo;Limão;;;;;
Martins;Santana;Não informado;Não informado;;;;;
São Paulo;Limão;Não informado;Não informado;;;;;
São Paulo;Sé;São Paulo;Perdizes;;;;;
São Paulo;Ipiranga;São Paulo;Bela Vista;;;;;
São Paulo;Jabaquara;São Paulo;República;;;;;
Duarte do Sul;Higienópolis;Não informado;Não informado;;;;;
São Paulo;República;Não informado;Não informado;;;;;
São Paulo;Butantã;São Paulo;Higienópolis;;;;;
São Paulo;Campo Limpo;São Paulo;Bela Vista;;;;;
São Paulo;Jabaquara;São Paulo;Sé;;;;;
São Paulo;Ipiranga;Não informado;Não informado;;;;;
São Paulo;Higienópolis;São Paulo;República;;;;;
São Paulo;Penha;Não informado;Não informado;;;;;
São Paulo;Penha;São Paulo;República;;;;;
São Paulo;Higienópolis;Não informado;Não informado;;;;;
São Paulo;Perdizes;São Paulo;Bela Vista;;;;;
São Paulo;Tatuapé;São Paulo;Consolação;;;;;
São Paulo;Santo Amaro;Não informado;Não informado;;;;;
São Paulo;Pinheiros;Não informado;Não informado;;;;;
São Paulo;Jabaquara;São Paulo;Bela Vista;;;;;
São Paulo;Casa Verde;São Paulo;Sé;;;;;